#;;;;;;;;;;;;;x
COLONIAL_RANGE;Колониальный диапазон: §G+$VAL$§W;Portee coloniale : §G+$VAL$§W;Kolonialreichweite: §G+$VAL$§W;;Alcance colonial: §G+$VAL$§W;;;;;;;;;x;
MODIFIER_LOCAL_SHIP_BUILD;Время постройки местного корабля;Delai de construction de navire;Lokale Schiffsbauzeit;;Tiempo de construccion de barco en la zona;;;;;;;;;x;
CB_ALLOWED_ANNEX;Разрешить аннексию;Autoriser l'annexion;Annektierung erlauben;;Permitir anexion;;;;;;;;;x;
CB_ALLOWED_ADD_TO_SPHERE;Добавить в сферу;Ajouter a la sphere;Zu Sphare hinzufugen;;Anadir a la esfera;;;;;;;;;x;
CB_ALLOWED_RELEASE_PUPPET;Освобождение вассала;Liberation d'un Etat fantoche;Entlassung von Marionettenstaat;;Liberacion de titere;;;;;;;;;x;
CB_ALLOWED_STATUS_QUO;Возврат к статус-кво;Retour au statu quo;Ruckkehr zum Status Quo;;Volver al 'Statu Quo'.;;;;;;;;;x;
CB_ALLOWED_TRANSFER_PROVINCES;Передача провинций;Transfert des provinces;Ubertragung von Provinzen;;Transferencia de provincias;;;;;;;;;x;
CB_ALLOWED_PRESTIGE;Снижение престижа;Diminution du prestige;Prestige-Reduzierung;;Reduccion de prestigio;;;;;;;;;x;
CB_ALLOWED_CONCESSION;Признать поражение;Conceder la defaite;Niederlage eingestehen;;Admitir derrota;;;;;;;;;x;
MAINTENANCE_DESC;Потребность в товарах для технического обслуживания:;Besoin en materiaux pour la maintenance :;Benotigte Instandhaltungsguter:;;Bienes de mantenimiento necesarios:;;;;;;;;;x;
MISSING_MAINTENANCE;Выпуск продукции снижен до §R$PERC$§W, поскольку на фабрике отсутствуют товары для технического обслуживания;La production est reduite a §R$PERC$§W, car l'usine manque de materiaux pour la maintenance.;Leistung wird auf §R$PERC$§W reduziert, da es der Fabrik an Instandhaltungsgutern fehlt.;;La produccion se ha reducido hasta un §R$PERC$§W, ya que a la fabrica le faltan bienes de mantenimiento;;;;;;;;;x;
PROCEED;Продолжить;Accepter;Fortfahren;;Proceder;;;;;;;;;x;
ENDGAME_HEADLINE;Игра закончена;Game Over;Das Spiel ist jetzt zu Ende;;Fin de la partida;;;;;;;;;x;
ENDGAME_DESC;Прошли века, мир стал совсем другим. В будущем несколько поколений будут знать историю вашего народа и ваших завоеваний. Теперь мы в новой эпохе.;Cent ans ont passe et nous sommes entres dans une ere moderne. Le monde est un endroit radicalement different, comment cela s'est-il  passe pour votre pays ?;Einhundert bedeutsame Jahre sind vergangen und die Neuzeit ist jetzt angebrochen. Die Welt hat sich radikal verandert, wie ist es Ihrem Land ergangen?;;Ha transcurrido un centenar de anos transcendentales y hemos entrado en la era moderna. El mundo es lugar radicalmente distinto, їcomo le ha ido a tu pais?;;;;;;;;;x;
NEEDS_BOUGHT;Предполагаемые потребности на сегодня:;Estimation des besoins pour aujourd'hui :;Geschatzte heutige Bedurfnisse:;;Necesidades estimadas para hoy:;;;;;;;;;x;
TOTAL_NEEDS_BOUGHT;Оценочная стоимость потребностей:;Estimation du cout des besoins:;Kosten der geschatzten Bedurfnisse:;;Coste de necesidades estimadas:;;;;;;;;;x;
TOTAL_SOLD_FOR;Вчера мы произвели $NUM$ §Y$GOOD$§W, которые были проданы за $CASH$¤;Hier, nous avons produit $NUM$ §Y$GOOD$§W qui se sont vendus pour $CASH$¤;Gestern haben wir $NUM$ §Y$GOOD$§W produziert, die fur $CASH$¤ verkauft wurden;;Ayer produjimos $NUM$ §Y$GOOD$§W, que vendimos por $CASH$¤;;;;;;;;;x;
COULDNT_AFFORD;Мануфактура не могла позволить себе купить все свои ресурсы вчера;Hier, l'usine ne pouvait pas se permettre d'acheter toutes ses matieres premieres.;Die Fabrik hatte gestern nicht genug Geld um alle notigen Inputguter zu kaufen;;Ayer, la fabrica no pudo comprar todos sus recursos;;;;;;;;;x;
INPUT_LACKING;На рынке недостаточно §Y$GOOD$§W для удовлетворения потребностей производства.;Il n'y a pas assez de §Y$GOOD$§W sur le marche pour satisfaire les besoins en matieres premieres de l'usine.;Es gibt nicht genug §Y$GOOD$§W auf dem Markt um alle Inputguter fur die Fabrik zu befriedigen;;No hay suficiente §Y$GOOD$§W en el mercado para satisfacer los recursos que necesita la fabrica;;;;;;;;;x;
OUTPUT_WASTED;$NUM$ из $PRODUCED$ §Y$GOOD$§W вчера не были проданы;$NUM$ de $PRODUCED$ §Y$GOOD$§W n'ont pas ete vendus hier.;Gestern wurden $NUM$ von $PRODUCED$ §Y$GOOD$§W nicht verkauft;;$NUM$ de lo(a)s $PRODUCED$ §Y$GOOD$§W no se vendieron ayer;;;;;;;;;x;
TRADE_CONFIRM_DESC;Если мы начнем торговлю вручную, нам, возможно, придется брать кредиты, чтобы позволить себе покупки.;Mettre le commerce en manuel, signifie que nous pourrions avoir a prendre des prets pour payer les achats.;Mit einer manuellen Handelsorder kann es passieren, dass wir Kredite aufnehmen um die Einkaufe zu tatigen;;Fijar un comercio manual significa que podemos acabar pidiendo prestamos para hacer compras.;;;;;;;;;x;
BUDGET_TAX_EFFICIENCY;Налоговая эффективность: §Y$VALUE$%§W;Efficacite fiscale : §Y$VALUE$%§W;Steuereffizienz: §Y$VALUE$%§W;;Eficacia impositiva: §Y$VALUE$%§W;;;;;;;;;x;
BUDGET_TAX_EFFECT;Эффективный налог: §Y$VALUE$%§W;Imposition effective : §Y$VALUE$%§W;Effektiver Steuersatz: §Y$VALUE$%§W;;Impuesto efectivo: §Y$VALUE$%§W;;;;;;;;;x;
LEADERSHIP_EFFECT;Лидерство: §G$VALUE$§W.\n;Commandement : §G$VALUE$§W.\n;Anfuhrer: §G$VALUE$§W.\n;;Liderazgo: §G$VALUE$§W.\n;;;;;;;;;x;
