GIVE_UNIT_COMMAND_BUTTON;Командные подразделения;;Kontrolliere Einheiten;;;;;;;;;;;x;
GIVE_UNIT_COMMANDTITLE;Командные подразделения;;Kontrolliere Einheiten;;;;;;;;;;;x;
GIVE_UNIT_COMMAND_DESC;Во время совместной войны сюзерен вассала может взять на себя командование его отрядами.;;Wahrend sie gemeinsam einen Krieg bestreiten, darf der Herrscher die Kontrolle uber die Einheiten seiner Marionetten ubernehmen.;;;;;;;;;;;x;
GIVE_UNIT_COMMAND_OK;Попросите своего вассала вернуть себе командование своими подразделениями.;;Frage deine Marionette, ob sie die Kontrolle uber ihre Einheiten zuruckerlangen will.;;;;;;;;;;;x;
GIVE_UNIT_COMMAND_CANT_CONTROL;Вы можете командовать отрядами своих §Yвассалов§! только когда вы вместе сражаетесь в войне.;;Sie konnen die Einheiten Ihrer §YMarionetten§! nur dann kontrollieren, wenn Sie gemeinsam einen Krieg bestreiten.;;;;;;;;;;;x;
GIVE_UNIT_COMMAND_ALREADY_CONTROL;Вы уже командуете их подразделениями.;;Sie kontrollieren schon ihre Einheiten.;;;;;;;;;;;x;
CANCEL_UNIT_COMMAND_BUTTON;Верните единицы;;Einheiten zuruckgeben;;;;;;;;;;;x;
CANCEL_UNIT_COMMANDTITLE;Верните единицы;;Einheiten zuruckgeben;;;;;;;;;;;x;
CANCEL_UNIT_COMMAND_DESC;Верните единицы;;Einheiten zuruckgeben;;;;;;;;;;;x;
CANCEL_UNIT_COMMAND_OK;Верните им их части.;;Geben Sie ihnen ihre Einheiten zuruck.;;;;;;;;;;;x;
CANCEL_UNIT_COMMAND_NOT_IN_CONTROL;Вы не командуете этим подразделением.;;Sie kontrollieren diese Einheit nicht.;;;;;;;;;;;x;
cut_down_to_size_boxer_setup;Заставить Китай заплатить за преступления мятежников-боксеров.;;Zwinge China, fur die Verbrechen der Boxer-Rebellen zu bussen.;;;;;;;;;;;x;
cut_down_to_size_boxer_short;Заставить Китай заплатить за преступления Боксера.;;Zwinge China, fur die Verbrechen der Boxer zu bussen.;;;;;;;;;;;x;
LACK_OF_MAINTENANCE_GOODS;Отсутствие товаров для технического обслуживания;;Ungenugend Wartungsguter;;;;;;;;;;;x;
AIREASON_TOO_MANY_CRISIS_WARGOALS;Добавлены цели войны;;Hinzugefugte Kriegsziele;;;;;;;;;;;x;
AIREASON_NOT_OVERLORD;Не мой Повелитель;;Nicht mein Herrscher;;;;;;;;;;;x;
EVTNAME36230;Покупка Белого Медведя;;Der Polarbar Kauf;;;;;;;;;;;x;
EVTDESC36230;Ян-Майен предлагает купить всех наших белых медведей по хорошей цене. Они обещают, что будут обращаться с ними с заботой и достоинством, которые предоставляются таким величественным созданиям.;;Jan Mayen mochte alle unsere Polarbaren kaufen. Sie versprechen diese mit Fursorge zu versorgen und mit ausreichend Ehre zu behandeln.;;;;;;;;;;;x;
EVTOPTA36230;Хорошо!;;Okay!;;;;;;;;;;;x;
EVTOPTB36230;Никогда!;;Niemals!;;;;;;;;;;;x;
EVTNAME36231;Покупка Белого Медведя - Дания принимает;;Der Polarbar Kauf - Denmark hat akzeptiert;;;;;;;;;;;x;
EVTDESC36231;Дания согласилась продать нам всех своих белых медведей.;;Denmark hat zugestimmt uns all ihre Polarbaren zu verkaufen.;;;;;;;;;;;x;
EVTOPTA36231;Большой!;;Grossartig!;;;;;;;;;;;x;
EVTNAME36232;Покупка Белого Медведя - Дания отказывается;;Der Polarbar Kauf - Denmark hat abgelehnt;;;;;;;;;;;x;
EVTDESC36232;Дания отказалась продать нам своих белых медведей.;;Denmark hat sich geweigert uns ihre Polarbaren zu verkaufen.;;;;;;;;;;;x;
EVTOPTA36232;О, нет!;;Oh nein!;;;;;;;;;;;x;
the_greenland_purchase_title;Покупка Белого Медведя;;Der Polarbar Kauf;;;;;;;;;;;x;
the_greenland_purchase_desc;Для великого народа Ян-Майена давно уже стало тревожным фактом, что все белые медведи мира не объединены под одним флагом. Мы должны обратиться к Дании и узнать, готовы ли они расстаться со своим.;;Es ist ein beschwerlicher Fakt fur die Bewohner von Jan Mayen, das die Polarbaren der Welt nciht unter einer Flagge vereint sind.;;;;;;;;;;;x;
bears;Медведи;;Baren;;;;;;;;;;;x;
polar_bears;Белые медведи;;Polarbaren;;;;;;;;;;;x;
INFLUENCE_SPHERE_NEIGHBOUR;Соседний член сферы;;Benachbarter Spherenmitglied;;;;;;;;;;;x;
col_liferate_techs;Изучение следующих вопросов поможет вам разобраться с местным рейтингом жизни:;;Folgende Forschungen zu erfoschen wird mit den lokalen Lebensbeschaffenheiten helfen:;;;;;;;;;;;x;
unite_moldavia_wallachia_title;Объединение Молдавии и Валахии!;;Union von Moldavien und Wallachai;;;;;;;;;;;x;
unite_moldavia_wallachia_desc;Народы Молдавии и Валахии объединились, чтобы сформировать Румынию!;;Die Nationen Moldavia und Wallachai sind zusammengekommen um Romania zu grunden!;;;;;;;;;;;x;
SOIS_HAS_REBELS_WARNING;Мятежники восстали против наших членов Сферы: §Y$LIST$§!;;Rebellen haben bei Spherenmitgliedern rebelliert: §Y$LIST$§!;;;;;;;;;;;x;
ALLIANCE_INVALID_GPS_IN_CRISIS;Альянс между §Yдвумя великими державами§! не может быть сформирован, когда активен §Yкризис§!.;;Eine Allianz zwischen §Yzwei Grossmachten§! kann nicht geformt werden wahrend die §YKrise§! aktiv ist.;;;;;;;;;;;x;
BP_TOOL_ARROW_MEDIUM_1_DASHED;Средняя пунктирная стрелка 1;;Mittlerer gestrichelter Pfeil 1;;;;;;;;;;;x;
BP_TOOL_ARROW_MEDIUM_2_DASHED;Средняя пунктирная стрелка 2;;Mittlerer gestrichelter Pfeil 2;;;;;;;;;;;x;
BP_TOOL_ARROW_MEDIUM_3_DASHED;Средняя пунктирная стрелка 3;;Mittlerer gestrichelter Pfeil 3;;;;;;;;;;;x;
BP_TOOL_ARROW_THICK_DASHED;Толстая пунктирная стрелка;;Dicker gestrichelter Pfeil;;;;;;;;;;;x;
BP_TOOL_ARROW_SLIM_DASHED;Тонкая пунктирная стрелка;;Dunner gestrichelter Pfeil;;;;;;;;;;;x;
BP_OPEN_TOOLTIP;Открыть/закрыть редактор плана битвы.;;Offnen/Schliessen des Schlachtplaners.;;;;;;;;;;;x;
BP_TOGGLE_TOOLTIP;Показать/скрыть текущие планы сражений.;;Anzeigen/Verbergen des aktuellen Schlachtplanes.;;;;;;;;;;;x;
EVTOPTC23212;Колонизированная комета могла бы стать прекрасным спутником!;;Ein kolonisierter Komet wurde einen vorzuglichen Satellietenstaat abgeben!;;;;;;;;;;;x;
liberate_liberia_title;Освободить Либерию;;Befreie Liberia;;;;;;;;;;;x;
liberate_liberia_desc;«Свободное, суверенное и независимое государство под названием и названием Республика Либерия» было провозглашено губернатором Джозефом Дженкинсом Робертсом. Великобритания, в частности, действуя из соседней Сьерра-Леоне, считала Содружество и его материнскую организацию Американское колонизационное общество (ACS) «частными лицами», не имеющими права осуществлять суверенитет. Поэтому было сочтено необходимым срочно приступить к формализации независимости. Хотя это было одобрено правительством США, формальное дипломатическое признание Конгрессом новой Республики произошло только во время Гражданской войны.;;"Ein ""freier, souveraner und unabhangiger Staat mit dem Namen und den Stil der Republik Liberia."" wurde von Gouverneur Joseph Jenkins Roberts erklart. Insbesondere Grossbritannien, welches aus dem benachbarten Sierra Leone heraus operiert, betrachtet das Commonwealth und die Vaterorganisation American Colonization Society (ACS), als ""Privatpersonen"" nicht berechtigt, Souveranitat ausuben. Daher hielt man es fur notwendig die Formalisierung zur Unabhangigkeit weiterzufuhren. Obwohl durch die US-Regierung gebilligt, kam die diplomatische Anerkennung vom Kongress der neuen Republik nicht vor dem Burgerkrieg.";;;;;;;;;;;x;
liberian_constitution_title;Конституция Либерии;;Konstitution fur Liberia;;;;;;;;;;;x;
liberian_constitution_desc;То, что было всего несколько лет назад не более чем колонией, выросло в размерах и силе достаточно, чтобы стремиться стать свободным, суверенным и независимым государством. Проект новой конституции готов к представлению на референдум. Он гарантирует основные гражданские права и устанавливает разделение властей, аналогичное конституции Соединенных Штатов, в то же время отделяя недавно провозглашенный штат от правительства и институтов Соединенных Штатов.;;Was vor einigen Jahren nichts anderes als eine Kolonie war, hat genug an Grosse und Starke gewonnen um nach einen freien, souveranen und unabhanigen Staat anzusterben. Einen Entwurf fur die neue Verfassung ist bereit fur das Referendum. Es garantiert grundlegende Burgerrechte und etabliert die Gewaltenteilung ahnlich der Verfassung der USA, wahrend der neu ausgerufene Staat sich von den Vereinigen Staaten abtrennt.;;;;;;;;;;;x;
liberian_research_boost;Усиление исследований в Либерии;;Liberischer Forschungs Boost;;;;;;;;;;;x;
desc_liberian_research_boost;Мы наслаждаемся преимуществами независимости, поскольку наша новая страна все быстрее продвигается по пути к современности.;;Wir geniessen die Vorzuge unserer Unabhanigkeit, wahrend unsere neue Nation schnller in Richtung Moderne unterwegs ist.;;;;;;;;;;;x
form_scandinavia_NEWS_LONG;Земли севера объединились, чтобы сформировать нацию Скандинавия. Сдержанная толпа преимущественно светловолосых мужчин и женщин заполнила главную площадь Стокгольма в среду в 5 часов вечера, быстро и вежливо выразив свое одобрение новым политическим обстоятельствам. Рукопожатия, уважительные аплодисменты и одобрительные кивки были обычным делом по мере того, как вечер шел, и город опустел ровно к 9 часам вечера, как и требовали власти. Полиция сообщила, что одного мужчину отпустили без предъявления обвинений после того, как он выкрикивал «Ура Скандинавии» возле своего дома.;;"Die Lander des Nordens sind zusammengekommen um die Nation Skandinavien zu bilden. Eine zuruckhaltende Menge uberwiegend blonder Manner und Frauen fullen den Hauptplatz in Stockholm punktlich am Mittwoch um Punkt 17:00 und stimmten den politischen Veranderungen zu. Handeschutteln, respektvolles Klatschen und nickende Genehmigung waren die Order an dem Tag als zum Abend die Stadt sich leerte, wie von den Behorden gefordert. Die Polizei berichtet das ein Mann ohne Anklage freigelassen wurde nachdem dieser ""Hurray fur Scandinavien"" ausserhalb seines Hauses gerufen hat.";;;;;;;;;;;x;
form_scandinavia_NEWS_MEDIUM;Земли севера объединились, чтобы сформировать нацию Скандинавия. Сдержанная толпа преимущественно светловолосых мужчин и женщин заполнила главную площадь Стокгольма в среду в 5 часов вечера, быстро и вежливо выражая или кивая свое одобрение новым политическим обстоятельствам.;;Die Lander des Nordens sind zusammengekommen um die Nation Skandinavien zu bilden. Eine zuruckhaltende Menge uberwiegend blonder Manner und Frauen fullen den Hauptplatz in Stockholm punktlich am Mittwoch um Punkt 17:00 und stimmten den politischen Veranderungen zu.;;;;;;;;;;;x;
form_scandinavia_NEWS_SHORT;Земли севера объединились, чтобы сформировать нацию Скандинавия. Толпа граждан вежливо выразила или кивнула в знак одобрения новой политической ситуации.;;Die Lander des Nordens sind zusammengekommen um die Nation Skandinavien zu bilden. Eine Menge von Burgern ausserste hoflich nickend ihre Zustimmung zu den neuen politischen Zustanden.;;;;;;;;;;;x;
form_germany_NEWS_LONG;Земли и народы Германии снова объединились. На церемонии в Берлине в понедельник объединение нации было провозглашено под дикие крики и громкие ликования. Немецкий национализм был на подъеме со времен Наполеона, и многие государственные деятели считали это событие неизбежным. Однако среди дипломатов высказывались опасения, что новый левиафан может нарушить континентальный баланс сил, а его демографическая и промышленная мощь может вызвать войну беспрецедентных масштабов в Европе, если новая Германия бросит вызов нынешней системе безопасности.;;Die Lander und Volker von Deutschland haben sich wieder einmal vereinigt. Bei einer Zeremonie in Berlin am Montag wurde die Vereinigung der Nation unter wildem Hupen und schreienden Hurrahz verkundet. Deutscher Nationalismus war seit den napoleonischen Zeiten auf dem Vormarsch, und viele Staatsmanner sahen dieses Ereigniss als unvermeidlich an. Jedoch haben Diplomaten Zweifel an dem neuen Leviathan geaussert, da dieser das kontinentale Gleichgewicht der Machte verstoren konnte und die demographische und industrielle Macht einen Krieg in beispiellosen Ausmass in Europa verursachen, sollte das neue Deutschland die gegenwartigen Sicherheits-Systeme herausfordern.;;;;;;;;;;;x;
form_germany_NEWS_MEDIUM;Народы Германии едины. На церемонии в Берлине в понедельник было объявлено об объединении нации под дикие крики и громкие ликования. Высказывались опасения, что новый левиафан может нарушить баланс сил и вызвать войну беспрецедентных масштабов.;;Die Volker von Deutschland sind vereint. Bei einer Zeremonie in Berlin am Montag, wurde die Vereinigung unter wildem hupen und schreienden Hurrahz verkundet. Es wurden Befurchtungen geaissert, dass der neue Leviathan das Gleichgwicht der Krafte storen konnte und einen Krieg beispiellosen Ausmasses bringen wurde.;;;;;;;;;;;x;
form_germany_NEWS_SHORT;Народы и земли Германии наконец-то объединены. На пышной церемонии в Берлине в выходные было провозглашено объединение нации под дикие крики и гулкие возгласы «ура».;;Die Volker von Deutschland sind vereint. Bei einer Zeremonie in Berlin am Montag, wurde die Vereinigung unter wildem hupen und schreienden Hurrahz verkundet.;;;;;;;;;;;x;
form_italy_NEWS_LONG;Италия объединилась. Новая страна была провозглашена после того, как народ поднялся на шум и в один голос потребовал быть единым. Среди диких сцен экстаза политики и сановники согласились с волей народа, и новая страна была объединена. Выражалось беспокойство, что она может попытаться силой захватить земли, которые она считает по праву итальянскими, хотя ученые господа говорят, что новая нация пока не имеет власти угрожать своим соседям. «Мы вернем то, что принадлежит нам! Да здравствует Италия!» — провозгласил один человек через свернутую газету.;;"Italien wurde vereinigt. Der neue Staat wurde proklamiert nachdem das Volk sich schreiend erhob und mit einer Stimme verlangte eins zu sein. Unter wilden Szenen der Ekstase stimmten Politiker und Wurdentrager dem Willen des Volkes zu und vereinigten den neuen Staat. Angste wurden geaussert das es versuchen kann mit Gewalt Landereien zu erobern welche als rechtmassig italienisch angenommen werden, jedoch sagen gelernte Gentlemanner das diese neue Nation noch nicht die Macht hat seine Nachbarn zu bedrohen. ""Wir werden zuruckfordern was uns gehort! Es lebe Italien!"", verkundete ein Mann durch eine zusammengerollte Zeitung.";;;;;;;;;;;x;
form_italy_NEWS_MEDIUM;Италия объединилась. Новая страна была провозглашена после того, как народ поднялся на шум и в один голос потребовал быть единым. Среди диких сцен экстаза политики и сановники согласились с волей народа, и новая страна была объединена. Выражалось беспокойство, что она может попытаться силой захватить земли, которые она считает по праву итальянскими, хотя ученые господа говорят, что новая нация пока не имеет власти угрожать своим соседям. «Мы вернем то, что принадлежит нам! Да здравствует Италия!» — провозгласил один человек через свернутую газету.;;"Italien wurde vereinigt. Der neue Staat wurde proklamiert nachdem das Volk sich schreiend erhob und mit einer Stimme verlangte eins zu sein. Unter wilden Szenen der Ekstase stimmten Politiker und Wurdentrager dem Willen des Volkes zu und vereinigten den neuen Staat. Angste wurden geaussert das es versuchen kann mit Gewalt Landereien zu erobern welche als rechtmassig italienisch angenommen werden, jedoch sagen gelernte Gentlemanner das diese neue Nation noch nicht die Macht hat seine Nachbarn zu bedrohen. ""Wir werden zuruckfordern was uns gehort! Es lebe Italien!"", verkundete ein Mann durch eine zusammengerollte Zeitung.";;;;;;;;;;;x;
form_italy_NEWS_SHORT;Италия наконец-то объединилась. «Итальянский народ вернет себе то, что по праву принадлежит нам! Да здравствует Италия!» — провозгласил вчера усатый мужчина на велосипеде через свернутую газету.;;"Italien wurde endlich vereinigt. ""Das italienische Volk wird zuruckfordern was ihm rechtmassig zusteht!"" wurde von einem Mann durch eine zusammengerollte Zeitung verkundet.";;;;;;;;;;;x;
the_meiji_restoration_NEWS_LONG;Проникновение западных влияний в Японию достигло кульминации в свержении феодальной системы, которая управляла островами в течение сотен лет, и восстановлении власти императора в Токио. Новая эра социальных, политических и экономических реформ была провозглашена в среду, когда сёгун отказался от своей власти и была провозглашена эра Мэйдзи (просвещенное правление). Страну восходящего солнца, несомненно, ждет светлое будущее под руководством новой просвещенной администрации, хотя некоторые высказывают опасения, что новая Япония может в конечном итоге бросить вызов европейским интересам в Азии.;;Das Eindringen von westlichen Einflussen in Japan hat das feudale Systems, welches die Inseln seit hunderten von Jahren beherrschte, sowie die Wiederherrstellung des Kaisers Einfluss in Tokyo gesturtzt. Eine neue Ara der sozialen, politischen und wirtschaftlichen Reformen wurde am Mittwoch verkundet, als der Shogun seine Macht aufgab und die Meiji (Erleuchtete Herrschaft) Ara verkundete. Eine glanzende Zukunft steht dem Land der steigenden Sonne bevor, obwohl einige Befurchtungen geausserten das dass neue Japan eventuell europaische Interessen in Asien streitig machen konnte.;;;;;;;;;;;x;
the_meiji_restoration_NEWS_MEDIUM;Проникновение западных влияний в Японию достигло кульминации в свержении феодальной системы и восстановлении императора, когда была провозглашена эпоха Мэйдзи (просвещенное правление). Некоторые высказывали опасения, что новая Япония в конечном итоге может бросить вызов европейским интересам в Азии.;;Das Eindringen von westlichen Einflussen in Japan hat den Sturz des feudalen Systems und der Wiederherrstellung des Kaisers gefuhrt, als die Meiji (Erleuchtete Herrschaft) Ara ausgerufen wurde. Einige haben die Befurchtung geaussert, dass das neue Japan eventuell die europaischen Interessen in Asien anfechten konnte.;;;;;;;;;;;x;
the_meiji_restoration_NEWS_SHORT;Проникновение западных влияний в Японию завершилось свержением феодальной системы и восстановлением власти императора в Токио, когда была провозглашена эпоха Мэйдзи (просвещенное правление).;;Eindringen westlicher Einflusse in Japan gipfelten in dem Sturz des feudalen Systems und der Wiederherstellung des Kaisers in Tokyo, als die Meiji Ara verkundet wurde.;;;;;;;;;;;x;
kiel_canal_NEWS_LONG;Сочетание коммерческих и военно-морских интересов привело $TAG0_0$ к идее строительства искусственного водного пути, который позволил бы судам перемещаться между Балтийским и Северным морями без необходимости огибать штормовые моря вокруг Ютландии. Ожидается, что канал длиной 61 миля быстро станет одним из самых загруженных искусственных водных путей в мире. Проект дает новый импульс торговле для всех морских стран и доказывает, что величие нации может быть достигнуто посредством производства, торговли и инженерии, а не посредством войны и завоевания.;;Eine Kombination aus Handels-und Kriegshafen fuhrte dazu das $TAG0_0$ auf die Idee kam einen kunstlichen Wasserweg zu errichten, mit dem Schiffe zwischen der Nord-und Ostsee reisen konnen ohne durch die sturmische See um Jutland herum zu mussen. Von dem 61 Meilen langen Kanal wird erwartet das er in kurzester Zeit zur verkehrreichsten kunstlichen Wasserstrasse der Welt werden wird. Das Projekt bietet neue Impulse fur den Handel aller maritimen Lander und beweisst, dass die Grosse einer Nation durch Produktion, Handel und Technik erreicht werden kann, anstatt durch Krieg und Eroberung.;;;;;;;;;;;x;
kiel_canal_NEWS_MEDIUM;Ожидается, что канал длиной в 61 милю быстро станет одним из самых загруженных искусственных водных путей в мире. Проект дает новый импульс торговле и доказывает, что величие нации может быть достигнуто посредством производства, торговли и инженерии, а не посредством войны и завоевания.;;Von dem 61 Meilen langen Kanal wird erwartet schnell zu einem der verkehrreisten kunstlichem Wasserweg der Welt zu werden. Das Projekt bietet neue Impulse fur Handel und beweisst das die Grosse einer Nation durch Produktion, Handel und Technik erreicht werden kann, anstatt durch Krieg und Eroberung.;;;;;;;;;;;x;
kiel_canal_NEWS_SHORT;Кильский канал длиной 61 миля, как ожидается, быстро станет одним из самых загруженных искусственных водных путей мира. Проект предлагает новый импульс торговле для всех морских стран.;;Von dem 61 Meilen langen Kiel Kanal wird erwartet schnell zu der verkehrreichsten kunstlichen Wasserstrasse der Welt zu werden. Das Projekt gibt neue Impulse fur den Handel aller maritimen Lander.;;;;;;;;;;;x;
suez_canal_NEWS_LONG;Триумфальный день для $TAG0_0$, поскольку первое в истории судно успешно прошло через недавно открытый канал через Суэцкий перешеек. Настоящее чудо современной инженерии, Суэцкий канал длиной 102 мили и глубиной 26 футов, как ожидается, вскоре станет одним из самых активных судоходных путей в мире, что приведет к снижению расходов на перевозку и стимулированию торговли во всем мире. «Стоимость перевозки никогда не окупит расходы на содержание, путь вокруг Африки останется доминирующим», — утверждают скептики, пытаясь приуменьшить важность этого события.;;"Ein triumphaler Tag fur $TAG0_0$ als das erste Schiff in der Geschichte erfolgreich den neu eroffneten Kanal uber den Isthmus von Suez passierte. Ein wahres wunderwerk der modernsten Technik, von dem 102 Meilen lange und 26 Meter tiefe Suezkanal wird erwartet der weltweit aktivste Schifffahrtsweg zu werden, und somit die Frachtkosten zu senken. ""Die Versandkosten werden nie die Kosten der Wartung einbringen, die Route um Afrika wird dominant bleiben."" behaupten Skeptiker in einem Versuch die Bedeutung dieser Entwicklung zu verringern.";;;;;;;;;;;x;
suez_canal_NEWS_MEDIUM;Триумфальный день для $TAG0_0$, поскольку первое судно успешно прошло через недавно открытый канал через Суэцкий перешеек. Настоящее чудо современной инженерии, 102-мильный Суэцкий канал, как ожидается, вскоре станет одним из самых активных судоходных путей в мире.;;Ein triumphaler Tag fur $TAG0_0$ als das erste Schiff erfolgreich durch den neu eroffneten Kanal uber den Isthmus von Suez fahrt. Ein wahres Wunderwerk der modernen Technik, wird der 102 Meilen lange Suezkanal vorraussichtlich bald einer der weltweit aktivsten Schifffahrtswege.;;;;;;;;;;;x;
suez_canal_NEWS_SHORT;Триумфальный день для $TAG0_0$: первое в истории судно успешно прошло через недавно открытый канал длиной 102 мили и глубиной 26 футов через Суэцкий перешеек.;;Ein triumphaler Tag fur $TAG0_0$ als das erste Schiff in der Geschichte erfolgreich durch den neueroffneten 102 Meilen langen und 26 Meter tiefen Kanal uber den Isthmus von Suez fahrt.;;;;;;;;;;;x;
panama_canal_NEWS_LONG;Открытие канала через Панамский перешеек предлагает гордый день для $TAG0_0$. Длина канала составляет 48 миль, и на самом деле это запертый водный путь на высоте 85 футов над уровнем моря с некоторыми из самых сложных шлюзов на обоих концах. Он был построен в одном из самых нездоровых районов всего мира, поэтому он является как памятником современной инженерии, так и современной медицине. Ожидается, что канал быстро станет важным проводником международной морской торговли, эксперты также утверждают, что он дает большое стратегическое преимущество своему контролеру во время войны.;;Die Offnung eines Kanals durch die Landenge von Panama ist ein stolzer Tag fur $TAG0_0$. Der Kanal ist 48 Meilen lang und ist in der Tat ein abgesperrter Wasserweg, 85 Meter uber dem Wasserspiegel, mit einigen der kompliziertesten Schlossern an beiden Enden. Es wurde in einer der ungesundesten Gebieten der gesamten Erde errichtet, sodass es ein Denkmal fur die moderne Technik sowie der modernen Medizin zu betrachten ist. Von dem Kanal wird erwartet schnell eine wichtige Leitung im internationalen Seehandel zu werden. Auch Experten behaupten das dieser Kanal eine strategische Rolle in Kriegszeiten spielen wird.;;;;;;;;;;;x;
panama_canal_NEWS_MEDIUM;Открытие канала через Панамский перешеек предлагает гордый день для $TAG0_0$. Длина канала составляет 48 миль, и фактически это запертый водный путь на высоте 85 футов над уровнем моря. Построенный в одном из самых нездоровых мест, он является памятником современной инженерии, а также медицине.;;Die Offnung eines Kanals durch den Isthmus von Panama ist ein stolzer Tag fur $TAG0_0$. Der Kanal ist 48 Meilen lang und ist in Fakt ein abgesperrter Wasserweg, 85 Meter uber dem Meeresspiegel. Gebaut in einer der ungesundesten Gebiete ist der Kanal ein Denkmal and die moderne Technik und Medizin.;;;;;;;;;;;x;
panama_canal_NEWS_SHORT;Открытие канала через Панамский перешеек предлагает гордый день для $TAG0_0$. Канал имеет длину 48 миль и фактически представляет собой запертый водный путь на высоте 85 футов над уровнем моря с некоторыми из самых сложных шлюзов на обоих концах.;;Die Offnung eines Kanals durch die Landenge von Panama ist ein stolzer Tag fur $TAG0_0$. Der Kanal ist 48 Meilen lang und ist ein abgesperrter Wasserweg, welcher 85 Meter uber dem Meeresspiegel liegt, und mit einigen der komplizierten Schlossern ausgestattet ist.;;;;;;;;;;;x;
empress_of_india_NEWS_LONG;После «Императорского Дурбара» в Дели у подножия колонны на Трафальгарской площади была зачитана королевская декларация, объявляющая о принятии королевой Викторией титула «Императрицы Индии». У Индии не было коронованного правителя с тех пор, как последний император Моголов был свергнут Британской Ост-Индской компанией. После роспуска Компании высказывались мнения, что превосходство королевы над многими индийскими принцами должно быть подтверждено принятием императорского титула. Премьер-министр Бенджамин Дизраэли считается архитектором этой идеи.;;"Nach der ""kaiserlichen Durbar"" in Delhi wurde am Fusse der Saule auf dem Trafalgar Square die konigliche Proklamation verkundet, dass Konigin Victoria den Titel ""Kaisierin von Indien"" erhaltet. Indien besitzte keinen gekronten Herrscher, seit die British East India Company den letzten Mughal Kaiser absetzte. Nach der Auflosung der Gesellschaft wurden Meinungen geaussert, dass die Uberlegenheit der Konigin uber die vielen indischen Fursten durch die Annahme des kaiserlichen Titel bestatigt werden sollte. Premierminister Benjamin Disraeli ist diese Idee zuzuschreiben.";;;;;;;;;;;x;
empress_of_india_NEWS_MEDIUM;После «Императорского Дурбара» в Дели на Трафальгарской площади была зачитана королевская декларация, объявляющая о принятии королевой Викторией титула «Императрица Индии». Императорский титул подтверждает превосходство королевы над многочисленными принцами Индии.;;"Nach der ""kaiserlichen Durbar"" in Delhi wurde am Fusse der Saule auf dem Trafalgar Square die konigliche Proklamation verkundet, dass Konigin Victoria den Titel ""Kaisierin von Indien"" erhaltet. Der imperiale Tital bestatigt der Konigin Uberlegenheit gegenuber den indischen Fursten.";;;;;;;;;;;x;
empress_of_india_NEWS_SHORT;После официального «Императорского Дурбара» (собрания) в Дели на Трафальгарской площади была зачитана королевская декларация, объявляющая о принятии королевой Викторией титула «Императрица Индии».;;"Nach der ""kaiserlichen Durbar"" in Delhi wurde am Fusse der Saule auf dem Trafalgar Square die konigliche Proklamation verkundet, dass Konigin Victoria den Titel ""Kaisierin von Indien"" erhaltet.";;;;;;;;;;;x;
COUNTRYALERT_ColonialGood_invest;§GМы можем инвестировать в нашу колонию в §!§Y$REGION$§!;;§GWir konnen in eine unserer Kolonien in §!§YREGION$§! investieren!;;;;;;;;;;;x;
aar_fake1_title;Бдительный мститель в маске наносит удар!;;Maskierter Ordnungshuter schlagt zu!;;;;;;;;;;;x;
aar_fake1;В последнее время в нашей столице проходят акции по борьбе с преступностью, проводимые одиноким человеком в кошачьем костюме, именующим себя «Человеком-котом», который отпугивает акул по пути.;;Seit neustem existiert in unserer Hauptstadt ein einsamer Verbrechensbekampfer in einem Katzenkostum der sich selbst 'Der Katzenman' nennt, und woimmer er ist Haie zurucktreibt.;;;;;;;;;;;x;
aar_fake2_title;Гаусс умирает;;Gauss gestorben;;;;;;;;;;;x;
aar_fake2;Вчера умер Карл Фридрих Гаусс, знаменитый немецкий математик. Математики будут помнить его веками. Он назвал математику «царицей наук».;;Gestern ist der bedeutende deutsche Mathematiker Carl Friedrich Gauss gestorben. Mathematiker in aller Welt werden sich fur Jahrhunderte an ihn zuruckerinnern. Er nannte die Mathematik 'Konigin der Wissenschaften';;;;;;;;;;;x;
aar_fake3_title;Ответственное правительство!;;Verantwortungsvolle Regierung!;;;;;;;;;;;x;
aar_fake3;В 1848 году в колонии Новая Шотландия было создано первое ответственное правительство в Британской Северной Америке во главе с Джеймсом Униаком и Джозефом Хоу.;;Im Jahre 1848 wurde die erste verantwortungsvolle britische Regierung Nord Amerikas in der Kolonie von Nova Scotia gegrundet, welche von James Uniacke und Joseph Howe gefuhrt wird.;;;;;;;;;;;x;
