EVTNAME200702;Битлз;;;;;;;;;;;;;x;
EVTDESC200702;Многообещающая английская музыкальная группа под названием «The Beatles» только что обрела известность. Хотя это, безусловно, будет способствовать культурной гегемонии и престижу $COUNTRY_ADJ$, правительству следует принять во внимание благоприятную позицию группы по отношению к революционерам.;;;;;;;;;;;;;x;
EVTOPTA200702;Привет, Джуд!;;;;;;;;;;;;;x;
EVTOPTB200702;Арестуйте их.;;;;;;;;;;;;;x;
EVTNAME200600;Элвис Пресли;;;;;;;;;;;;;x;
EVTDESC200600;Молодой американец из Тупело, штат Миссисипи, по имени Элвис Аарон Пресли был катапультирован к славе благодаря своему новаторскому стилю и музыке. Хотя это, безусловно, будет способствовать культурной гегемонии и престижу $COUNTRY_ADJ$, правительству следует принять во внимание возможное либеральное влияние «Короля» на молодое поколение.;;;;;;;;;;;;;x;
EVTOPTA200600;Король правит!;;;;;;;;;;;;;x;
EVTOPTB200600;Арестуйте его.;;;;;;;;;;;;;x;
EVTNAME200601;Смерть Элвиса;;;;;;;;;;;;;x;
EVTDESC200601;Элвис Пресли мертв!;;;;;;;;;;;;;x;
EVTOPTA200601;Или нет?;;;;;;;;;;;;;x;
EVTNAME201000;Виктория 2;;;;;;;;;;;;;x;
EVTDESC201000;Сиквел видеоигры «Victoria» только что выпустила игровая студия «Paradox Interactive». Цель игры — достичь мирового господства дипломатическими, промышленными и военными методами.;;;;;;;;;;;;;x;
EVTOPTA201000;Я предпочитаю настоящую сделку.;;;;;;;;;;;;;x;
EVTNAME201001;Чувство долга;;;;;;;;;;;;;x;
EVTDESC201001;Серия видеоигр, посвященная героическим действиям солдат $COUNTRY_ADJ$ во время войны с иностранными фракциями, стала невероятно популярной во всем мире. Хотя долгосрочные культурные эффекты игры остаются неопределенными, эксперты уже указывают на рост ура-патриотического пыла.;;;;;;;;;;;;;x;
EVTOPTA201001;Отличный!;;;;;;;;;;;;;x;
EVTNAME200606;Уолт Дисней;;;;;;;;;;;;;x;
EVTDESC200606;Превосходство и новаторство г-на Уолта Диснея, $COUNTRY_ADJ$ аниматора, привлекли внимание всего мира. Его анимации очаровали как молодых, так и старых по всей планете, и его компания, похоже, обречена на большой успех.;;;;;;;;;;;;;x;
EVTOPTA200606;Чудесный!;;;;;;;;;;;;;x;
EVTNAME200700;Джеймс Бонд;;;;;;;;;;;;;x;
EVTDESC200700;Ян Флеминг, автор $COUNTRY_ADJ$ и офицер военно-морской разведки, создал вымышленного персонажа, основанного на жизни агентов секретной службы нашей страны. Харизматичная и абсолютно преданная и патриотичная личность Джеймса Бонда очаровала нацию, а его приключения за линией фронта вражеских стран и фракций будут продолжать вдохновлять людей в течение десятилетий.;;;;;;;;;;;;;x;
EVTOPTA200700;Я выпью за это! Мартини, пожалуйста, взболтать, но не смешивать.;;;;;;;;;;;;;x;
EVTNAME200500;Нинтендо;;;;;;;;;;;;;x;
EVTDESC200500;Старая, умеренно успешная японская компания Nintendo недавно стала весьма популярной и успешной во всем мире после своего прорыва в молодой индустрии видеоигр.;;;;;;;;;;;;;x;
EVTOPTA200500;Отличный;;;;;;;;;;;;;x;
EVTNAME200607;Кока-Кола;;;;;;;;;;;;;x;
EVTDESC200607;Полковник Джон Пембертон, раненый ветеран гражданской войны и наркоман-морфин, недавно зарегистрировал довольно вкусный безалкогольный напиток, который он называет Coca-Cola. Напиток, который частично сделан из коки, отсюда и его название, невероятно вырос в популярности в $COUNTRY$. Настолько, что теперь три разные компании предлагают этот продукт!;;;;;;;;;;;;;x;
EVTOPTA200607;Вкусно и освежающе!;;;;;;;;;;;;;x;
EVTNAME201002;Великая автомобильная кража;;;;;;;;;;;;;x;
EVTDESC201002;Серия игр, созданная в $COUNTRY$, под названием Grand Theft Auto, стала чрезвычайно популярной. Однако ее непочтительный юмор, сатирическое представление современного мира и открытый мир криминальных действий также вызвали немало споров.;;;;;;;;;;;;;x;
EVTOPTA202000;Это Far Cry™ из Super Mario!;;;;;;;;;;;;;x;
EVTOPTB202000;Как смешно! Запретить!;;;;;;;;;;;;;x;
EVTNAME202000;Япония любит нашу сексуальную чиновницу;;;;;;;;;;;;;x;
EVTDESC202000;Наталья Владимировна Поклонская обрела международную известность после недавней пресс-конференции. В Японии и в Интернете начался культ личности, и они жадно охотятся на крымских политических деятелей! Слава Крыму!;;;;;;;;;;;;;x;
EVTOPTA202000;Они не могут ею насытиться!;;;;;;;;;;;;;x;
