abkhaz;абхазский;Abkhaz;Abkhaz;;Abkhaz;;;;;;;;;x
aborigine;абориген;Aborigene;Aborigisch;;Aborigen;;;;;;;;;x
afar;Афар;Afar;Afarisch;;Afar;;;;;;;;;x
african_diaspora_cultures;Культуры африканской диаспоры;Cultures de la diaspora africaine;Fremdafrikanisch;;Culturas de la diaspora africana;;;;;;;;;x
african_minor;Африканский малый;Africain (petits Etats);Afrikanisch;;Africana menor;;;;;;;;;x
afro_american;Афроамериканец;Afro-americain;Afroamerikanisch;;Afro-americana;;;;;;;;;x
afro_antillean;Афро-антильский;Afro-antillais;Afro-Antillisch;;Afro-antillana;;;;;;;;;x
afro_brazilian;Афро-бразильский;Afro-bresilien;Afrobrasilianisch;;Afro-brasilena;;;;;;;;;x
afro_caribbean;Афро-карибский;Afro-caraibe;Afrokaribisch;;Afro-caribena;;;;;;;;;x
afro_caribeno;Афро-карибский;Afro-cariban;Afro-Karibisch;;Afro-caribena;;;;;;;;;x
aimara;Аймара;Aymara;Aimarisch;;Aimara;;;;;;;;;x
ainu;Айны;Ainou;Ainuisch;;Ainu;;;;;;;;;x
akan;Акан;Akan;Akanisch;;Akan;;;;;;;;;x
albanian;албанский;Albanais;Albanisch;;Albanesa;;;;;;;;;x
amazonian;амазонский;Amazonien;Amazonisch;;Amazonica;;;;;;;;;x
american_cultures;Американская культура;Cultures americaines;Amerikanische Kulturen;;Culturas americanas;;;;;;;;;x
amhara;Амхара;Amharique;Amharisch;;Amhara;;;;;;;;;x
anglo_canadian;англо-канадский;Anglo-canadien;Anglokanadisch;;Anglocanadiense;;;;;;;;;x
arab;арабский;arabe;Arabien;;;;;;;;;;;x
armenian;армянский;Armenien;Armenisch;;Armenia;;;;;;;;;x
ashkenazi;Ашкенази;Ashkenaze;Aschkenasisch;;Ashkenazi;;;;;;;;;x
asian_minor;Малая Азия;Asiatique (Asie mineure);Asiatisch;;Asiatica menor;;;;;;;;;x
assamese;ассамский;Assamais;Assamisch;;Asamesa;;;;;;;;;x
australian;австралийский;Australien;Australisch;;Australiana;;;;;;;;;x
avadhi;Авадхи;Avadhi;Avadhisch;;Avadhi;;;;;;;;;x
azande;азанде;Zande;Azandisch;;Azande;;;;;;;;;x
azerbaijani;азербайджанский;Azerbaidjanais;Aserbaidschanisch;;Azerbaiyana;;;;;;;;;x
baganda;Баганда;Baganda;Bagandisch;;Baganda;;;;;;;;;x
baguirmi;Багирми;Baguirmi;Baguirmisch;;Baguirmi;;;;;;;;;x
bakongo;Баконго;Bakongo;Bakongolesich;;Bakongo;;;;;;;;;x
baltic;Балтийский;Balte;Baltisch;;El Baltico;;;;;;;;;x
baluchi;Белуджи;Baloutche;Baluchisch;;Beluchi;;;;;;;;;x
bambara;Бамбара;Bambara;Bambarisch;;Bambara;;;;;;;;;x
basque;баскский;Basque;Baskisch;;Vasca;;;;;;;;;x
bedouin;бедуин;Bedouin;Beduinisch;;Beduina;;;;;;;;;x
beifaren;Бейфарен;Beifaren;Beifarenisch;;Beifaren;;;;;;;;;x
beja;Бежа;Bedja;Bejaisch;;Beja;;;;;;;;;x
beneluxian;Страны Бенилюкса;Neerlandais;Niederlandisch;;Paises Bajos;;;;;;;;;x
bengali;бенгальский;Bengali;Bengalisch;;Bengali;;;;;;;;;x
berber;берберский;Berbere;Berbisch;;Berber;;;;;;;;;x
bihari;Бихари;Bihari;Biharisch;;Bihari;;;;;;;;;x
boer;Бур;Boer;Burisch;;Boer;;;;;;;;;x
bosniak;боснийский;Bosniaque;Bosnisch;;Bosnia;;;;;;;;;x
brazilian;бразильский;Bresilien;Brasilianisch;;Brasilena;;;;;;;;;x
breton;бретонский;;;;;;;;;;;;;x;
british;британский;Britannique;Britisch;;Britanica;;;;;;;;;x
bulgarian;болгарский;Bulgare;Bulgarisch;;Bulgara;;;;;;;;;x
burmese;бирманский;Birman;Burmesisch;;Birmana;;;;;;;;;x
byelorussian;Белорусский;Bielorusse;Weissrussisch;;Bielorrusa;;;;;;;;;x
caribeno;Карибено;Cariban;Karibisch;;Caribena;;;;;;;;;x
catalan;каталонский;Catalan;Katalanisch;;Catalana;;;;;;;;;x
central_african;Центральноафриканский;Centre-africain;Zentralafrikanisch;;Centroafricana;;;;;;;;;x
central_american;Центральная Америка;Centre-americain;Mittelamerikanisch;;Centroamericana;;;;;;;;;x
central_asian;Среднеазиатский;Centre-asiatique;Zentralasiatisch;;Centroasiatica;;;;;;;;;x
cherokee;Чероки;Cherokee;Cherokeenisch;;Cherokee;;;;;;;;;x
chewa;Чева;Chichewa;Chewasesich;;Chewa;;;;;;;;;x
cree;Кри;Cri;Creeisch;;Cree;;;;;;;;;x
croat;хорватский;Croate;Kroatisch;;Croata;;;;;;;;;x
czech;чешский;Tcheque;Tschechisch;;Checa;;;;;;;;;x
czecho_slovak_culture_group;Чехословацкий;Tchecoslovaque;Tschechoslowakisch;;Checoslovaca;;;;;;;;;x
dakota;Дакота;Dakota;Dakotanisch;;Dakota;;;;;;;;;x
danish;датский;Danois;Danisch;;Danesa;;;;;;;;;x
dinka;Динка;Dinka;Dinkisch;;Dinka;;;;;;;;;x
dixie;Дикси;Dixie;Dixie-Amerikanisch;;Dixie;;;;;;;;;x
dutch;Голландский;Neerlandais;Niederlandisch;;Holandesa;;;;;;;;;x
dyula;Дьюла;Dioula;Dyulaisch;;Dyula;;;;;;;;;x
east_african;Восточноафриканский;Africain oriental;Ostafrikanisch;;Africana oriental;;;;;;;;;x
east_asian;Восточноазиатский;Est-asiatique;Ostasiatisch;;Asiatica oriental;;;;;;;;;x
east_slavic;восточнославянский;Slave de l'est;Ostslawisch;;Eslava del este;;;;;;;;;x
edo;Эдо;Edo;Edoisch;;Edo;;;;;;;;;x
english;Английский;;;;;;;;;;;;;x;
estonian;эстонский;Estonien;Estnisch;;Estonia;;;;;;;;;x
ewe;Эве;Ewe;Ewenisch;;Ewe;;;;;;;;;x
fang;Клык;Fang;Fangisch;;Fang;;;;;;;;;x
filipino;филиппинский;Philippin;Philippinisch;;Filipina;;;;;;;;;x
finnish;финский;Finlandais;Finnisch;;Finlandesa;;;;;;;;;x
flemish;фламандский;Flamand;Flamisch;;Flamenca;;;;;;;;;x
fon;Фон;Fon;Fonisch;;Fon;;;;;;;;;x
french;Французский;Francais;Franzosisch;;Francesa;;;;;;;;;x
french_canadian;Франко-канадский;Franco-canadien;Frankokanadisch;;Franco-canadiense;;;;;;;;;x
fulbe;Фульбе;Fulbe;Fulbenisch;;Fulbe;;;;;;;;;x
fur;Шерсть;Fur;Furisch;;Fur;;;;;;;;;x
georgian;грузинский;Georgien;Georgisch;;Georgiana;;;;;;;;;x
germanic;германский;Germanique;Germanisch;;Alemana;;;;;;;;;x
greek;греческий;Grec;Griechisch;;Griega;;;;;;;;;x
guajiro;Гуахиро;Guajiro;Guajiroisch;;Guajira;;;;;;;;;x
guarani;Гуарани;Guarani;Guaranisch;;Guarani;;;;;;;;;x
gujarati;гуджарати;Gujrati;Gujaratisch;;Gujarati;;;;;;;;;x
hakka;Хакка;Hakka;Hakkanisch;;Hakka;;;;;;;;;x
hausa;хауса;Haoussa;Hausaisch;;Hausa;;;;;;;;;x
hawaiian;гавайский;Hawaien;Hawaiianisch;;Hawaiana;;;;;;;;;x
hazara;Хазарейцы;Hazareen;Hazarisch;;Hazara;;;;;;;;;x
herero;Гереро;Herero;Hererotisch;;Herero;;;;;;;;;x
hungarian;венгерский;Hongrois;Ungarisch;;Hungara;;;;;;;;;x
hungarian_culture_group;венгерский;Hongrois;Ungarisch;;Hungara;;;;;;;;;x
iberian;иберийский;Iberique;Iberisch;;Iberica;;;;;;;;;x
ibibio;Ибибио;Ibibio;Ibibiotisch;;Ibibio;;;;;;;;;x
ibo;Ибо;Ibo;Ibotisch;;Ibo;;;;;;;;;x
icelandic;исландский;Islandais;Islandisch;;Islandesa;;;;;;;;;x
inuit;инуиты;Inuit;Inuitisch;;Inuit;;;;;;;;;x
iranian_turanian;Иранский туранский;Irano-turanien;Irano-Turanisch;;Irano-turaniana;;;;;;;;;x
irish;ирландский;Irlandais;Irisch;;Irlandesa;;;;;;;;;x
italian;итальянский;Italien;Italienisch;;Italiana;;;;;;;;;x
japanese;японский;Japonais;Japanisch;;Japonesa;;;;;;;;;x
javan;Яванский;Javanais;Javanisch;;Javanesa;;;;;;;;;x
kachin;Качин;Kachin;Kachinisch;;Kachin;;;;;;;;;x
kanauji;Канауджи;Kanauji;Kanaujisch;;Kanauji;;;;;;;;;x
kannada;каннада;Kannara;Kannakisch;;Canara;;;;;;;;;x
kanuri;Канури;Kanuri;Kanurisch;;Kanuri;;;;;;;;;x
karen;Карен;Karen;Karenisch;;Karen;;;;;;;;;x
kashmiri;кашмирский;Kashmiri;Kaschmirisch;;Kashmiri;;;;;;;;;x
kazak;казахский;Kazak;Kasachisch;;Kazaca;;;;;;;;;x
khmer;кхмерский;Khmer;Khmerisch;;Jemer;;;;;;;;;x
khoisan;Койсанский;Khoisan;Khoisanisch;;Khoisan;;;;;;;;;x
kikuyu;Кикую;Kikuyu;Kikuyuisch;;Kikuyu;;;;;;;;;x
kirgiz;кыргызский;Kirghize;Kirgisisch;;Kirguiza;;;;;;;;;x
korean;корейский;Coreen;Koreanisch;;Coreana;;;;;;;;;x
kru;Кру;Kru;Kruisch;;Kru;;;;;;;;;x
kurdish;курдский;Kurde;Kurdisch;;Curda;;;;;;;;;x
lao;Лаосский;Lao;Laotisch;;Lao;;;;;;;;;x
latin_american_cultures;Культуры Латинской Америки;Cultures latino-americaines;Lateinamerikanisch;;Culturas latinoamericanas;;;;;;;;;x
latvian;латышский;Letton;Lettisch;;Letona;;;;;;;;;x
levantine;левантийский;Levantin;Levantinisch;;Levantina;;;;;;;;;x
lithuanian;литовский;Lituanien;Litauisch;;Lituana;;;;;;;;;x
lomwe;Ломве;Lomue;Lomwenisch;;Lomwe;;;;;;;;;x
luba;Люба;Luba;Lubaisch;;Luba;;;;;;;;;x
lunda;Лунда;Lunda;Lundaisch;;Lunda;;;;;;;;;x
luo;Луо;Luo;Luotisch;;Luo;;;;;;;;;x
maasai;Масаи;Maasai;Massaisch;;Maasai;;;;;;;;;x
macedonian;македонский;;;;;;;;;;;;;x;
maghrebi;Магрибский;Maghrebin;Maghrebinisch;;Magrebi;;;;;;;;;x
makua;Макуа;Macua;Makuanisch;;Makua;;;;;;;;;x
malagasy;малагасийский;Malgache;Malagasisch;;Malagasy;;;;;;;;;x
malay;малайский;Malais;Malaiisch;;Malaya;;;;;;;;;x
malayalam;малаялам;Malayalam;Malayalamisch;;Malayalam;;;;;;;;;x
maltese;мальтийский;Maltais;Maltesisch;;Maltesa;;;;;;;;;x
manchu;маньчжурский;Mandchou;Mandschurisch;;Manchu;;;;;;;;;x
mande;Манде;Mande;Mandelisch;;Mande;;;;;;;;;x
manipuri;Манипури;Meitei;Manipurisch;;Manipuri;;;;;;;;;x
maori;маори;Maori;Maorisch;;Maori;;;;;;;;;x
marathi;маратхи;Marathi;Marathisch;;Marathi;;;;;;;;;x
mashriqi;Машрикский;Machrekien;Mashriqisch;;Mashriqi;;;;;;;;;x
maures;Морес;Maure;Maurisch;;Maure;;;;;;;;;x
mayan;майя;Maya;Mayaisch;;Maya;;;;;;;;;x
melanesian;меланезийский;Melanesien;Melanesisch;;Melanesiana;;;;;;;;;x
metis;Метис;Metis;Metisisch;;India mestiza;;;;;;;;;x
mexican;мексиканский;Mexicain;Mexikanisch;;Mexicana;;;;;;;;;x
miao;Мяо;Miao;Miaotisch;;Miao;;;;;;;;;x
micronesian;микронезийский;Micronesien;Micronesisch;;Micronesiana;;;;;;;;;x
min;Мин.;Min;Minisch;;Min;;;;;;;;;x
misri;Мисри;Misri;Misrinisch;;Misri;;;;;;;;;x
moluccan;Молуккский;Moluquais;Molukkisch;;Moluquesa;;;;;;;;;x
mongo;Монго;Mongo;Mongoisch;;Mongo;;;;;;;;;x
mongol;монгольский;Mongol;Mongolisch;;Mongol;;;;;;;;;x
mossi;Мосси;Mossi;Mossisch;;Mossi;;;;;;;;;x
nahua;Науа;Nahua;Nahuasch;;Nahua;;;;;;;;;x
nanfaren;Нанфарен;Nanfaren;Nanfarenisch;;Nanfaren;;;;;;;;;x
native_american;Коренной американец;Amerindien;Uramerikanisch;;Nativo-americana;;;;;;;;;x
native_american_minor;Коренной американец;Petites tribus amerindiennes;Uramerikanisch;;Nativo-americana menor;;;;;;;;;x
navajo;Навахо;Navajo;Navajonisch;;Navajo;;;;;;;;;x
neo_european_cultures;Неоевропейские культуры;Cultures neo-europeennes;Neoeuropaisch;;Culturas neoeuropeas;;;;;;;;;x
nepali;непальский;Nepalais;Nepalesisch;;Nepali;;;;;;;;;x
nguni;Нгуни;Nguni;Ngunisch;;Nguni;;;;;;;;;x
north_andean;Северные Анды;Nord-Andin;Nordandisch;;Norandina;;;;;;;;;x
north_caucasian;северокавказский;Nord-caucasien;Nordkaukasisch;;Caucasiana del norte;;;;;;;;;x
north_german;северогерманский;Allemand du nord;Norddeutsch;;Alemana del norte;;;;;;;;;x
north_italian;северо-итальянский;Italien du nord;Norditalienisch;;Italiana del norte;;;;;;;;;x
norwegian;норвежский;Norvegien;Norwegisch;;Noruega;;;;;;;;;x
nuba;Нуба;Nuba;Nubaisch;;Nuba;;;;;;;;;x
nuer;Нуэр;Nuer;Nuerisch;;Nuer;;;;;;;;;x
oceanic;Океанический;Oceanique;Ozeanisch;;Oceanica;;;;;;;;;x
oriya;Ория;Oriya;Oriyanisch;;Oriya;;;;;;;;;x
oromo;Оромо;Oromo;Oromotisch;;Oromo;;;;;;;;;x
ovimbundu;Овимбунду;Ovimbundu;Ovimbundisch;;Ovimbundu;;;;;;;;;x
panjabi;пенджабский;Penjabi;Pundschabisch;;Panjabi;;;;;;;;;x
pan_romanian;румынский;Roumain;Rumanisch;;de Rumania;;;;;;;;;x
pan_swiss;швейцарский;Suisse;Schweizerisch;;Suiza;;;;;;;;;x
pashtun;пуштунский;Pachtoune;Paschtunisch;;Pashtuna;;;;;;;;;x
patagonian;Патагонский;Patagonien;Patagonisch;;Patagonica;;;;;;;;;x
persian;персидский;Perse;Persisch;;Persa;;;;;;;;;x
platinean;Платинский;Platinien;Platineisch;;Platense;;;;;;;;;x
polish;польский;Polonais;Polnisch;;Polaca;;;;;;;;;x
polish_culture_group;польский;Polonais;Polnisch;;Polaca;;;;;;;;;x
polynesian;полинезийский;Polynesien;Polynesisch;;Polinesia;;;;;;;;;x
portuguese;португальский;Portugais;Portugiesisch;;Portugesa;;;;;;;;;x
pueblo;Пуэбло;Pueblo;Pueblotisch;;Pueblo;;;;;;;;;x
quechua;кечуа;Quechua;Quechuanisch;;Quechua;;;;;;;;;x
rajput;Раджпут;Rajput;Rajputisch;;Rajputa;;;;;;;;;x
romanian;румынский;Roumain;Rumanisch;;Rumana;;;;;;;;;x
ruanda;Руанда;Rwandais;Ruandanisch;;Ruandesa;;;;;;;;;x
rundi;Рунди;Rundi;Rundisch;;Rundi;;;;;;;;;x
russian;Русский;Russe;Russisch;;Rusa;;;;;;;;;x
sami;саамский;Sami;Sami;;Sami;;;;;;;;;x
sara;Сара;Sara;Saraisch;;Sara;;;;;;;;;x
scandinavian;скандинавский;Scandinave;Skandinawisch;;Escandinava;;;;;;;;;x
scottish;шотландский;;;;;;;;;;;;;x;
sena;Сена;Sena;Senaisch;;Sena;;;;;;;;;x
senufo;Сенуфо;Senoufo;Senufotisch;;Senufo;;;;;;;;;x
sephardic;Сефарды;Sefarade;Sephardisch;;Sefardi;;;;;;;;;x
serb;сербский;Serbe;Serbisch;;Serbia;;;;;;;;;x
shan;Шань;Shan;Shanisch;;Shan;;;;;;;;;x
shona;Шона;Shona;Shonaisch;;Shona;;;;;;;;;x
siberian;сибирский;Siberien;Sibirisch;;Siberiana;;;;;;;;;x
sidama;Сидама;Sidama;Sidamaisch;;Sidama;;;;;;;;;x
sindi;Синди;Sindi;Sindisch;;Sindhi;;;;;;;;;x
sinhala;сингальский;Cingalais;Sinhalesisch;;Sinhala;;;;;;;;;x
slovak;словацкий;Slovaque;Slowakisch;;Eslovaca;;;;;;;;;x
slovene;словенский;Slovene;Slowenisch;;Eslovena;;;;;;;;;x
somali;сомалийский;Somali;Somalisch;;Somali;;;;;;;;;x
songhai;Сонгай;Songhai;Songhaiisch;;Songay;;;;;;;;;x
sotho;Сото;Sotho;Sothoisch;;Sotho;;;;;;;;;x
south_andean;Южные Анды;Sud-Andin;Sudandisch;;Sudandina;;;;;;;;;x
south_asian;Южно-азиатский;Sud-asiatique;Sudasiatisch;;Sudasiatica;;;;;;;;;x
southeast_asian;Юго-Восточная Азия;Sud-est asiatique;Sudostasiatisch;;Del sudeste asiatico;;;;;;;;;x
southern_african;Южноафриканский;Sud-africain;Sudafrikanisch;;Sudafricana;;;;;;;;;x
south_german;южногерманский;Allemand du sud;Suddeutsch;;Alemana del sur;;;;;;;;;x
south_italian;Южно-итальянский;Italien du sud;Suditalienisch;;Italiana del sur;;;;;;;;;x
south_slavic;южнославянский;Slave du sud;Sudslawisch;;Eslava del sur;;;;;;;;;x
spanish;испанский;Espagnol;Spanisch;;Espanola;;;;;;;;;x
sudanese;Суданский;Soudanais;Sudanesisch;;Sudanesa;;;;;;;;;x
sukuma;Сукума;Sukuma;Sukumisch;;Sukuma;;;;;;;;;x
swahili;суахили;Swahili;Swahilisch;;Suajili;;;;;;;;;x
swedish;шведский;Suedois;Schwedisch;;Sueca;;;;;;;;;x
swiss;швейцарский;Suisse;Schweizerisch;;Suiza;;;;;;;;;x
tajik;таджикский;Tadjik;Tadschikisch;;Tajika;;;;;;;;;x
tamil;тамильский;Tamoul;Tamilisch;;Tamil;;;;;;;;;x
tarascan;Тараскский;Tarasque;Tarascanisch;;Tarascana;;;;;;;;;x
tatar;татарский;Tatar;Tatarisch;;Tatar;;;;;;;;;x
teda;Теда;Teda;Tedaisch;;Teda;;;;;;;;;x
telegu;Телугу;Telegu;Teleguisch;;Telugu;;;;;;;;;x
texan;техасец;Texan;Texanisch;;Texana;;;;;;;;;x
thai;тайский;Thai;Thailandisch;;Tailandesa;;;;;;;;;x
tibetan;тибетский;Tibetain;Tibetisch;;Tibetana;;;;;;;;;x
tigray;Тыграй;Tigre;Tigrayisch;;Tigre;;;;;;;;;x
tiv;Тив;Tiv;Tivisch;;Tiv;;;;;;;;;x
tonga;Тонга;Tonga;Tongasisch;;Tonga;;;;;;;;;x
tswana;Тсвана;Tswana;Tswanaisch;;Tswana;;;;;;;;;x
tuareg;Туареги;Touareg;Tuaregisch;;Tuareg;;;;;;;;;x
tupinamba;Тупинамба;Tupinamba;Tupinambaisch;;Tupinamba;;;;;;;;;x
turkish;турецкий;Turc;Turkisch;;Turca;;;;;;;;;x
turkmen;туркменский;Turkmene;Turkmenisch;;Turkmena;;;;;;;;;x
turko_semitic;тюрко-семитский;Turco-semite;Turkosemitisch;;Turco-semitica;;;;;;;;;x
ugrian;угорский;Ougrien;Ugrisch;;Ugriana;;;;;;;;;x
uighur;уйгурский;Ouigour;Uighurisch;;Uighura;;;;;;;;;x
ukrainian;украинский;Ukrainien;Ukrainisch;;Ucraniana;;;;;;;;;x
unyamwezi;Уньямвези;Unyamwezi;Unyamwezisch;;Unyamwezi;;;;;;;;;x
uzbek;узбекский;Ouzbek;Usbekisch;;Uzbeca;;;;;;;;;x
vietnamese;вьетнамский;Vietnamien;Vietnamesisch;;Vietnamita;;;;;;;;;x
wallonian;валлонский;Wallon;Wallonisch;;Valona;;;;;;;;;x
welsh;валлийский;;;;;;;;;;;;;x;
west_african;Западноафриканский;Ouest-africain;Westafrikanisch;;Africana occidental;;;;;;;;;x
western_slavic;Западнославянские малые;;;;;;;;;;;;;x;
wolof;волоф;Ouolof;Wolofisch;;Wolof;;;;;;;;;x
xhosa;Коса;xhosa;xhosanisch;;xhosa;;;;;;;;;x
yakut;Якутский;Yakoute;Jakutisch;;Yakuta;;;;;;;;;x
yankee;янки;Yankee;Yankee-Amerikanisch;;Yanqui;;;;;;;;;x
yao;Яо;Yao;Yaotisch;;Yao;;;;;;;;;x
yi;Йи;Yi;Yinisch;;Yi;;;;;;;;;x
yoruba;йоруба;Yoruba;Yorubanisch;;Yoruba;;;;;;;;;x
yue;Юэ;Yue;Yuenisch;;Yue;;;;;;;;;x
zapotec;Сапотек;Zapotec;Zapotekisch;;Zapoteca;;;;;;;;;x
zhuang;Чжуан;Zhuang;Zhuangisch;;Zuang;;;;;;;;;x
zulu;Зулу;Zoulou;Zulisch;;Zulu;;;;;;;;;x
