CNK_nationalism_3;Береговой союз Чинуков III;Coastal Union of the Chinook III;;;;;;;;;;;;x;;;;;;;;;;;;;;;;;;;;;;;;
CNK_agrarianism_3;Совет рыбаков и земледельцев Чинуков III;Council of Chinook Fishers and Farmers III;;;;;;;;;;;;x;;;;;;;;;;;;;;;;;;;;;;;;
CNK_technocratism_3;Совет навигаторов и мастеров Чинуков III;Council of Chinook Navigators and Artisans III;;;;;;;;;;;;x;;;;;;;;;;;;;;;;;;;;;;;;
CNK_islamist_3;Духовные общины Чинуков III;Spiritual Communities of the Chinook III;;;;;;;;;;;;x;;;;;;;;;;;;;;;;;;;;;;;;
UU1600_CNK_syndicalism_3;Союз речных общин Чинуков III;Syndicate of Chinook River Communities III;;;;;;;;;;;;x;;;;;;;;;;;;;;;;;;;;;;;;
UU1600_CNK_militarism_3;Ополчение речных рубежей Чинуков III;Chinook River Frontier Militia III;;;;;;;;;;;;x;;;;;;;;;;;;;;;;;;;;;;;;
UU1600_CNK_ecologism_3;Хранители лесов и вод Чинуков III;Keepers of Chinook Forests and Waters III;;;;;;;;;;;;x;;;;;;;;;;;;;;;;;;;;;;;;
UU1600_CNK_corporatism_3;Собрание мастеров Чинуков III;Assembly of Chinook Artisans III;;;;;;;;;;;;x;;;;;;;;;;;;;;;;;;;;;;;;
UU1600_CNK_cyber_autonomism_3;Лига вольных общин Чинуков III;League of Free Chinook Communities III;;;;;;;;;;;;x;;;;;;;;;;;;;;;;;;;;;;;;
SIX_nationalism_2;Национальный союз сиу (НСС);National Union of the Sioux (NUS);;;;;;;;;;;;x;;;;;;;;;;;;;;;;;;;;;;;;
SIX_nationalism_3;Партия земли и свободы сиу (ПЗСС);Land and Freedom Party of the Sioux (LFS);;;;;;;;;;;;x;;;;;;;;;;;;;;;;;;;;;;;;
SIX_agrarianism_2;Аграрная партия сиу (АПС);Agrarian Party of the Sioux (APS);;;;;;;;;;;;x;;;;;;;;;;;;;;;;;;;;;;;;
SIX_agrarianism_3;Союз рыбаков и охотников сиу (СРОС);Union of Fishers and Hunters of the Sioux (UFHS);;;;;;;;;;;;x;;;;;;;;;;;;;;;;;;;;;;;;
UU1600_SIX_syndicalism_2;Федерация рабочих общин сиу (ФРОС);Federation of Worker Communities of the Sioux (FWCS);;;;;;;;;;;;x;;;;;;;;;;;;;;;;;;;;;;;;
UU1600_SIX_syndicalism_3;Синдикальный конгресс сиу (СКС);Syndicalist Congress of the Sioux (SCS);;;;;;;;;;;;x;;;;;;;;;;;;;;;;;;;;;;;;
UU1600_SIX_militarism_2;Военный совет сиу (ВСС);Military Council of the Sioux (MCS);;;;;;;;;;;;x;;;;;;;;;;;;;;;;;;;;;;;;
UU1600_SIX_militarism_3;Лига защиты рубежей сиу (ЛЗРС);Frontier Defense League of the Sioux (FDLS);;;;;;;;;;;;x;;;;;;;;;;;;;;;;;;;;;;;;
UU1600_SIX_ecologism_2;Зеленая стража сиу (ЗСС);Green Guard of the Sioux (GGS);;;;;;;;;;;;x;;;;;;;;;;;;;;;;;;;;;;;;
UU1600_SIX_ecologism_3;Союз хранителей лесов сиу (СХЛС);Union of Forest Keepers of the Sioux (UFKS);;;;;;;;;;;;x;;;;;;;;;;;;;;;;;;;;;;;;
UU1600_SIX_corporatism_2;Союз ремесленных цехов сиу (СРЦС);Union of Craft Guilds of the Sioux (UCGS);;;;;;;;;;;;x;;;;;;;;;;;;;;;;;;;;;;;;
UU1600_SIX_corporatism_3;Палата мастеров сиу (ПМС);Chamber of Masters of the Sioux (CMS);;;;;;;;;;;;x;;;;;;;;;;;;;;;;;;;;;;;;
UU1600_SIX_cyber_autonomism_2;Лига вольных узлов сиу (ЛВУС);League of Free Nodes of the Sioux (LFNS);;;;;;;;;;;;x;;;;;;;;;;;;;;;;;;;;;;;;
UU1600_SIX_cyber_autonomism_3;Автономная лига сетей сиу (АЛСС);Autonomous Network League of the Sioux (ANLS);;;;;;;;;;;;x;;;;;;;;;;;;;;;;;;;;;;;;
SIX_technocratism;Совет навигаторов и мастеров сиу (СНМС);Council of Navigators and Crafters of the Sioux (CNCS);;;;;;;;;;;;x;;;;;;;;;;;;;;;;;;;;;;;;
SIX_technocratism_2;Технократическая партия сиу (ТПС);Technocratic Party of the Sioux (TPS);;;;;;;;;;;;x;;;;;;;;;;;;;;;;;;;;;;;;
SIX_technocratism_3;Лига мастеров и землемеров сиу (ЛМЗС);League of Crafters and Surveyors of the Sioux (LCSS);;;;;;;;;;;;x;;;;;;;;;;;;;;;;;;;;;;;;
SIX_islamist;Союз духовных общин сиу (СДОС);Spiritual Communities Union of the Sioux (SCUS);;;;;;;;;;;;x;;;;;;;;;;;;;;;;;;;;;;;;
SIX_islamist_2;Партия веры и закона сиу (ПВЗС);Party of Faith and Law of the Sioux (PFLS);;;;;;;;;;;;x;;;;;;;;;;;;;;;;;;;;;;;;
SIX_islamist_3;Духовный собор сиу (ДСС);Spiritual Assembly of the Sioux (SAS);;;;;;;;;;;;x;;;;;;;;;;;;;;;;;;;;;;;;
CHE_nationalism_2;Национальный союз чероки (НСЧ);National Union of the Cherokee (NUC);;;;;;;;;;;;x;;;;;;;;;;;;;;;;;;;;;;;;
CHE_nationalism_3;Партия земли и свободы чероки (ПЗСЧ);Land and Freedom Party of the Cherokee (LFC);;;;;;;;;;;;x;;;;;;;;;;;;;;;;;;;;;;;;
CHE_agrarianism_2;Аграрная партия чероки (АПЧ);Agrarian Party of the Cherokee (APC);;;;;;;;;;;;x;;;;;;;;;;;;;;;;;;;;;;;;
CHE_agrarianism_3;Союз рыбаков и охотников чероки (СРОЧ);Union of Fishers and Hunters of the Cherokee (UFHC);;;;;;;;;;;;x;;;;;;;;;;;;;;;;;;;;;;;;
UU1600_CHE_syndicalism_2;Федерация рабочих общин чероки (ФРОЧ);Federation of Worker Communities of the Cherokee (FWCC);;;;;;;;;;;;x;;;;;;;;;;;;;;;;;;;;;;;;
UU1600_CHE_syndicalism_3;Синдикальный конгресс чероки (СКЧ);Syndicalist Congress of the Cherokee (SCC);;;;;;;;;;;;x;;;;;;;;;;;;;;;;;;;;;;;;
UU1600_CHE_militarism_2;Военный совет чероки (ВСЧ);Military Council of the Cherokee (MCC);;;;;;;;;;;;x;;;;;;;;;;;;;;;;;;;;;;;;
UU1600_CHE_militarism_3;Лига защиты рубежей чероки (ЛЗРЧ);Frontier Defense League of the Cherokee (FDLC);;;;;;;;;;;;x;;;;;;;;;;;;;;;;;;;;;;;;
UU1600_CHE_ecologism_2;Зеленая стража чероки (ЗСЧ);Green Guard of the Cherokee (GGC);;;;;;;;;;;;x;;;;;;;;;;;;;;;;;;;;;;;;
UU1600_CHE_ecologism_3;Союз хранителей лесов чероки (СХЛЧ);Union of Forest Keepers of the Cherokee (UFKC);;;;;;;;;;;;x;;;;;;;;;;;;;;;;;;;;;;;;
UU1600_CHE_corporatism_2;Союз ремесленных цехов чероки (СРЦЧ);Union of Craft Guilds of the Cherokee (UCGC);;;;;;;;;;;;x;;;;;;;;;;;;;;;;;;;;;;;;
UU1600_CHE_corporatism_3;Палата мастеров чероки (ПМЧ);Chamber of Masters of the Cherokee (CMC);;;;;;;;;;;;x;;;;;;;;;;;;;;;;;;;;;;;;
UU1600_CHE_cyber_autonomism_2;Лига вольных узлов чероки (ЛВУЧ);League of Free Nodes of the Cherokee (LFNC);;;;;;;;;;;;x;;;;;;;;;;;;;;;;;;;;;;;;
UU1600_CHE_cyber_autonomism_3;Автономная лига сетей чероки (АЛСЧ);Autonomous Network League of the Cherokee (ANLC);;;;;;;;;;;;x;;;;;;;;;;;;;;;;;;;;;;;;
CHE_technocratism;Совет навигаторов и мастеров чероки (СНМЧ);Council of Navigators and Crafters of the Cherokee (CNCC);;;;;;;;;;;;x;;;;;;;;;;;;;;;;;;;;;;;;
CHE_technocratism_2;Технократическая партия чероки (ТПЧ);Technocratic Party of the Cherokee (TPC);;;;;;;;;;;;x;;;;;;;;;;;;;;;;;;;;;;;;
CHE_technocratism_3;Лига мастеров и землемеров чероки (ЛМЗЧ);League of Crafters and Surveyors of the Cherokee (LCSC);;;;;;;;;;;;x;;;;;;;;;;;;;;;;;;;;;;;;
CHE_islamist;Союз духовных общин чероки (СДОЧ);Spiritual Communities Union of the Cherokee (SCUC);;;;;;;;;;;;x;;;;;;;;;;;;;;;;;;;;;;;;
CHE_islamist_2;Партия веры и закона чероки (ПВЗЧ);Party of Faith and Law of the Cherokee (PFLC);;;;;;;;;;;;x;;;;;;;;;;;;;;;;;;;;;;;;
CHE_islamist_3;Духовный собор чероки (ДСЧ);Spiritual Assembly of the Cherokee (SAC);;;;;;;;;;;;x;;;;;;;;;;;;;;;;;;;;;;;;
IRO_nationalism_2;Национальный союз ирокезов (НСИ);National Union of the Haudenosaunee (NUH);;;;;;;;;;;;x;;;;;;;;;;;;;;;;;;;;;;;;
IRO_nationalism_3;Партия земли и свободы ирокезов (ПЗСИ);Land and Freedom Party of the Haudenosaunee (LFH);;;;;;;;;;;;x;;;;;;;;;;;;;;;;;;;;;;;;
IRO_agrarianism_2;Аграрная партия ирокезов (АПИ);Agrarian Party of the Haudenosaunee (APH);;;;;;;;;;;;x;;;;;;;;;;;;;;;;;;;;;;;;
IRO_agrarianism_3;Союз рыбаков и охотников ирокезов (СРОИ);Union of Fishers and Hunters of the Haudenosaunee (UFHH);;;;;;;;;;;;x;;;;;;;;;;;;;;;;;;;;;;;;
UU1600_IRO_syndicalism_2;Федерация рабочих общин ирокезов (ФРОИ);Federation of Worker Communities of the Haudenosaunee (FWCH);;;;;;;;;;;;x;;;;;;;;;;;;;;;;;;;;;;;;
UU1600_IRO_syndicalism_3;Синдикальный конгресс ирокезов (СКИ);Syndicalist Congress of the Haudenosaunee (SCH);;;;;;;;;;;;x;;;;;;;;;;;;;;;;;;;;;;;;
UU1600_IRO_militarism_2;Военный совет ирокезов (ВСИ);Military Council of the Haudenosaunee (MCH);;;;;;;;;;;;x;;;;;;;;;;;;;;;;;;;;;;;;
UU1600_IRO_militarism_3;Лига защиты рубежей ирокезов (ЛЗРИ);Frontier Defense League of the Haudenosaunee (FDLH);;;;;;;;;;;;x;;;;;;;;;;;;;;;;;;;;;;;;
UU1600_IRO_ecologism_2;Зеленая стража ирокезов (ЗСИ);Green Guard of the Haudenosaunee (GGH);;;;;;;;;;;;x;;;;;;;;;;;;;;;;;;;;;;;;
UU1600_IRO_ecologism_3;Союз хранителей лесов ирокезов (СХЛИ);Union of Forest Keepers of the Haudenosaunee (UFKH);;;;;;;;;;;;x;;;;;;;;;;;;;;;;;;;;;;;;
UU1600_IRO_corporatism_2;Союз ремесленных цехов ирокезов (СРЦИ);Union of Craft Guilds of the Haudenosaunee (UCGH);;;;;;;;;;;;x;;;;;;;;;;;;;;;;;;;;;;;;
UU1600_IRO_corporatism_3;Палата мастеров ирокезов (ПМИ);Chamber of Masters of the Haudenosaunee (CMH);;;;;;;;;;;;x;;;;;;;;;;;;;;;;;;;;;;;;
UU1600_IRO_cyber_autonomism_2;Лига вольных узлов ирокезов (ЛВУИ);League of Free Nodes of the Haudenosaunee (LFNH);;;;;;;;;;;;x;;;;;;;;;;;;;;;;;;;;;;;;
UU1600_IRO_cyber_autonomism_3;Автономная лига сетей ирокезов (АЛСИ);Autonomous Network League of the Haudenosaunee (ANLH);;;;;;;;;;;;x;;;;;;;;;;;;;;;;;;;;;;;;
IRO_technocratism;Совет навигаторов и мастеров ирокезов (СНМИ);Council of Navigators and Crafters of the Haudenosaunee (CNCH);;;;;;;;;;;;x;;;;;;;;;;;;;;;;;;;;;;;;
IRO_technocratism_2;Технократическая партия ирокезов (ТПИ);Technocratic Party of the Haudenosaunee (TPH);;;;;;;;;;;;x;;;;;;;;;;;;;;;;;;;;;;;;
IRO_technocratism_3;Лига мастеров и землемеров ирокезов (ЛМЗИ);League of Crafters and Surveyors of the Haudenosaunee (LCSH);;;;;;;;;;;;x;;;;;;;;;;;;;;;;;;;;;;;;
IRO_islamist;Союз духовных общин ирокезов (СДОИ);Spiritual Communities Union of the Haudenosaunee (SCUH);;;;;;;;;;;;x;;;;;;;;;;;;;;;;;;;;;;;;
IRO_islamist_2;Партия веры и закона ирокезов (ПВЗИ);Party of Faith and Law of the Haudenosaunee (PFLH);;;;;;;;;;;;x;;;;;;;;;;;;;;;;;;;;;;;;
IRO_islamist_3;Духовный собор ирокезов (ДСИ);Spiritual Assembly of the Haudenosaunee (SAH);;;;;;;;;;;;x;;;;;;;;;;;;;;;;;;;;;;;;
APC_nationalism_2;Национальный союз апачей (НСА);National Union of the Apache (NUA);;;;;;;;;;;;x;;;;;;;;;;;;;;;;;;;;;;;;
APC_nationalism_3;Партия земли и свободы апачей (ПЗСА);Land and Freedom Party of the Apache (LFA);;;;;;;;;;;;x;;;;;;;;;;;;;;;;;;;;;;;;
APC_agrarianism_2;Аграрная партия апачей (АПА);Agrarian Party of the Apache (APA);;;;;;;;;;;;x;;;;;;;;;;;;;;;;;;;;;;;;
APC_agrarianism_3;Союз рыбаков и охотников апачей (СРОА);Union of Fishers and Hunters of the Apache (UFHA);;;;;;;;;;;;x;;;;;;;;;;;;;;;;;;;;;;;;
UU1600_APC_syndicalism_2;Федерация рабочих общин апачей (ФРОА);Federation of Worker Communities of the Apache (FWCA);;;;;;;;;;;;x;;;;;;;;;;;;;;;;;;;;;;;;
UU1600_APC_syndicalism_3;Синдикальный конгресс апачей (СКА);Syndicalist Congress of the Apache (SCA);;;;;;;;;;;;x;;;;;;;;;;;;;;;;;;;;;;;;
UU1600_APC_militarism_2;Военный совет апачей (ВСА);Military Council of the Apache (MCA);;;;;;;;;;;;x;;;;;;;;;;;;;;;;;;;;;;;;
UU1600_APC_militarism_3;Лига защиты рубежей апачей (ЛЗРА);Frontier Defense League of the Apache (FDLA);;;;;;;;;;;;x;;;;;;;;;;;;;;;;;;;;;;;;
UU1600_APC_ecologism_2;Зеленая стража апачей (ЗСА);Green Guard of the Apache (GGA);;;;;;;;;;;;x;;;;;;;;;;;;;;;;;;;;;;;;
UU1600_APC_ecologism_3;Союз хранителей лесов апачей (СХЛА);Union of Forest Keepers of the Apache (UFKA);;;;;;;;;;;;x;;;;;;;;;;;;;;;;;;;;;;;;
UU1600_APC_corporatism_2;Союз ремесленных цехов апачей (СРЦА);Union of Craft Guilds of the Apache (UCGA);;;;;;;;;;;;x;;;;;;;;;;;;;;;;;;;;;;;;
UU1600_APC_corporatism_3;Палата мастеров апачей (ПМА);Chamber of Masters of the Apache (CMA);;;;;;;;;;;;x;;;;;;;;;;;;;;;;;;;;;;;;
UU1600_APC_cyber_autonomism_2;Лига вольных узлов апачей (ЛВУА);League of Free Nodes of the Apache (LFNA);;;;;;;;;;;;x;;;;;;;;;;;;;;;;;;;;;;;;
UU1600_APC_cyber_autonomism_3;Автономная лига сетей апачей (АЛСА);Autonomous Network League of the Apache (ANLA);;;;;;;;;;;;x;;;;;;;;;;;;;;;;;;;;;;;;
APC_technocratism;Совет навигаторов и мастеров апачей (СНМА);Council of Navigators and Crafters of the Apache (CNCA);;;;;;;;;;;;x;;;;;;;;;;;;;;;;;;;;;;;;
APC_technocratism_2;Технократическая партия апачей (ТПА);Technocratic Party of the Apache (TPA);;;;;;;;;;;;x;;;;;;;;;;;;;;;;;;;;;;;;
APC_technocratism_3;Лига мастеров и землемеров апачей (ЛМЗА);League of Crafters and Surveyors of the Apache (LCSA);;;;;;;;;;;;x;;;;;;;;;;;;;;;;;;;;;;;;
APC_islamist;Союз духовных общин апачей (СДОА);Spiritual Communities Union of the Apache (SCUA);;;;;;;;;;;;x;;;;;;;;;;;;;;;;;;;;;;;;
APC_islamist_2;Партия веры и закона апачей (ПВЗА);Party of Faith and Law of the Apache (PFLA);;;;;;;;;;;;x;;;;;;;;;;;;;;;;;;;;;;;;
APC_islamist_3;Духовный собор апачей (ДСА);Spiritual Assembly of the Apache (SAA);;;;;;;;;;;;x;;;;;;;;;;;;;;;;;;;;;;;;
ARP_nationalism_2;Национальный союз арапахо (НСА);National Union of the Arapaho (NUA);;;;;;;;;;;;x;;;;;;;;;;;;;;;;;;;;;;;;
ARP_nationalism_3;Партия земли и свободы арапахо (ПЗСА);Land and Freedom Party of the Arapaho (LFA);;;;;;;;;;;;x;;;;;;;;;;;;;;;;;;;;;;;;
ARP_agrarianism_2;Аграрная партия арапахо (АПА);Agrarian Party of the Arapaho (APA);;;;;;;;;;;;x;;;;;;;;;;;;;;;;;;;;;;;;
ARP_agrarianism_3;Союз рыбаков и охотников арапахо (СРОА);Union of Fishers and Hunters of the Arapaho (UFHA);;;;;;;;;;;;x;;;;;;;;;;;;;;;;;;;;;;;;
UU1600_ARP_syndicalism_2;Федерация рабочих общин арапахо (ФРОА);Federation of Worker Communities of the Arapaho (FWCA);;;;;;;;;;;;x;;;;;;;;;;;;;;;;;;;;;;;;
UU1600_ARP_syndicalism_3;Синдикальный конгресс арапахо (СКА);Syndicalist Congress of the Arapaho (SCA);;;;;;;;;;;;x;;;;;;;;;;;;;;;;;;;;;;;;
UU1600_ARP_militarism_2;Военный совет арапахо (ВСА);Military Council of the Arapaho (MCA);;;;;;;;;;;;x;;;;;;;;;;;;;;;;;;;;;;;;
UU1600_ARP_militarism_3;Лига защиты рубежей арапахо (ЛЗРА);Frontier Defense League of the Arapaho (FDLA);;;;;;;;;;;;x;;;;;;;;;;;;;;;;;;;;;;;;
UU1600_ARP_ecologism_2;Зеленая стража арапахо (ЗСА);Green Guard of the Arapaho (GGA);;;;;;;;;;;;x;;;;;;;;;;;;;;;;;;;;;;;;
UU1600_ARP_ecologism_3;Союз хранителей лесов арапахо (СХЛА);Union of Forest Keepers of the Arapaho (UFKA);;;;;;;;;;;;x;;;;;;;;;;;;;;;;;;;;;;;;
UU1600_ARP_corporatism_2;Союз ремесленных цехов арапахо (СРЦА);Union of Craft Guilds of the Arapaho (UCGA);;;;;;;;;;;;x;;;;;;;;;;;;;;;;;;;;;;;;
UU1600_ARP_corporatism_3;Палата мастеров арапахо (ПМА);Chamber of Masters of the Arapaho (CMA);;;;;;;;;;;;x;;;;;;;;;;;;;;;;;;;;;;;;
UU1600_ARP_cyber_autonomism_2;Лига вольных узлов арапахо (ЛВУА);League of Free Nodes of the Arapaho (LFNA);;;;;;;;;;;;x;;;;;;;;;;;;;;;;;;;;;;;;
UU1600_ARP_cyber_autonomism_3;Автономная лига сетей арапахо (АЛСА);Autonomous Network League of the Arapaho (ANLA);;;;;;;;;;;;x;;;;;;;;;;;;;;;;;;;;;;;;
ARP_technocratism;Совет навигаторов и мастеров арапахо (СНМА);Council of Navigators and Crafters of the Arapaho (CNCA);;;;;;;;;;;;x;;;;;;;;;;;;;;;;;;;;;;;;
ARP_technocratism_2;Технократическая партия арапахо (ТПА);Technocratic Party of the Arapaho (TPA);;;;;;;;;;;;x;;;;;;;;;;;;;;;;;;;;;;;;
ARP_technocratism_3;Лига мастеров и землемеров арапахо (ЛМЗА);League of Crafters and Surveyors of the Arapaho (LCSA);;;;;;;;;;;;x;;;;;;;;;;;;;;;;;;;;;;;;
ARP_islamist;Союз духовных общин арапахо (СДОА);Spiritual Communities Union of the Arapaho (SCUA);;;;;;;;;;;;x;;;;;;;;;;;;;;;;;;;;;;;;
ARP_islamist_2;Партия веры и закона арапахо (ПВЗА);Party of Faith and Law of the Arapaho (PFLA);;;;;;;;;;;;x;;;;;;;;;;;;;;;;;;;;;;;;
ARP_islamist_3;Духовный собор арапахо (ДСА);Spiritual Assembly of the Arapaho (SAA);;;;;;;;;;;;x;;;;;;;;;;;;;;;;;;;;;;;;
CYN_nationalism_2;Национальный союз шайеннов (НСШ);National Union of the Cheyenne (NUC);;;;;;;;;;;;x;;;;;;;;;;;;;;;;;;;;;;;;
CYN_nationalism_3;Партия земли и свободы шайеннов (ПЗСШ);Land and Freedom Party of the Cheyenne (LFC);;;;;;;;;;;;x;;;;;;;;;;;;;;;;;;;;;;;;
CYN_agrarianism_2;Аграрная партия шайеннов (АПШ);Agrarian Party of the Cheyenne (APC);;;;;;;;;;;;x;;;;;;;;;;;;;;;;;;;;;;;;
CYN_agrarianism_3;Союз рыбаков и охотников шайеннов (СРОШ);Union of Fishers and Hunters of the Cheyenne (UFHC);;;;;;;;;;;;x;;;;;;;;;;;;;;;;;;;;;;;;
UU1600_CYN_syndicalism_2;Федерация рабочих общин шайеннов (ФРОШ);Federation of Worker Communities of the Cheyenne (FWCC);;;;;;;;;;;;x;;;;;;;;;;;;;;;;;;;;;;;;
UU1600_CYN_syndicalism_3;Синдикальный конгресс шайеннов (СКШ);Syndicalist Congress of the Cheyenne (SCC);;;;;;;;;;;;x;;;;;;;;;;;;;;;;;;;;;;;;
UU1600_CYN_militarism_2;Военный совет шайеннов (ВСШ);Military Council of the Cheyenne (MCC);;;;;;;;;;;;x;;;;;;;;;;;;;;;;;;;;;;;;
UU1600_CYN_militarism_3;Лига защиты рубежей шайеннов (ЛЗРШ);Frontier Defense League of the Cheyenne (FDLC);;;;;;;;;;;;x;;;;;;;;;;;;;;;;;;;;;;;;
UU1600_CYN_ecologism_2;Зеленая стража шайеннов (ЗСШ);Green Guard of the Cheyenne (GGC);;;;;;;;;;;;x;;;;;;;;;;;;;;;;;;;;;;;;
UU1600_CYN_ecologism_3;Союз хранителей лесов шайеннов (СХЛШ);Union of Forest Keepers of the Cheyenne (UFKC);;;;;;;;;;;;x;;;;;;;;;;;;;;;;;;;;;;;;
UU1600_CYN_corporatism_2;Союз ремесленных цехов шайеннов (СРЦШ);Union of Craft Guilds of the Cheyenne (UCGC);;;;;;;;;;;;x;;;;;;;;;;;;;;;;;;;;;;;;
UU1600_CYN_corporatism_3;Палата мастеров шайеннов (ПМШ);Chamber of Masters of the Cheyenne (CMC);;;;;;;;;;;;x;;;;;;;;;;;;;;;;;;;;;;;;
UU1600_CYN_cyber_autonomism_2;Лига вольных узлов шайеннов (ЛВУШ);League of Free Nodes of the Cheyenne (LFNC);;;;;;;;;;;;x;;;;;;;;;;;;;;;;;;;;;;;;
UU1600_CYN_cyber_autonomism_3;Автономная лига сетей шайеннов (АЛСШ);Autonomous Network League of the Cheyenne (ANLC);;;;;;;;;;;;x;;;;;;;;;;;;;;;;;;;;;;;;
CYN_technocratism;Совет навигаторов и мастеров шайеннов (СНМШ);Council of Navigators and Crafters of the Cheyenne (CNCC);;;;;;;;;;;;x;;;;;;;;;;;;;;;;;;;;;;;;
CYN_technocratism_2;Технократическая партия шайеннов (ТПШ);Technocratic Party of the Cheyenne (TPC);;;;;;;;;;;;x;;;;;;;;;;;;;;;;;;;;;;;;
CYN_technocratism_3;Лига мастеров и землемеров шайеннов (ЛМЗШ);League of Crafters and Surveyors of the Cheyenne (LCSC);;;;;;;;;;;;x;;;;;;;;;;;;;;;;;;;;;;;;
CYN_islamist;Союз духовных общин шайеннов (СДОШ);Spiritual Communities Union of the Cheyenne (SCUC);;;;;;;;;;;;x;;;;;;;;;;;;;;;;;;;;;;;;
CYN_islamist_2;Партия веры и закона шайеннов (ПВЗШ);Party of Faith and Law of the Cheyenne (PFLC);;;;;;;;;;;;x;;;;;;;;;;;;;;;;;;;;;;;;
CYN_islamist_3;Духовный собор шайеннов (ДСШ);Spiritual Assembly of the Cheyenne (SAC);;;;;;;;;;;;x;;;;;;;;;;;;;;;;;;;;;;;;
CMC_nationalism_2;Национальный союз команчей (НСК);National Union of the Comanche (NUC);;;;;;;;;;;;x;;;;;;;;;;;;;;;;;;;;;;;;
CMC_nationalism_3;Партия земли и свободы команчей (ПЗСК);Land and Freedom Party of the Comanche (LFC);;;;;;;;;;;;x;;;;;;;;;;;;;;;;;;;;;;;;
CMC_agrarianism_2;Аграрная партия команчей (АПК);Agrarian Party of the Comanche (APC);;;;;;;;;;;;x;;;;;;;;;;;;;;;;;;;;;;;;
CMC_agrarianism_3;Союз рыбаков и охотников команчей (СРОК);Union of Fishers and Hunters of the Comanche (UFHC);;;;;;;;;;;;x;;;;;;;;;;;;;;;;;;;;;;;;
UU1600_CMC_syndicalism_2;Федерация рабочих общин команчей (ФРОК);Federation of Worker Communities of the Comanche (FWCC);;;;;;;;;;;;x;;;;;;;;;;;;;;;;;;;;;;;;
UU1600_CMC_syndicalism_3;Синдикальный конгресс команчей (СКК);Syndicalist Congress of the Comanche (SCC);;;;;;;;;;;;x;;;;;;;;;;;;;;;;;;;;;;;;
UU1600_CMC_militarism_2;Военный совет команчей (ВСК);Military Council of the Comanche (MCC);;;;;;;;;;;;x;;;;;;;;;;;;;;;;;;;;;;;;
UU1600_CMC_militarism_3;Лига защиты рубежей команчей (ЛЗРК);Frontier Defense League of the Comanche (FDLC);;;;;;;;;;;;x;;;;;;;;;;;;;;;;;;;;;;;;
UU1600_CMC_ecologism_2;Зеленая стража команчей (ЗСК);Green Guard of the Comanche (GGC);;;;;;;;;;;;x;;;;;;;;;;;;;;;;;;;;;;;;
UU1600_CMC_ecologism_3;Союз хранителей лесов команчей (СХЛК);Union of Forest Keepers of the Comanche (UFKC);;;;;;;;;;;;x;;;;;;;;;;;;;;;;;;;;;;;;
UU1600_CMC_corporatism_2;Союз ремесленных цехов команчей (СРЦК);Union of Craft Guilds of the Comanche (UCGC);;;;;;;;;;;;x;;;;;;;;;;;;;;;;;;;;;;;;
UU1600_CMC_corporatism_3;Палата мастеров команчей (ПМК);Chamber of Masters of the Comanche (CMC);;;;;;;;;;;;x;;;;;;;;;;;;;;;;;;;;;;;;
UU1600_CMC_cyber_autonomism_2;Лига вольных узлов команчей (ЛВУК);League of Free Nodes of the Comanche (LFNC);;;;;;;;;;;;x;;;;;;;;;;;;;;;;;;;;;;;;
UU1600_CMC_cyber_autonomism_3;Автономная лига сетей команчей (АЛСК);Autonomous Network League of the Comanche (ANLC);;;;;;;;;;;;x;;;;;;;;;;;;;;;;;;;;;;;;
CMC_technocratism;Совет навигаторов и мастеров команчей (СНМК);Council of Navigators and Crafters of the Comanche (CNCC);;;;;;;;;;;;x;;;;;;;;;;;;;;;;;;;;;;;;
CMC_technocratism_2;Технократическая партия команчей (ТПК);Technocratic Party of the Comanche (TPC);;;;;;;;;;;;x;;;;;;;;;;;;;;;;;;;;;;;;
CMC_technocratism_3;Лига мастеров и землемеров команчей (ЛМЗК);League of Crafters and Surveyors of the Comanche (LCSC);;;;;;;;;;;;x;;;;;;;;;;;;;;;;;;;;;;;;
CMC_islamist;Союз духовных общин команчей (СДОК);Spiritual Communities Union of the Comanche (SCUC);;;;;;;;;;;;x;;;;;;;;;;;;;;;;;;;;;;;;
CMC_islamist_2;Партия веры и закона команчей (ПВЗК);Party of Faith and Law of the Comanche (PFLC);;;;;;;;;;;;x;;;;;;;;;;;;;;;;;;;;;;;;
CMC_islamist_3;Духовный собор команчей (ДСК);Spiritual Assembly of the Comanche (SAC);;;;;;;;;;;;x;;;;;;;;;;;;;;;;;;;;;;;;
CRK_nationalism_2;Национальный союз криков (НСК);National Union of the Creek (NUC);;;;;;;;;;;;x;;;;;;;;;;;;;;;;;;;;;;;;
CRK_nationalism_3;Партия земли и свободы криков (ПЗСК);Land and Freedom Party of the Creek (LFC);;;;;;;;;;;;x;;;;;;;;;;;;;;;;;;;;;;;;
CRK_agrarianism_2;Аграрная партия криков (АПК);Agrarian Party of the Creek (APC);;;;;;;;;;;;x;;;;;;;;;;;;;;;;;;;;;;;;
CRK_agrarianism_3;Союз рыбаков и охотников криков (СРОК);Union of Fishers and Hunters of the Creek (UFHC);;;;;;;;;;;;x;;;;;;;;;;;;;;;;;;;;;;;;
UU1600_CRK_syndicalism_2;Федерация рабочих общин криков (ФРОК);Federation of Worker Communities of the Creek (FWCC);;;;;;;;;;;;x;;;;;;;;;;;;;;;;;;;;;;;;
UU1600_CRK_syndicalism_3;Синдикальный конгресс криков (СКК);Syndicalist Congress of the Creek (SCC);;;;;;;;;;;;x;;;;;;;;;;;;;;;;;;;;;;;;
UU1600_CRK_militarism_2;Военный совет криков (ВСК);Military Council of the Creek (MCC);;;;;;;;;;;;x;;;;;;;;;;;;;;;;;;;;;;;;
UU1600_CRK_militarism_3;Лига защиты рубежей криков (ЛЗРК);Frontier Defense League of the Creek (FDLC);;;;;;;;;;;;x;;;;;;;;;;;;;;;;;;;;;;;;
UU1600_CRK_ecologism_2;Зеленая стража криков (ЗСК);Green Guard of the Creek (GGC);;;;;;;;;;;;x;;;;;;;;;;;;;;;;;;;;;;;;
UU1600_CRK_ecologism_3;Союз хранителей лесов криков (СХЛК);Union of Forest Keepers of the Creek (UFKC);;;;;;;;;;;;x;;;;;;;;;;;;;;;;;;;;;;;;
UU1600_CRK_corporatism_2;Союз ремесленных цехов криков (СРЦК);Union of Craft Guilds of the Creek (UCGC);;;;;;;;;;;;x;;;;;;;;;;;;;;;;;;;;;;;;
UU1600_CRK_corporatism_3;Палата мастеров криков (ПМК);Chamber of Masters of the Creek (CMC);;;;;;;;;;;;x;;;;;;;;;;;;;;;;;;;;;;;;
UU1600_CRK_cyber_autonomism_2;Лига вольных узлов криков (ЛВУК);League of Free Nodes of the Creek (LFNC);;;;;;;;;;;;x;;;;;;;;;;;;;;;;;;;;;;;;
UU1600_CRK_cyber_autonomism_3;Автономная лига сетей криков (АЛСК);Autonomous Network League of the Creek (ANLC);;;;;;;;;;;;x;;;;;;;;;;;;;;;;;;;;;;;;
CRK_technocratism;Совет навигаторов и мастеров криков (СНМК);Council of Navigators and Crafters of the Creek (CNCC);;;;;;;;;;;;x;;;;;;;;;;;;;;;;;;;;;;;;
CRK_technocratism_2;Технократическая партия криков (ТПК);Technocratic Party of the Creek (TPC);;;;;;;;;;;;x;;;;;;;;;;;;;;;;;;;;;;;;
CRK_technocratism_3;Лига мастеров и землемеров криков (ЛМЗК);League of Crafters and Surveyors of the Creek (LCSC);;;;;;;;;;;;x;;;;;;;;;;;;;;;;;;;;;;;;
CRK_islamist;Союз духовных общин криков (СДОК);Spiritual Communities Union of the Creek (SCUC);;;;;;;;;;;;x;;;;;;;;;;;;;;;;;;;;;;;;
CRK_islamist_2;Партия веры и закона криков (ПВЗК);Party of Faith and Law of the Creek (PFLC);;;;;;;;;;;;x;;;;;;;;;;;;;;;;;;;;;;;;
CRK_islamist_3;Духовный собор криков (ДСК);Spiritual Assembly of the Creek (SAC);;;;;;;;;;;;x;;;;;;;;;;;;;;;;;;;;;;;;
