1604scenariostarter_desc;Запустить стартовый сценарий мира на 1604 год: раннее Новое время, колониальная экспансия впереди, индейские нации ещё независимы.;;;;;;;;;;;;;x
1604scenariostarter_title;Начать сценарий 1604 года;;;;;;;;;;;;;x
1714scenariostarter_desc;Запустить стартовый сценарий мира на 1714 год: эпоха имперских войн и конкуренции держав за колонии.;;;;;;;;;;;;;x
1714scenariostarter_title;Начать сценарий 1714 года;;;;;;;;;;;;;x
1800scenariostarter_desc;Запустить стартовый сценарий мира на 1800 год: наполеоновская эпоха на пороге, старые колонии уже частично заселены.;;;;;;;;;;;;;x
1800scenariostarter_title;Начать сценарий 1800 года;;;;;;;;;;;;;x
InvandePrussia_desc;Франция объявляет войну Пруссии с casus belli «завоевание». Доступно после 1800 года и до 1814 года, когда у власти президентская диктатура.;;;;;;;;;;;;;x
InvandePrussia_title;Нападение на Пруссию;;;;;;;;;;;;;x
SVI_form_DAI_desc;Советский Вьетян меняет государственный строй и тег на Дай Вьет, получает деньги и престиж.;;;;;;;;;;;;;x
SVI_form_DAI_title;Провозгласить независимый Вьетнам;;;;;;;;;;;;;x
accepting_walloon_people_desc;Нидерланды или Бенилюкс принимают валлонское население, получая престиж и флаг. Требует контроля над всеми ядрами Валлонии и Фландрии.;;;;;;;;;;;;;x
accepting_walloon_people_title;Принять валлонцев;;;;;;;;;;;;;x
clean_up_crisis_tension_desc;Гасит всплески напряжения в кризисных провинциях и снижает вероятность новых конфликтов.;;;;;;;;;;;;;x
clean_up_crisis_tension_title;Снизить напряжение кризисов;;;;;;;;;;;;;x
court_yard_speech_swn_desc;Король Швеция-Норвегии выступает при дворе, укрепляя власть династии и влияние на военную политику.;;;;;;;;;;;;;x
court_yard_speech_swn_title;Речь при дворе;;;;;;;;;;;;;x
expand_motala_verkstad_swn_desc;Швеция-Норвегия расширяет корабельную верфь Мотала, получая престиж.;;;;;;;;;;;;;x
expand_motala_verkstad_swn_title;Расширить верфь Мотала;;;;;;;;;;;;;x
form_usca_desc;Центральноамериканские государства объединяются в единое государство: меняется тег, отделяются провинции, добавляются ядра и престиж.;;;;;;;;;;;;;x
form_usca_title;Образовать Центральноамериканский Союз;;;;;;;;;;;;;x
fukoku_kyohei_desc;Япония отделяет провинции и передаёт их протекторату Токогавы, получает ядра, технологии и престиж.;;;;;;;;;;;;;x
fukoku_kyohei_title;Провозгласить Фукуоку кёхэй;;;;;;;;;;;;;x
ganghwa_treaty_desc;Заключить неравноправный договор с другим государством: получить престиж и установить флаг договора.;;;;;;;;;;;;;x
ganghwa_treaty_title;Канхваский договор;;;;;;;;;;;;;x
kobu_gattai_desc;Реформа Кобу Гаттай в Токугавской сёгу: временное усиление военного сословия и ограничение правительства.;;;;;;;;;;;;;x
kobu_gattai_title;Политика Кобу Гаттай;;;;;;;;;;;;;x
leave_british_commonwealth_desc;Покинуть Британское содружество: страна теряет модификатор содружества и получает престиж.;;;;;;;;;;;;;x
leave_british_commonwealth_title;Выйти из Британского содружества;;;;;;;;;;;;;x
move_capital_to_Constantinople_desc;Византия переносит столицу в Константинополь, тратя казну и получая престиж.;;;;;;;;;;;;;x
move_capital_to_Constantinople_title;Перенести столицу в Константинополь;;;;;;;;;;;;;x
north_korean_reunification_alt_desc;Северная Корея объявляет войну Южной Корее ради объединения полуострова.;;;;;;;;;;;;;x
north_korean_reunification_alt_title;Объединить Корею;;;;;;;;;;;;;x
nuke_AZT_desc;Цель - «Империя ацтеков». Потребуется 1 ядерная боеголовка и военный конфликт. Расход: 1 боеголовка, +25 к репутации противника и -25 к вашей репутации. Через 2 дня противнику приходит уведомление об ударе.;;;;;;;;;;;;;x
nuke_AZT_title;Ядерный удар: «Империя ацтеков»;;;;;;;;;;;;;x
nuke_Azerbaijan_desc;Цель - «Азербайджан». Потребуется 1 ядерная боеголовка и военный конфликт. Расход: 1 боеголовка, +25 к репутации противника и -25 к вашей репутации. Через 2 дня противнику приходит уведомление об ударе.;;;;;;;;;;;;;x
nuke_Azerbaijan_title;Ядерный удар: «Азербайджан»;;;;;;;;;;;;;x
nuke_Babylonia_desc;Цель - «Вавилон». Потребуется 1 ядерная боеголовка и военный конфликт. Расход: 1 боеголовка, +25 к репутации противника и -25 к вашей репутации. Через 2 дня противнику приходит уведомление об ударе.;;;;;;;;;;;;;x
nuke_Babylonia_title;Ядерный удар: «Вавилон»;;;;;;;;;;;;;x
nuke_Bali_desc;Цель - «Бали». Потребуется 1 ядерная боеголовка и военный конфликт. Расход: 1 боеголовка, +25 к репутации противника и -25 к вашей репутации. Через 2 дня противнику приходит уведомление об ударе.;;;;;;;;;;;;;x
nuke_Bali_title;Ядерный удар: «Бали»;;;;;;;;;;;;;x
nuke_Bangladesh_desc;Цель - «Бангладеш». Потребуется 1 ядерная боеголовка и военный конфликт. Расход: 1 боеголовка, +25 к репутации противника и -25 к вашей репутации. Через 2 дня противнику приходит уведомление об ударе.;;;;;;;;;;;;;x
nuke_Bangladesh_title;Ядерный удар: «Бангладеш»;;;;;;;;;;;;;x
nuke_Bastar_desc;Цель - «Бастар». Потребуется 1 ядерная боеголовка и военный конфликт. Расход: 1 боеголовка, +25 к репутации противника и -25 к вашей репутации. Через 2 дня противнику приходит уведомление об ударе.;;;;;;;;;;;;;x
nuke_Bastar_title;Ядерный удар: «Бастар»;;;;;;;;;;;;;x
nuke_BritishFederation_desc;Цель - «Британская Федерация». Потребуется 1 ядерная боеголовка и военный конфликт. Расход: 1 боеголовка, +25 к репутации противника и -25 к вашей репутации. Через 2 дня противнику приходит уведомление об ударе.;;;;;;;;;;;;;x
nuke_BritishFederation_title;Ядерный удар: «Британская Федерация»;;;;;;;;;;;;;x
nuke_COR_desc;Цель - «Корсика». Потребуется 1 ядерная боеголовка и военный конфликт. Расход: 1 боеголовка, +25 к репутации противника и -25 к вашей репутации. Через 2 дня противнику приходит уведомление об ударе.;;;;;;;;;;;;;x
nuke_COR_title;Ядерный удар: «Корсика»;;;;;;;;;;;;;x
nuke_CRO_desc;Цель - «Хорватия». Потребуется 1 ядерная боеголовка и военный конфликт. Расход: 1 боеголовка, +25 к репутации противника и -25 к вашей репутации. Через 2 дня противнику приходит уведомление об ударе.;;;;;;;;;;;;;x
nuke_CRO_title;Ядерный удар: «Хорватия»;;;;;;;;;;;;;x
nuke_CSA_desc;Цель - «Америка». Потребуется 1 ядерная боеголовка и военный конфликт. Расход: 1 боеголовка, +25 к репутации противника и -25 к вашей репутации. Через 2 дня противнику приходит уведомление об ударе.;;;;;;;;;;;;;x
nuke_CSA_title;Ядерный удар: «Америка»;;;;;;;;;;;;;x
nuke_CUB_desc;Цель - «Куба». Потребуется 1 ядерная боеголовка и военный конфликт. Расход: 1 боеголовка, +25 к репутации противника и -25 к вашей репутации. Через 2 дня противнику приходит уведомление об ударе.;;;;;;;;;;;;;x
nuke_CUB_title;Ядерный удар: «Куба»;;;;;;;;;;;;;x
nuke_CYP_desc;Цель - «Кипр». Потребуется 1 ядерная боеголовка и военный конфликт. Расход: 1 боеголовка, +25 к репутации противника и -25 к вашей репутации. Через 2 дня противнику приходит уведомление об ударе.;;;;;;;;;;;;;x
nuke_CYP_title;Ядерный удар: «Кипр»;;;;;;;;;;;;;x
nuke_CZH_desc;Цель - «Чехословакия». Потребуется 1 ядерная боеголовка и военный конфликт. Расход: 1 боеголовка, +25 к репутации противника и -25 к вашей репутации. Через 2 дня противнику приходит уведомление об ударе.;;;;;;;;;;;;;x
nuke_CZH_title;Ядерный удар: «Чехословакия»;;;;;;;;;;;;;x
nuke_CZR_desc;Цель - «Чешская Республика». Потребуется 1 ядерная боеголовка и военный конфликт. Расход: 1 боеголовка, +25 к репутации противника и -25 к вашей репутации. Через 2 дня противнику приходит уведомление об ударе.;;;;;;;;;;;;;x
nuke_CZR_title;Ядерный удар: «Чешская Республика»;;;;;;;;;;;;;x
nuke_Canada_desc;Цель - «Канада». Потребуется 1 ядерная боеголовка и военный конфликт. Расход: 1 боеголовка, +25 к репутации противника и -25 к вашей репутации. Через 2 дня противнику приходит уведомление об ударе.;;;;;;;;;;;;;x
nuke_Canada_title;Ядерный удар: «Канада»;;;;;;;;;;;;;x
nuke_China_desc;Цель - «Китайская Республика». Потребуется 1 ядерная боеголовка и военный конфликт. Расход: 1 боеголовка, +25 к репутации противника и -25 к вашей репутации. Через 2 дня противнику приходит уведомление об ударе.;;;;;;;;;;;;;x
nuke_China_title;Ядерный удар: «Китайская Республика»;;;;;;;;;;;;;x
nuke_DEN_desc;Цель - «Дания». Потребуется 1 ядерная боеголовка и военный конфликт. Расход: 1 боеголовка, +25 к репутации противника и -25 к вашей репутации. Через 2 дня противнику приходит уведомление об ударе.;;;;;;;;;;;;;x
nuke_DEN_title;Ядерный удар: «Дания»;;;;;;;;;;;;;x
nuke_DES_desc;Цель - «Дезерет». Потребуется 1 ядерная боеголовка и военный конфликт. Расход: 1 боеголовка, +25 к репутации противника и -25 к вашей репутации. Через 2 дня противнику приходит уведомление об ударе.;;;;;;;;;;;;;x
nuke_DES_title;Ядерный удар: «Дезерет»;;;;;;;;;;;;;x
nuke_DJI_desc;Цель - «Джибути». Потребуется 1 ядерная боеголовка и военный конфликт. Расход: 1 боеголовка, +25 к репутации противника и -25 к вашей репутации. Через 2 дня противнику приходит уведомление об ударе.;;;;;;;;;;;;;x
nuke_DJI_title;Ядерный удар: «Джибути»;;;;;;;;;;;;;x
nuke_DOM_desc;Цель - «Доминиканская Республика». Потребуется 1 ядерная боеголовка и военный конфликт. Расход: 1 боеголовка, +25 к репутации противника и -25 к вашей репутации. Через 2 дня противнику приходит уведомление об ударе.;;;;;;;;;;;;;x
nuke_DOM_title;Ядерный удар: «Доминиканская Республика»;;;;;;;;;;;;;x
nuke_DZG_desc;Цель - «Данциг». Потребуется 1 ядерная боеголовка и военный конфликт. Расход: 1 боеголовка, +25 к репутации противника и -25 к вашей репутации. Через 2 дня противнику приходит уведомление об ударе.;;;;;;;;;;;;;x
nuke_DZG_title;Ядерный удар: «Данциг»;;;;;;;;;;;;;x
nuke_ECU_desc;Цель - «Эквадор». Потребуется 1 ядерная боеголовка и военный конфликт. Расход: 1 боеголовка, +25 к репутации противника и -25 к вашей репутации. Через 2 дня противнику приходит уведомление об ударе.;;;;;;;;;;;;;x
nuke_ECU_title;Ядерный удар: «Эквадор»;;;;;;;;;;;;;x
nuke_EGY_desc;Цель - «Египет». Потребуется 1 ядерная боеголовка и военный конфликт. Расход: 1 боеголовка, +25 к репутации противника и -25 к вашей репутации. Через 2 дня противнику приходит уведомление об ударе.;;;;;;;;;;;;;x
nuke_EGY_title;Ядерный удар: «Египет»;;;;;;;;;;;;;x
nuke_ELS_desc;Цель - «Сальвадор». Потребуется 1 ядерная боеголовка и военный конфликт. Расход: 1 боеголовка, +25 к репутации противника и -25 к вашей репутации. Через 2 дня противнику приходит уведомление об ударе.;;;;;;;;;;;;;x
nuke_ELS_title;Ядерный удар: «Сальвадор»;;;;;;;;;;;;;x
nuke_ERI_desc;Цель - «Эритрея». Потребуется 1 ядерная боеголовка и военный конфликт. Расход: 1 боеголовка, +25 к репутации противника и -25 к вашей репутации. Через 2 дня противнику приходит уведомление об ударе.;;;;;;;;;;;;;x
nuke_ERI_title;Ядерный удар: «Эритрея»;;;;;;;;;;;;;x
nuke_EST_desc;Цель - «Эстония». Потребуется 1 ядерная боеголовка и военный конфликт. Расход: 1 боеголовка, +25 к репутации противника и -25 к вашей репутации. Через 2 дня противнику приходит уведомление об ударе.;;;;;;;;;;;;;x
nuke_EST_title;Ядерный удар: «Эстония»;;;;;;;;;;;;;x
nuke_ETH_desc;Цель - «Эфиопия». Потребуется 1 ядерная боеголовка и военный конфликт. Расход: 1 боеголовка, +25 к репутации противника и -25 к вашей репутации. Через 2 дня противнику приходит уведомление об ударе.;;;;;;;;;;;;;x
nuke_ETH_title;Ядерный удар: «Эфиопия»;;;;;;;;;;;;;x
nuke_EUR_desc;Цель - «Европейский Союз». Потребуется 1 ядерная боеголовка и военный конфликт. Расход: 1 боеголовка, +25 к репутации противника и -25 к вашей репутации. Через 2 дня противнику приходит уведомление об ударе.;;;;;;;;;;;;;x
nuke_EUR_title;Ядерный удар: «Европейский Союз»;;;;;;;;;;;;;x
nuke_EastGermany_desc;Цель - «Восточная Германия». Потребуется 1 ядерная боеголовка и военный конфликт. Расход: 1 боеголовка, +25 к репутации противника и -25 к вашей репутации. Через 2 дня противнику приходит уведомление об ударе.;;;;;;;;;;;;;x
nuke_EastGermany_title;Ядерный удар: «Восточная Германия»;;;;;;;;;;;;;x
nuke_FIN_desc;Цель - «Финляндия». Потребуется 1 ядерная боеголовка и военный конфликт. Расход: 1 боеголовка, +25 к репутации противника и -25 к вашей репутации. Через 2 дня противнику приходит уведомление об ударе.;;;;;;;;;;;;;x
nuke_FIN_title;Ядерный удар: «Финляндия»;;;;;;;;;;;;;x
nuke_FLA_desc;Цель - «Фландрия». Потребуется 1 ядерная боеголовка и военный конфликт. Расход: 1 боеголовка, +25 к репутации противника и -25 к вашей репутации. Через 2 дня противнику приходит уведомление об ударе.;;;;;;;;;;;;;x
nuke_FLA_title;Ядерный удар: «Фландрия»;;;;;;;;;;;;;x
nuke_FRM_desc;Цель - «Франкфурт-на-Майне». Потребуется 1 ядерная боеголовка и военный конфликт. Расход: 1 боеголовка, +25 к репутации противника и -25 к вашей репутации. Через 2 дня противнику приходит уведомление об ударе.;;;;;;;;;;;;;x
nuke_FRM_title;Ядерный удар: «Франкфурт-на-Майне»;;;;;;;;;;;;;x
nuke_GCO_desc;Цель - «Великая Колумбия». Потребуется 1 ядерная боеголовка и военный конфликт. Расход: 1 боеголовка, +25 к репутации противника и -25 к вашей репутации. Через 2 дня противнику приходит уведомление об ударе.;;;;;;;;;;;;;x
nuke_GCO_title;Ядерный удар: «Великая Колумбия»;;;;;;;;;;;;;x
nuke_GEO_desc;Цель - «Грузия». Потребуется 1 ядерная боеголовка и военный конфликт. Расход: 1 боеголовка, +25 к репутации противника и -25 к вашей репутации. Через 2 дня противнику приходит уведомление об ударе.;;;;;;;;;;;;;x
nuke_GEO_title;Ядерный удар: «Грузия»;;;;;;;;;;;;;x
nuke_GRE_desc;Цель - «Греция». Потребуется 1 ядерная боеголовка и военный конфликт. Расход: 1 боеголовка, +25 к репутации противника и -25 к вашей репутации. Через 2 дня противнику приходит уведомление об ударе.;;;;;;;;;;;;;x
nuke_GRE_title;Ядерный удар: «Греция»;;;;;;;;;;;;;x
nuke_GUA_desc;Цель - «Гватемала». Потребуется 1 ядерная боеголовка и военный конфликт. Расход: 1 боеголовка, +25 к репутации противника и -25 к вашей репутации. Через 2 дня противнику приходит уведомление об ударе.;;;;;;;;;;;;;x
nuke_GUA_title;Ядерный удар: «Гватемала»;;;;;;;;;;;;;x
nuke_GWA_desc;Цель - «Гвалиор». Потребуется 1 ядерная боеголовка и военный конфликт. Расход: 1 боеголовка, +25 к репутации противника и -25 к вашей репутации. Через 2 дня противнику приходит уведомление об ударе.;;;;;;;;;;;;;x
nuke_GWA_title;Ядерный удар: «Гвалиор»;;;;;;;;;;;;;x
nuke_GXI_desc;Цель - «Гуанси». Потребуется 1 ядерная боеголовка и военный конфликт. Расход: 1 боеголовка, +25 к репутации противника и -25 к вашей репутации. Через 2 дня противнику приходит уведомление об ударе.;;;;;;;;;;;;;x
nuke_GXI_title;Ядерный удар: «Гуанси»;;;;;;;;;;;;;x
nuke_HAI_desc;Цель - «Гаити». Потребуется 1 ядерная боеголовка и военный конфликт. Расход: 1 боеголовка, +25 к репутации противника и -25 к вашей репутации. Через 2 дня противнику приходит уведомление об ударе.;;;;;;;;;;;;;x
nuke_HAI_title;Ядерный удар: «Гаити»;;;;;;;;;;;;;x
nuke_HAM_desc;Цель - «Гамбург». Потребуется 1 ядерная боеголовка и военный конфликт. Расход: 1 боеголовка, +25 к репутации противника и -25 к вашей репутации. Через 2 дня противнику приходит уведомление об ударе.;;;;;;;;;;;;;x
nuke_HAM_title;Ядерный удар: «Гамбург»;;;;;;;;;;;;;x
nuke_HAN_desc;Цель - «Ганновер». Потребуется 1 ядерная боеголовка и военный конфликт. Расход: 1 боеголовка, +25 к репутации противника и -25 к вашей репутации. Через 2 дня противнику приходит уведомление об ударе.;;;;;;;;;;;;;x
nuke_HAN_title;Ядерный удар: «Ганновер»;;;;;;;;;;;;;x
nuke_HAW_desc;Цель - «Гавайи». Потребуется 1 ядерная боеголовка и военный конфликт. Расход: 1 боеголовка, +25 к репутации противника и -25 к вашей репутации. Через 2 дня противнику приходит уведомление об ударе.;;;;;;;;;;;;;x
nuke_HAW_title;Ядерный удар: «Гавайи»;;;;;;;;;;;;;x
nuke_HEK_desc;Цель - «Гессен-Кассель». Потребуется 1 ядерная боеголовка и военный конфликт. Расход: 1 боеголовка, +25 к репутации противника и -25 к вашей репутации. Через 2 дня противнику приходит уведомление об ударе.;;;;;;;;;;;;;x
nuke_HEK_title;Ядерный удар: «Гессен-Кассель»;;;;;;;;;;;;;x
nuke_HES_desc;Цель - «Гессен-Дармштадт». Потребуется 1 ядерная боеголовка и военный конфликт. Расход: 1 боеголовка, +25 к репутации противника и -25 к вашей репутации. Через 2 дня противнику приходит уведомление об ударе.;;;;;;;;;;;;;x
nuke_HES_title;Ядерный удар: «Гессен-Дармштадт»;;;;;;;;;;;;;x
nuke_HOL_desc;Цель - «Гольштейн». Потребуется 1 ядерная боеголовка и военный конфликт. Расход: 1 боеголовка, +25 к репутации противника и -25 к вашей репутации. Через 2 дня противнику приходит уведомление об ударе.;;;;;;;;;;;;;x
nuke_HOL_title;Ядерный удар: «Гольштейн»;;;;;;;;;;;;;x
nuke_HON_desc;Цель - «Гондурас». Потребуется 1 ядерная боеголовка и военный конфликт. Расход: 1 боеголовка, +25 к репутации противника и -25 к вашей репутации. Через 2 дня противнику приходит уведомление об ударе.;;;;;;;;;;;;;x
nuke_HON_title;Ядерный удар: «Гондурас»;;;;;;;;;;;;;x
nuke_HUN_desc;Цель - «Венгрия». Потребуется 1 ядерная боеголовка и военный конфликт. Расход: 1 боеголовка, +25 к репутации противника и -25 к вашей репутации. Через 2 дня противнику приходит уведомление об ударе.;;;;;;;;;;;;;x
nuke_HUN_title;Ядерный удар: «Венгрия»;;;;;;;;;;;;;x
nuke_HYD_desc;Цель - «Хайдарабад». Потребуется 1 ядерная боеголовка и военный конфликт. Расход: 1 боеголовка, +25 к репутации противника и -25 к вашей репутации. Через 2 дня противнику приходит уведомление об ударе.;;;;;;;;;;;;;x
nuke_HYD_title;Ядерный удар: «Хайдарабад»;;;;;;;;;;;;;x
nuke_ICL_desc;Цель - «Исландия». Потребуется 1 ядерная боеголовка и военный конфликт. Расход: 1 боеголовка, +25 к репутации противника и -25 к вашей репутации. Через 2 дня противнику приходит уведомление об ударе.;;;;;;;;;;;;;x
nuke_ICL_title;Ядерный удар: «Исландия»;;;;;;;;;;;;;x
nuke_IDO_desc;Цель - «Индонезия». Потребуется 1 ядерная боеголовка и военный конфликт. Расход: 1 боеголовка, +25 к репутации противника и -25 к вашей репутации. Через 2 дня противнику приходит уведомление об ударе.;;;;;;;;;;;;;x
nuke_IDO_title;Ядерный удар: «Индонезия»;;;;;;;;;;;;;x
nuke_INDIA_desc;Цель - «Индия». Потребуется 1 ядерная боеголовка и военный конфликт. Расход: 1 боеголовка, +25 к репутации противника и -25 к вашей репутации. Через 2 дня противнику приходит уведомление об ударе.;;;;;;;;;;;;;x
nuke_INDIA_title;Ядерный удар: «Индия»;;;;;;;;;;;;;x
nuke_IND_desc;Цель - «Индор». Потребуется 1 ядерная боеголовка и военный конфликт. Расход: 1 боеголовка, +25 к репутации противника и -25 к вашей репутации. Через 2 дня противнику приходит уведомление об ударе.;;;;;;;;;;;;;x
nuke_IND_title;Ядерный удар: «Индор»;;;;;;;;;;;;;x
nuke_ION_desc;Цель - «Ионические острова». Потребуется 1 ядерная боеголовка и военный конфликт. Расход: 1 боеголовка, +25 к репутации противника и -25 к вашей репутации. Через 2 дня противнику приходит уведомление об ударе.;;;;;;;;;;;;;x
nuke_ION_title;Ядерный удар: «Ионические острова»;;;;;;;;;;;;;x
nuke_IRE_desc;Цель - «Ирландия». Потребуется 1 ядерная боеголовка и военный конфликт. Расход: 1 боеголовка, +25 к репутации противника и -25 к вашей репутации. Через 2 дня противнику приходит уведомление об ударе.;;;;;;;;;;;;;x
nuke_IRE_title;Ядерный удар: «Ирландия»;;;;;;;;;;;;;x
nuke_IRO_desc;Цель - «Конфедерация ирокезов». Потребуется 1 ядерная боеголовка и военный конфликт. Расход: 1 боеголовка, +25 к репутации противника и -25 к вашей репутации. Через 2 дня противнику приходит уведомление об ударе.;;;;;;;;;;;;;x
nuke_IRO_title;Ядерный удар: «Конфедерация ирокезов»;;;;;;;;;;;;;x
nuke_IRQ_desc;Цель - «Ирак». Потребуется 1 ядерная боеголовка и военный конфликт. Расход: 1 боеголовка, +25 к репутации противника и -25 к вашей репутации. Через 2 дня противнику приходит уведомление об ударе.;;;;;;;;;;;;;x
nuke_IRQ_title;Ядерный удар: «Ирак»;;;;;;;;;;;;;x
nuke_ISR_desc;Цель - «Израиль». Потребуется 1 ядерная боеголовка и военный конфликт. Расход: 1 боеголовка, +25 к репутации противника и -25 к вашей репутации. Через 2 дня противнику приходит уведомление об ударе.;;;;;;;;;;;;;x
nuke_ISR_title;Ядерный удар: «Израиль»;;;;;;;;;;;;;x
nuke_Italy_desc;Цель - «Италия». Потребуется 1 ядерная боеголовка и военный конфликт. Расход: 1 боеголовка, +25 к репутации противника и -25 к вашей репутации. Через 2 дня противнику приходит уведомление об ударе.;;;;;;;;;;;;;x
nuke_Italy_title;Ядерный удар: «Италия»;;;;;;;;;;;;;x
nuke_JAI_desc;Цель - «Джайпур». Потребуется 1 ядерная боеголовка и военный конфликт. Расход: 1 боеголовка, +25 к репутации противника и -25 к вашей репутации. Через 2 дня противнику приходит уведомление об ударе.;;;;;;;;;;;;;x
nuke_JAI_title;Ядерный удар: «Джайпур»;;;;;;;;;;;;;x
nuke_JAN_desc;Цель - «Ян-Майен». Потребуется 1 ядерная боеголовка и военный конфликт. Расход: 1 боеголовка, +25 к репутации противника и -25 к вашей репутации. Через 2 дня противнику приходит уведомление об ударе.;;;;;;;;;;;;;x
nuke_JAN_title;Ядерный удар: «Ян-Майен»;;;;;;;;;;;;;x
nuke_JAS_desc;Цель - «Абу-Даби». Потребуется 1 ядерная боеголовка и военный конфликт. Расход: 1 боеголовка, +25 к репутации противника и -25 к вашей репутации. Через 2 дня противнику приходит уведомление об ударе.;;;;;;;;;;;;;x
nuke_JAS_title;Ядерный удар: «Абу-Даби»;;;;;;;;;;;;;x
nuke_JAV_desc;Цель - «Ява». Потребуется 1 ядерная боеголовка и военный конфликт. Расход: 1 боеголовка, +25 к репутации противника и -25 к вашей репутации. Через 2 дня противнику приходит уведомление об ударе.;;;;;;;;;;;;;x
nuke_JAV_title;Ядерный удар: «Ява»;;;;;;;;;;;;;x
nuke_JOD_desc;Цель - «Джодхпур». Потребуется 1 ядерная боеголовка и военный конфликт. Расход: 1 боеголовка, +25 к репутации противника и -25 к вашей репутации. Через 2 дня противнику приходит уведомление об ударе.;;;;;;;;;;;;;x
nuke_JOD_title;Ядерный удар: «Джодхпур»;;;;;;;;;;;;;x
nuke_JOH_desc;Цель - «Джохор». Потребуется 1 ядерная боеголовка и военный конфликт. Расход: 1 боеголовка, +25 к репутации противника и -25 к вашей репутации. Через 2 дня противнику приходит уведомление об ударе.;;;;;;;;;;;;;x
nuke_JOH_title;Ядерный удар: «Джохор»;;;;;;;;;;;;;x
nuke_JOR_desc;Цель - «Иордания». Потребуется 1 ядерная боеголовка и военный конфликт. Расход: 1 боеголовка, +25 к репутации противника и -25 к вашей репутации. Через 2 дня противнику приходит уведомление об ударе.;;;;;;;;;;;;;x
nuke_JOR_title;Ядерный удар: «Иордания»;;;;;;;;;;;;;x
nuke_Japan_desc;Цель - «Япония». Потребуется 1 ядерная боеголовка и военный конфликт. Расход: 1 боеголовка, +25 к репутации противника и -25 к вашей репутации. Через 2 дня противнику приходит уведомление об ударе.;;;;;;;;;;;;;x
nuke_Japan_title;Ядерный удар: «Япония»;;;;;;;;;;;;;x
nuke_KAL_desc;Цель - «Калат». Потребуется 1 ядерная боеголовка и военный конфликт. Расход: 1 боеголовка, +25 к репутации противника и -25 к вашей репутации. Через 2 дня противнику приходит уведомление об ударе.;;;;;;;;;;;;;x
nuke_KAL_title;Ядерный удар: «Калат»;;;;;;;;;;;;;x
nuke_KAS_desc;Цель - «Кашмир». Потребуется 1 ядерная боеголовка и военный конфликт. Расход: 1 боеголовка, +25 к репутации противника и -25 к вашей репутации. Через 2 дня противнику приходит уведомление об ударе.;;;;;;;;;;;;;x
nuke_KAS_title;Ядерный удар: «Кашмир»;;;;;;;;;;;;;x
nuke_KAZ_desc;Цель - «Казахстан». Потребуется 1 ядерная боеголовка и военный конфликт. Расход: 1 боеголовка, +25 к репутации противника и -25 к вашей репутации. Через 2 дня противнику приходит уведомление об ударе.;;;;;;;;;;;;;x
nuke_KAZ_title;Ядерный удар: «Казахстан»;;;;;;;;;;;;;x
nuke_KHI_desc;Цель - «Хива». Потребуется 1 ядерная боеголовка и военный конфликт. Расход: 1 боеголовка, +25 к репутации противника и -25 к вашей репутации. Через 2 дня противнику приходит уведомление об ударе.;;;;;;;;;;;;;x
nuke_KHI_title;Ядерный удар: «Хива»;;;;;;;;;;;;;x
nuke_KNA_desc;Цель - «Коканд». Потребуется 1 ядерная боеголовка и военный конфликт. Расход: 1 боеголовка, +25 к репутации противника и -25 к вашей репутации. Через 2 дня противнику приходит уведомление об ударе.;;;;;;;;;;;;;x
nuke_KNA_title;Ядерный удар: «Коканд»;;;;;;;;;;;;;x
nuke_KOK_desc;Цель - «Коканд». Потребуется 1 ядерная боеголовка и военный конфликт. Расход: 1 боеголовка, +25 к репутации противника и -25 к вашей репутации. Через 2 дня противнику приходит уведомление об ударе.;;;;;;;;;;;;;x
nuke_KOK_title;Ядерный удар: «Коканд»;;;;;;;;;;;;;x
nuke_KOR_desc;Цель - «Корея». Потребуется 1 ядерная боеголовка и военный конфликт. Расход: 1 боеголовка, +25 к репутации противника и -25 к вашей репутации. Через 2 дня противнику приходит уведомление об ударе.;;;;;;;;;;;;;x
nuke_KOR_title;Ядерный удар: «Корея»;;;;;;;;;;;;;x
nuke_KRA_desc;Цель - «Краков». Потребуется 1 ядерная боеголовка и военный конфликт. Расход: 1 боеголовка, +25 к репутации противника и -25 к вашей репутации. Через 2 дня противнику приходит уведомление об ударе.;;;;;;;;;;;;;x
nuke_KRA_title;Ядерный удар: «Краков»;;;;;;;;;;;;;x
nuke_KUT_desc;Цель - «Кутч». Потребуется 1 ядерная боеголовка и военный конфликт. Расход: 1 боеголовка, +25 к репутации противника и -25 к вашей репутации. Через 2 дня противнику приходит уведомление об ударе.;;;;;;;;;;;;;x
nuke_KUT_title;Ядерный удар: «Кутч»;;;;;;;;;;;;;x
nuke_KUW_desc;Цель - «Кыргызстан». Потребуется 1 ядерная боеголовка и военный конфликт. Расход: 1 боеголовка, +25 к репутации противника и -25 к вашей репутации. Через 2 дня противнику приходит уведомление об ударе.;;;;;;;;;;;;;x
nuke_KUW_title;Ядерный удар: «Кыргызстан»;;;;;;;;;;;;;x
nuke_KYR_desc;Цель - «Кыргызстан». Потребуется 1 ядерная боеголовка и военный конфликт. Расход: 1 боеголовка, +25 к репутации противника и -25 к вашей репутации. Через 2 дня противнику приходит уведомление об ударе.;;;;;;;;;;;;;x
nuke_KYR_title;Ядерный удар: «Кыргызстан»;;;;;;;;;;;;;x
nuke_LAD_desc;Цель - «Ладакх». Потребуется 1 ядерная боеголовка и военный конфликт. Расход: 1 боеголовка, +25 к репутации противника и -25 к вашей репутации. Через 2 дня противнику приходит уведомление об ударе.;;;;;;;;;;;;;x
nuke_LAD_title;Ядерный удар: «Ладакх»;;;;;;;;;;;;;x
nuke_LAT_desc;Цель - «Латвия». Потребуется 1 ядерная боеголовка и военный конфликт. Расход: 1 боеголовка, +25 к репутации противника и -25 к вашей репутации. Через 2 дня противнику приходит уведомление об ударе.;;;;;;;;;;;;;x
nuke_LAT_title;Ядерный удар: «Латвия»;;;;;;;;;;;;;x
nuke_LEB_desc;Цель - «Ливан». Потребуется 1 ядерная боеголовка и военный конфликт. Расход: 1 боеголовка, +25 к репутации противника и -25 к вашей репутации. Через 2 дня противнику приходит уведомление об ударе.;;;;;;;;;;;;;x
nuke_LEB_title;Ядерный удар: «Ливан»;;;;;;;;;;;;;x
nuke_LES_desc;Цель - «Ливан». Потребуется 1 ядерная боеголовка и военный конфликт. Расход: 1 боеголовка, +25 к репутации противника и -25 к вашей репутации. Через 2 дня противнику приходит уведомление об ударе.;;;;;;;;;;;;;x
nuke_LES_title;Ядерный удар: «Ливан»;;;;;;;;;;;;;x
nuke_LIE_desc;Цель - «Льеж». Потребуется 1 ядерная боеголовка и военный конфликт. Расход: 1 боеголовка, +25 к репутации противника и -25 к вашей репутации. Через 2 дня противнику приходит уведомление об ударе.;;;;;;;;;;;;;x
nuke_LIE_title;Ядерный удар: «Льеж»;;;;;;;;;;;;;x
nuke_LIP_desc;Цель - «Липпе-Детмольд». Потребуется 1 ядерная боеголовка и военный конфликт. Расход: 1 боеголовка, +25 к репутации противника и -25 к вашей репутации. Через 2 дня противнику приходит уведомление об ударе.;;;;;;;;;;;;;x
nuke_LIP_title;Ядерный удар: «Липпе-Детмольд»;;;;;;;;;;;;;x
nuke_LIT_desc;Цель - «Литва». Потребуется 1 ядерная боеголовка и военный конфликт. Расход: 1 боеголовка, +25 к репутации противника и -25 к вашей репутации. Через 2 дня противнику приходит уведомление об ударе.;;;;;;;;;;;;;x
nuke_LIT_title;Ядерный удар: «Литва»;;;;;;;;;;;;;x
nuke_LOM_desc;Цель - «Ломбардия». Потребуется 1 ядерная боеголовка и военный конфликт. Расход: 1 боеголовка, +25 к репутации противника и -25 к вашей репутации. Через 2 дня противнику приходит уведомление об ударе.;;;;;;;;;;;;;x
nuke_LOM_title;Ядерный удар: «Ломбардия»;;;;;;;;;;;;;x
nuke_LUA_desc;Цель - «Луангпрабанг». Потребуется 1 ядерная боеголовка и военный конфликт. Расход: 1 боеголовка, +25 к репутации противника и -25 к вашей репутации. Через 2 дня противнику приходит уведомление об ударе.;;;;;;;;;;;;;x
nuke_LUA_title;Ядерный удар: «Луангпрабанг»;;;;;;;;;;;;;x
nuke_LUB_desc;Цель - «Любек». Потребуется 1 ядерная боеголовка и военный конфликт. Расход: 1 боеголовка, +25 к репутации противника и -25 к вашей репутации. Через 2 дня противнику приходит уведомление об ударе.;;;;;;;;;;;;;x
nuke_LUB_title;Ядерный удар: «Любек»;;;;;;;;;;;;;x
nuke_LUC_desc;Цель - «Лукка». Потребуется 1 ядерная боеголовка и военный конфликт. Расход: 1 боеголовка, +25 к репутации противника и -25 к вашей репутации. Через 2 дня противнику приходит уведомление об ударе.;;;;;;;;;;;;;x
nuke_LUC_title;Ядерный удар: «Лукка»;;;;;;;;;;;;;x
nuke_LUX_desc;Цель - «Люксембург». Потребуется 1 ядерная боеголовка и военный конфликт. Расход: 1 боеголовка, +25 к репутации противника и -25 к вашей репутации. Через 2 дня противнику приходит уведомление об ударе.;;;;;;;;;;;;;x
nuke_LUX_title;Ядерный удар: «Люксембург»;;;;;;;;;;;;;x
nuke_LYB_desc;Цель - «Ливия». Потребуется 1 ядерная боеголовка и военный конфликт. Расход: 1 боеголовка, +25 к репутации противника и -25 к вашей репутации. Через 2 дня противнику приходит уведомление об ударе.;;;;;;;;;;;;;x
nuke_LYB_title;Ядерный удар: «Ливия»;;;;;;;;;;;;;x
nuke_MAC_desc;Цель - «Македония». Потребуется 1 ядерная боеголовка и военный конфликт. Расход: 1 боеголовка, +25 к репутации противника и -25 к вашей репутации. Через 2 дня противнику приходит уведомление об ударе.;;;;;;;;;;;;;x
nuke_MAC_title;Ядерный удар: «Македония»;;;;;;;;;;;;;x
nuke_MAD_desc;Цель - «Мадагаскар». Потребуется 1 ядерная боеголовка и военный конфликт. Расход: 1 боеголовка, +25 к репутации противника и -25 к вашей репутации. Через 2 дня противнику приходит уведомление об ударе.;;;;;;;;;;;;;x
nuke_MAD_title;Ядерный удар: «Мадагаскар»;;;;;;;;;;;;;x
nuke_MAK_desc;Цель - «Макран». Потребуется 1 ядерная боеголовка и военный конфликт. Расход: 1 боеголовка, +25 к репутации противника и -25 к вашей репутации. Через 2 дня противнику приходит уведомление об ударе.;;;;;;;;;;;;;x
nuke_MAK_title;Ядерный удар: «Макран»;;;;;;;;;;;;;x
nuke_MAL_desc;Цель - «Малайзия». Потребуется 1 ядерная боеголовка и военный конфликт. Расход: 1 боеголовка, +25 к репутации противника и -25 к вашей репутации. Через 2 дня противнику приходит уведомление об ударе.;;;;;;;;;;;;;x
nuke_MAL_title;Ядерный удар: «Малайзия»;;;;;;;;;;;;;x
nuke_MAN_desc;Цель - «Коммуна Манхэттена». Потребуется 1 ядерная боеголовка и военный конфликт. Расход: 1 боеголовка, +25 к репутации противника и -25 к вашей репутации. Через 2 дня противнику приходит уведомление об ударе.;;;;;;;;;;;;;x
nuke_MAN_title;Ядерный удар: «Коммуна Манхэттена»;;;;;;;;;;;;;x
nuke_MCK_desc;Цель - «Маньчжоу-го». Потребуется 1 ядерная боеголовка и военный конфликт. Расход: 1 боеголовка, +25 к репутации противника и -25 к вашей репутации. Через 2 дня противнику приходит уведомление об ударе.;;;;;;;;;;;;;x
nuke_MCK_title;Ядерный удар: «Маньчжоу-го»;;;;;;;;;;;;;x
nuke_MEC_desc;Цель - «Мекленбург». Потребуется 1 ядерная боеголовка и военный конфликт. Расход: 1 боеголовка, +25 к репутации противника и -25 к вашей репутации. Через 2 дня противнику приходит уведомление об ударе.;;;;;;;;;;;;;x
nuke_MEC_title;Ядерный удар: «Мекленбург»;;;;;;;;;;;;;x
nuke_MEW_desc;Цель - «Мевар». Потребуется 1 ядерная боеголовка и военный конфликт. Расход: 1 боеголовка, +25 к репутации противника и -25 к вашей репутации. Через 2 дня противнику приходит уведомление об ударе.;;;;;;;;;;;;;x
nuke_MEW_title;Ядерный удар: «Мевар»;;;;;;;;;;;;;x
nuke_MEX_desc;Цель - «Мексика». Потребуется 1 ядерная боеголовка и военный конфликт. Расход: 1 боеголовка, +25 к репутации противника и -25 к вашей репутации. Через 2 дня противнику приходит уведомление об ударе.;;;;;;;;;;;;;x
nuke_MEX_title;Ядерный удар: «Мексика»;;;;;;;;;;;;;x
nuke_MGL_desc;Цель - «Монголия». Потребуется 1 ядерная боеголовка и военный конфликт. Расход: 1 боеголовка, +25 к репутации противника и -25 к вашей репутации. Через 2 дня противнику приходит уведомление об ударе.;;;;;;;;;;;;;x
nuke_MGL_title;Ядерный удар: «Монголия»;;;;;;;;;;;;;x
nuke_MOD_desc;Цель - «Модена». Потребуется 1 ядерная боеголовка и военный конфликт. Расход: 1 боеголовка, +25 к репутации противника и -25 к вашей репутации. Через 2 дня противнику приходит уведомление об ударе.;;;;;;;;;;;;;x
nuke_MOD_title;Ядерный удар: «Модена»;;;;;;;;;;;;;x
nuke_MOL_desc;Цель - «Молдавия». Потребуется 1 ядерная боеголовка и военный конфликт. Расход: 1 боеголовка, +25 к репутации противника и -25 к вашей репутации. Через 2 дня противнику приходит уведомление об ударе.;;;;;;;;;;;;;x
nuke_MOL_title;Ядерный удар: «Молдавия»;;;;;;;;;;;;;x
nuke_MON_desc;Цель - «Черногория». Потребуется 1 ядерная боеголовка и военный конфликт. Расход: 1 боеголовка, +25 к репутации противника и -25 к вашей репутации. Через 2 дня противнику приходит уведомление об ударе.;;;;;;;;;;;;;x
nuke_MON_title;Ядерный удар: «Черногория»;;;;;;;;;;;;;x
nuke_MOR_desc;Цель - «Марокко». Потребуется 1 ядерная боеголовка и военный конфликт. Расход: 1 боеголовка, +25 к репутации противника и -25 к вашей репутации. Через 2 дня противнику приходит уведомление об ударе.;;;;;;;;;;;;;x
nuke_MOR_title;Ядерный удар: «Марокко»;;;;;;;;;;;;;x
nuke_MTC_desc;Цель - «Конфедерация метисов». Потребуется 1 ядерная боеголовка и военный конфликт. Расход: 1 боеголовка, +25 к репутации противника и -25 к вашей репутации. Через 2 дня противнику приходит уведомление об ударе.;;;;;;;;;;;;;x
nuke_MTC_title;Ядерный удар: «Конфедерация метисов»;;;;;;;;;;;;;x
nuke_MUG_desc;Цель - «Мугалистан». Потребуется 1 ядерная боеголовка и военный конфликт. Расход: 1 боеголовка, +25 к репутации противника и -25 к вашей репутации. Через 2 дня противнику приходит уведомление об ударе.;;;;;;;;;;;;;x
nuke_MUG_title;Ядерный удар: «Мугалистан»;;;;;;;;;;;;;x
nuke_MYS_desc;Цель - «Майсур». Потребуется 1 ядерная боеголовка и военный конфликт. Расход: 1 боеголовка, +25 к репутации противника и -25 к вашей репутации. Через 2 дня противнику приходит уведомление об ударе.;;;;;;;;;;;;;x
nuke_MYS_title;Ядерный удар: «Майсур»;;;;;;;;;;;;;x
nuke_NAG_desc;Цель - «Нагпур». Потребуется 1 ядерная боеголовка и военный конфликт. Расход: 1 боеголовка, +25 к репутации противника и -25 к вашей репутации. Через 2 дня противнику приходит уведомление об ударе.;;;;;;;;;;;;;x
nuke_NAG_title;Ядерный удар: «Нагпур»;;;;;;;;;;;;;x
nuke_NAL_desc;Цель - «Наталия». Потребуется 1 ядерная боеголовка и военный конфликт. Расход: 1 боеголовка, +25 к репутации противника и -25 к вашей репутации. Через 2 дня противнику приходит уведомление об ударе.;;;;;;;;;;;;;x
nuke_NAL_title;Ядерный удар: «Наталия»;;;;;;;;;;;;;x
nuke_NAS_desc;Цель - «Нассау». Потребуется 1 ядерная боеголовка и военный конфликт. Расход: 1 боеголовка, +25 к репутации противника и -25 к вашей репутации. Через 2 дня противнику приходит уведомление об ударе.;;;;;;;;;;;;;x
nuke_NAS_title;Ядерный удар: «Нассау»;;;;;;;;;;;;;x
nuke_NCN_desc;Цель - «Китайская Республика». Потребуется 1 ядерная боеголовка и военный конфликт. Расход: 1 боеголовка, +25 к репутации противника и -25 к вашей репутации. Через 2 дня противнику приходит уведомление об ударе.;;;;;;;;;;;;;x
nuke_NCN_title;Ядерный удар: «Китайская Республика»;;;;;;;;;;;;;x
nuke_NEJ_desc;Цель - «Неджд». Потребуется 1 ядерная боеголовка и военный конфликт. Расход: 1 боеголовка, +25 к репутации противника и -25 к вашей репутации. Через 2 дня противнику приходит уведомление об ударе.;;;;;;;;;;;;;x
nuke_NEJ_title;Ядерный удар: «Неджд»;;;;;;;;;;;;;x
nuke_NEN_desc;Цель - «Новая Англия». Потребуется 1 ядерная боеголовка и военный конфликт. Расход: 1 боеголовка, +25 к репутации противника и -25 к вашей репутации. Через 2 дня противнику приходит уведомление об ударе.;;;;;;;;;;;;;x
nuke_NEN_title;Ядерный удар: «Новая Англия»;;;;;;;;;;;;;x
nuke_NEP_desc;Цель - «Непал». Потребуется 1 ядерная боеголовка и военный конфликт. Расход: 1 боеголовка, +25 к репутации противника и -25 к вашей репутации. Через 2 дня противнику приходит уведомление об ударе.;;;;;;;;;;;;;x
nuke_NEP_title;Ядерный удар: «Непал»;;;;;;;;;;;;;x
nuke_NET_desc;Цель - «Нидерланды». Потребуется 1 ядерная боеголовка и военный конфликт. Расход: 1 боеголовка, +25 к репутации противника и -25 к вашей репутации. Через 2 дня противнику приходит уведомление об ударе.;;;;;;;;;;;;;x
nuke_NET_title;Ядерный удар: «Нидерланды»;;;;;;;;;;;;;x
nuke_NEW_desc;Цель - «Ньюфаундленд». Потребуется 1 ядерная боеголовка и военный конфликт. Расход: 1 боеголовка, +25 к репутации противника и -25 к вашей репутации. Через 2 дня противнику приходит уведомление об ударе.;;;;;;;;;;;;;x
nuke_NEW_title;Ядерный удар: «Ньюфаундленд»;;;;;;;;;;;;;x
nuke_NGF_desc;Цель - «Северогерманская Федерация». Потребуется 1 ядерная боеголовка и военный конфликт. Расход: 1 боеголовка, +25 к репутации противника и -25 к вашей репутации. Через 2 дня противнику приходит уведомление об ударе.;;;;;;;;;;;;;x
nuke_NGF_title;Ядерный удар: «Северогерманская Федерация»;;;;;;;;;;;;;x
nuke_NIC_desc;Цель - «Никарагуа». Потребуется 1 ядерная боеголовка и военный конфликт. Расход: 1 боеголовка, +25 к репутации противника и -25 к вашей репутации. Через 2 дня противнику приходит уведомление об ударе.;;;;;;;;;;;;;x
nuke_NIC_title;Ядерный удар: «Никарагуа»;;;;;;;;;;;;;x
nuke_NKA_desc;Цель - «Северная Корея». Потребуется 1 ядерная боеголовка и военный конфликт. Расход: 1 боеголовка, +25 к репутации противника и -25 к вашей репутации. Через 2 дня противнику приходит уведомление об ударе.;;;;;;;;;;;;;x
nuke_NKA_title;Ядерный удар: «Северная Корея»;;;;;;;;;;;;;x
nuke_NOR_desc;Цель - «Норвегия». Потребуется 1 ядерная боеголовка и военный конфликт. Расход: 1 боеголовка, +25 к репутации противника и -25 к вашей репутации. Через 2 дня противнику приходит уведомление об ударе.;;;;;;;;;;;;;x
nuke_NOR_title;Ядерный удар: «Норвегия»;;;;;;;;;;;;;x
nuke_NRI_desc;Цель - «Северная Ирландия». Потребуется 1 ядерная боеголовка и военный конфликт. Расход: 1 боеголовка, +25 к репутации противника и -25 к вашей репутации. Через 2 дня противнику приходит уведомление об ударе.;;;;;;;;;;;;;x
nuke_NRI_title;Ядерный удар: «Северная Ирландия»;;;;;;;;;;;;;x
nuke_NZL_desc;Цель - «Новая Зеландия». Потребуется 1 ядерная боеголовка и военный конфликт. Расход: 1 боеголовка, +25 к репутации противника и -25 к вашей репутации. Через 2 дня противнику приходит уведомление об ударе.;;;;;;;;;;;;;x
nuke_NZL_title;Ядерный удар: «Новая Зеландия»;;;;;;;;;;;;;x
nuke_OLD_desc;Цель - «Ольденбург». Потребуется 1 ядерная боеголовка и военный конфликт. Расход: 1 боеголовка, +25 к репутации противника и -25 к вашей репутации. Через 2 дня противнику приходит уведомление об ударе.;;;;;;;;;;;;;x
nuke_OLD_title;Ядерный удар: «Ольденбург»;;;;;;;;;;;;;x
nuke_OMA_desc;Цель - «Оман». Потребуется 1 ядерная боеголовка и военный конфликт. Расход: 1 боеголовка, +25 к репутации противника и -25 к вашей репутации. Через 2 дня противнику приходит уведомление об ударе.;;;;;;;;;;;;;x
nuke_OMA_title;Ядерный удар: «Оман»;;;;;;;;;;;;;x
nuke_ONT_desc;Цель - «Онтарио». Потребуется 1 ядерная боеголовка и военный конфликт. Расход: 1 боеголовка, +25 к репутации противника и -25 к вашей репутации. Через 2 дня противнику приходит уведомление об ударе.;;;;;;;;;;;;;x
nuke_ONT_title;Ядерный удар: «Онтарио»;;;;;;;;;;;;;x
nuke_ORA_desc;Цель - «Оранжевый». Потребуется 1 ядерная боеголовка и военный конфликт. Расход: 1 боеголовка, +25 к репутации противника и -25 к вашей репутации. Через 2 дня противнику приходит уведомление об ударе.;;;;;;;;;;;;;x
nuke_ORA_title;Ядерный удар: «Оранжевый»;;;;;;;;;;;;;x
nuke_PNG_desc;Цель - «Папуа-Новая Гвинея». Потребуется 1 ядерная боеголовка и военный конфликт. Расход: 1 боеголовка, +25 к репутации противника и -25 к вашей репутации. Через 2 дня противнику приходит уведомление об ударе.;;;;;;;;;;;;;x
nuke_PNG_title;Ядерный удар: «Папуа-Новая Гвинея»;;;;;;;;;;;;;x
nuke_Russia_desc;Цель - «Россия». Потребуется 1 ядерная боеголовка и военный конфликт. Расход: 1 боеголовка, +25 к репутации противника и -25 к вашей репутации. Через 2 дня противнику приходит уведомление об ударе.;;;;;;;;;;;;;x
nuke_Russia_title;Ядерный удар: «Россия»;;;;;;;;;;;;;x
nuke_Ryukyu_desc;Цель - «Рюкю». Потребуется 1 ядерная боеголовка и военный конфликт. Расход: 1 боеголовка, +25 к репутации противника и -25 к вашей репутации. Через 2 дня противнику приходит уведомление об ударе.;;;;;;;;;;;;;x
nuke_Ryukyu_title;Ядерный удар: «Рюкю»;;;;;;;;;;;;;x
nuke_SAU_desc;Цель - «Саудовская Аравия». Потребуется 1 ядерная боеголовка и военный конфликт. Расход: 1 боеголовка, +25 к репутации противника и -25 к вашей репутации. Через 2 дня противнику приходит уведомление об ударе.;;;;;;;;;;;;;x
nuke_SAU_title;Ядерный удар: «Саудовская Аравия»;;;;;;;;;;;;;x
nuke_SDA_desc;Цель - «Сардиния». Потребуется 1 ядерная боеголовка и военный конфликт. Расход: 1 боеголовка, +25 к репутации противника и -25 к вашей репутации. Через 2 дня противнику приходит уведомление об ударе.;;;;;;;;;;;;;x
nuke_SDA_title;Ядерный удар: «Сардиния»;;;;;;;;;;;;;x
nuke_Scandinavia_desc;Цель - «Скандинавия». Потребуется 1 ядерная боеголовка и военный конфликт. Расход: 1 боеголовка, +25 к репутации противника и -25 к вашей репутации. Через 2 дня противнику приходит уведомление об ударе.;;;;;;;;;;;;;x
nuke_Scandinavia_title;Ядерный удар: «Скандинавия»;;;;;;;;;;;;;x
nuke_Spain_desc;Цель - «Испания». Потребуется 1 ядерная боеголовка и военный конфликт. Расход: 1 боеголовка, +25 к репутации противника и -25 к вашей репутации. Через 2 дня противнику приходит уведомление об ударе.;;;;;;;;;;;;;x
nuke_Spain_title;Ядерный удар: «Испания»;;;;;;;;;;;;;x
nuke_UBD_desc;Цель - «Соединённые Балтийские провинции». Потребуется 1 ядерная боеголовка и военный конфликт. Расход: 1 боеголовка, +25 к репутации противника и -25 к вашей репутации. Через 2 дня противнику приходит уведомление об ударе.;;;;;;;;;;;;;x
nuke_UBD_title;Ядерный удар: «Соединённые Балтийские провинции»;;;;;;;;;;;;;x
nuke_UCA_desc;Цель - «Соединенные Штаты Центральной Америки». Потребуется 1 ядерная боеголовка и военный конфликт. Расход: 1 боеголовка, +25 к репутации противника и -25 к вашей репутации. Через 2 дня противнику приходит уведомление об ударе.;;;;;;;;;;;;;x
nuke_UCA_title;Ядерный удар: «Соединенные Штаты Центральной Америки»;;;;;;;;;;;;;x
nuke_UGA_desc;Цель - «Уганда». Потребуется 1 ядерная боеголовка и военный конфликт. Расход: 1 боеголовка, +25 к репутации противника и -25 к вашей репутации. Через 2 дня противнику приходит уведомление об ударе.;;;;;;;;;;;;;x
nuke_UGA_title;Ядерный удар: «Уганда»;;;;;;;;;;;;;x
nuke_UK_desc;Цель - «Соединенное Королевство». Потребуется 1 ядерная боеголовка и военный конфликт. Расход: 1 боеголовка, +25 к репутации противника и -25 к вашей репутации. Через 2 дня противнику приходит уведомление об ударе.;;;;;;;;;;;;;x
nuke_UK_title;Ядерный удар: «Соединенное Королевство»;;;;;;;;;;;;;x
nuke_VEN_desc;Цель - «Венеция». Потребуется 1 ядерная боеголовка и военный конфликт. Расход: 1 боеголовка, +25 к репутации противника и -25 к вашей репутации. Через 2 дня противнику приходит уведомление об ударе.;;;;;;;;;;;;;x
nuke_VEN_title;Ядерный удар: «Венеция»;;;;;;;;;;;;;x
nuke_WIA_desc;Цель - «Вианг Чхан». Потребуется 1 ядерная боеголовка и военный конфликт. Расход: 1 боеголовка, +25 к репутации противника и -25 к вашей репутации. Через 2 дня противнику приходит уведомление об ударе.;;;;;;;;;;;;;x
nuke_WIA_title;Ядерный удар: «Вианг Чхан»;;;;;;;;;;;;;x
nuke_YNN_desc;Цель - «Юньнань». Потребуется 1 ядерная боеголовка и военный конфликт. Расход: 1 боеголовка, +25 к репутации противника и -25 к вашей репутации. Через 2 дня противнику приходит уведомление об ударе.;;;;;;;;;;;;;x
nuke_YNN_title;Ядерный удар: «Юньнань»;;;;;;;;;;;;;x
nuke_ZAN_desc;Цель - «Занзибар». Потребуется 1 ядерная боеголовка и военный конфликт. Расход: 1 боеголовка, +25 к репутации противника и -25 к вашей репутации. Через 2 дня противнику приходит уведомление об ударе.;;;;;;;;;;;;;x
nuke_ZAN_title;Ядерный удар: «Занзибар»;;;;;;;;;;;;;x
nuke_abudhabi_desc;Цель - «Абу-Даби». Потребуется 1 ядерная боеголовка и военный конфликт. Расход: 1 боеголовка, +25 к репутации противника и -25 к вашей репутации. Через 2 дня противнику приходит уведомление об ударе.;;;;;;;;;;;;;x
nuke_abudhabi_title;Ядерный удар: «Абу-Даби»;;;;;;;;;;;;;x
nuke_alabama_desc;Цель - «Алабама». Потребуется 1 ядерная боеголовка и военный конфликт. Расход: 1 боеголовка, +25 к репутации противника и -25 к вашей репутации. Через 2 дня противнику приходит уведомление об ударе.;;;;;;;;;;;;;x
nuke_alabama_title;Ядерный удар: «Алабама»;;;;;;;;;;;;;x
nuke_america_cubamissilecrisis_alt_desc;Дипломатическое урегулирование Карибского кризиса между СССР и США вместо ядерного удара. Доступно во время соответствующего кризиса.;;;;;;;;;;;;;x
nuke_america_cubamissilecrisis_alt_title;Урегулировать Карибский кризис;;;;;;;;;;;;;x
nuke_austria-hungary_desc;Цель - «Австро-Венгрия». Потребуется 1 ядерная боеголовка и военный конфликт. Расход: 1 боеголовка, +25 к репутации противника и -25 к вашей репутации. Через 2 дня противнику приходит уведомление об ударе.;;;;;;;;;;;;;x
nuke_austria-hungary_title;Ядерный удар: «Австро-Венгрия»;;;;;;;;;;;;;x
nuke_baden_desc;Цель - «Баден». Потребуется 1 ядерная боеголовка и военный конфликт. Расход: 1 боеголовка, +25 к репутации противника и -25 к вашей репутации. Через 2 дня противнику приходит уведомление об ударе.;;;;;;;;;;;;;x
nuke_baden_title;Ядерный удар: «Баден»;;;;;;;;;;;;;x
nuke_belgium_desc;Цель - «Бельгия». Потребуется 1 ядерная боеголовка и военный конфликт. Расход: 1 боеголовка, +25 к репутации противника и -25 к вашей репутации. Через 2 дня противнику приходит уведомление об ударе.;;;;;;;;;;;;;x
nuke_belgium_title;Ядерный удар: «Бельгия»;;;;;;;;;;;;;x
nuke_boer_desc;Цель - «Федерация буров». Потребуется 1 ядерная боеголовка и военный конфликт. Расход: 1 боеголовка, +25 к репутации противника и -25 к вашей репутации. Через 2 дня противнику приходит уведомление об ударе.;;;;;;;;;;;;;x
nuke_boer_title;Ядерный удар: «Федерация буров»;;;;;;;;;;;;;x
nuke_caucasus_desc;Цель - «Кавказ». Потребуется 1 ядерная боеголовка и военный конфликт. Расход: 1 боеголовка, +25 к репутации противника и -25 к вашей репутации. Через 2 дня противнику приходит уведомление об ударе.;;;;;;;;;;;;;x
nuke_caucasus_title;Ядерный удар: «Кавказ»;;;;;;;;;;;;;x
nuke_danubia_desc;Цель - «Дунайская Федерация». Потребуется 1 ядерная боеголовка и военный конфликт. Расход: 1 боеголовка, +25 к репутации противника и -25 к вашей репутации. Через 2 дня противнику приходит уведомление об ударе.;;;;;;;;;;;;;x
nuke_danubia_title;Ядерный удар: «Дунайская Федерация»;;;;;;;;;;;;;x
nuke_durrani_desc;Цель - «Пуштунистан». Потребуется 1 ядерная боеголовка и военный конфликт. Расход: 1 боеголовка, +25 к репутации противника и -25 к вашей репутации. Через 2 дня противнику приходит уведомление об ударе.;;;;;;;;;;;;;x
nuke_durrani_title;Ядерный удар: «Пуштунистан»;;;;;;;;;;;;;x
nuke_iberia_desc;Цель - «Иберийский союз». Потребуется 1 ядерная боеголовка и военный конфликт. Расход: 1 боеголовка, +25 к репутации противника и -25 к вашей репутации. Через 2 дня противнику приходит уведомление об ударе.;;;;;;;;;;;;;x
nuke_iberia_title;Ядерный удар: «Иберийский союз»;;;;;;;;;;;;;x
nuke_laplata_desc;Цель - «Ла-Плата». Потребуется 1 ядерная боеголовка и военный конфликт. Расход: 1 боеголовка, +25 к репутации противника и -25 к вашей репутации. Через 2 дня противнику приходит уведомление об ударе.;;;;;;;;;;;;;x
nuke_laplata_title;Ядерный удар: «Ла-Плата»;;;;;;;;;;;;;x
nuke_maghreb_desc;Цель - «Империя Магриба». Потребуется 1 ядерная боеголовка и военный конфликт. Расход: 1 боеголовка, +25 к репутации противника и -25 к вашей репутации. Через 2 дня противнику приходит уведомление об ударе.;;;;;;;;;;;;;x
nuke_maghreb_title;Ядерный удар: «Империя Магриба»;;;;;;;;;;;;;x
nuke_mei_desc;Цель - «Саксен-Майнинген». Потребуется 1 ядерная боеголовка и военный конфликт. Расход: 1 боеголовка, +25 к репутации противника и -25 к вашей репутации. Через 2 дня противнику приходит уведомление об ударе.;;;;;;;;;;;;;x
nuke_mei_title;Ядерный удар: «Саксен-Майнинген»;;;;;;;;;;;;;x
nuke_ori_desc;Цель - «Орисса». Потребуется 1 ядерная боеголовка и военный конфликт. Расход: 1 боеголовка, +25 к репутации противника и -25 к вашей репутации. Через 2 дня противнику приходит уведомление об ударе.;;;;;;;;;;;;;x
nuke_ori_title;Ядерный удар: «Орисса»;;;;;;;;;;;;;x
nuke_pak_desc;Цель - «Пакистан». Потребуется 1 ядерная боеголовка и военный конфликт. Расход: 1 боеголовка, +25 к репутации противника и -25 к вашей репутации. Через 2 дня противнику приходит уведомление об ударе.;;;;;;;;;;;;;x
nuke_pak_title;Ядерный удар: «Пакистан»;;;;;;;;;;;;;x
nuke_pal_desc;Цель - «Палестина». Потребуется 1 ядерная боеголовка и военный конфликт. Расход: 1 боеголовка, +25 к репутации противника и -25 к вашей репутации. Через 2 дня противнику приходит уведомление об ударе.;;;;;;;;;;;;;x
nuke_pal_title;Ядерный удар: «Палестина»;;;;;;;;;;;;;x
nuke_pap_desc;Цель - «Папская область». Потребуется 1 ядерная боеголовка и военный конфликт. Расход: 1 боеголовка, +25 к репутации противника и -25 к вашей репутации. Через 2 дня противнику приходит уведомление об ударе.;;;;;;;;;;;;;x
nuke_pap_title;Ядерный удар: «Папская область»;;;;;;;;;;;;;x
nuke_par_desc;Цель - «Парма». Потребуется 1 ядерная боеголовка и военный конфликт. Расход: 1 боеголовка, +25 к репутации противника и -25 к вашей репутации. Через 2 дня противнику приходит уведомление об ударе.;;;;;;;;;;;;;x
nuke_par_title;Ядерный удар: «Парма»;;;;;;;;;;;;;x
nuke_per_desc;Цель - «Персия». Потребуется 1 ядерная боеголовка и военный конфликт. Расход: 1 боеголовка, +25 к репутации противника и -25 к вашей репутации. Через 2 дня противнику приходит уведомление об ударе.;;;;;;;;;;;;;x
nuke_per_title;Ядерный удар: «Персия»;;;;;;;;;;;;;x
nuke_peu_desc;Цель - «Перу». Потребуется 1 ядерная боеголовка и военный конфликт. Расход: 1 боеголовка, +25 к репутации противника и -25 к вашей репутации. Через 2 дня противнику приходит уведомление об ударе.;;;;;;;;;;;;;x
nuke_peu_title;Ядерный удар: «Перу»;;;;;;;;;;;;;x
nuke_plc_desc;Цель - «Польша-Литва». Потребуется 1 ядерная боеголовка и военный конфликт. Расход: 1 боеголовка, +25 к репутации противника и -25 к вашей репутации. Через 2 дня противнику приходит уведомление об ударе.;;;;;;;;;;;;;x
nuke_plc_title;Ядерный удар: «Польша-Литва»;;;;;;;;;;;;;x
nuke_pnm_desc;Цель - «Панама». Потребуется 1 ядерная боеголовка и военный конфликт. Расход: 1 боеголовка, +25 к репутации противника и -25 к вашей репутации. Через 2 дня противнику приходит уведомление об ударе.;;;;;;;;;;;;;x
nuke_pnm_title;Ядерный удар: «Панама»;;;;;;;;;;;;;x
nuke_pol_desc;Цель - «Польша». Потребуется 1 ядерная боеголовка и военный конфликт. Расход: 1 боеголовка, +25 к репутации противника и -25 к вашей репутации. Через 2 дня противнику приходит уведомление об ударе.;;;;;;;;;;;;;x
nuke_pol_title;Ядерный удар: «Польша»;;;;;;;;;;;;;x
nuke_por_desc;Цель - «Португалия». Потребуется 1 ядерная боеголовка и военный конфликт. Расход: 1 боеголовка, +25 к репутации противника и -25 к вашей репутации. Через 2 дня противнику приходит уведомление об ударе.;;;;;;;;;;;;;x
nuke_por_title;Ядерный удар: «Португалия»;;;;;;;;;;;;;x
nuke_prg_desc;Цель - «Парагвай». Потребуется 1 ядерная боеголовка и военный конфликт. Расход: 1 боеголовка, +25 к репутации противника и -25 к вашей репутации. Через 2 дня противнику приходит уведомление об ударе.;;;;;;;;;;;;;x
nuke_prg_title;Ядерный удар: «Парагвай»;;;;;;;;;;;;;x
nuke_pru_desc;Цель - «Пруссия». Потребуется 1 ядерная боеголовка и военный конфликт. Расход: 1 боеголовка, +25 к репутации противника и -25 к вашей репутации. Через 2 дня противнику приходит уведомление об ударе.;;;;;;;;;;;;;x
nuke_pru_title;Ядерный удар: «Пруссия»;;;;;;;;;;;;;x
nuke_pue_desc;Цель - «Пуэрто-Рико». Потребуется 1 ядерная боеголовка и военный конфликт. Расход: 1 боеголовка, +25 к репутации противника и -25 к вашей репутации. Через 2 дня противнику приходит уведомление об ударе.;;;;;;;;;;;;;x
nuke_pue_title;Ядерный удар: «Пуэрто-Рико»;;;;;;;;;;;;;x
nuke_qat_desc;Цель - «Катар». Потребуется 1 ядерная боеголовка и военный конфликт. Расход: 1 боеголовка, +25 к репутации противника и -25 к вашей репутации. Через 2 дня противнику приходит уведомление об ударе.;;;;;;;;;;;;;x
nuke_qat_title;Ядерный удар: «Катар»;;;;;;;;;;;;;x
nuke_que_desc;Цель - «Квебек». Потребуется 1 ядерная боеголовка и военный конфликт. Расход: 1 боеголовка, +25 к репутации противника и -25 к вашей репутации. Через 2 дня противнику приходит уведомление об ударе.;;;;;;;;;;;;;x
nuke_que_title;Ядерный удар: «Квебек»;;;;;;;;;;;;;x
nuke_rho_desc;Цель - «Южная Родезия». Потребуется 1 ядерная боеголовка и военный конфликт. Расход: 1 боеголовка, +25 к репутации противника и -25 к вашей репутации. Через 2 дня противнику приходит уведомление об ударе.;;;;;;;;;;;;;x
nuke_rho_title;Ядерный удар: «Южная Родезия»;;;;;;;;;;;;;x
nuke_rom_desc;Цель - «Румыния». Потребуется 1 ядерная боеголовка и военный конфликт. Расход: 1 боеголовка, +25 к репутации противника и -25 к вашей репутации. Через 2 дня противнику приходит уведомление об ударе.;;;;;;;;;;;;;x
nuke_rom_title;Ядерный удар: «Румыния»;;;;;;;;;;;;;x
nuke_rut_desc;Цель - «Рутения». Потребуется 1 ядерная боеголовка и военный конфликт. Расход: 1 боеголовка, +25 к репутации противника и -25 к вашей репутации. Через 2 дня противнику приходит уведомление об ударе.;;;;;;;;;;;;;x
nuke_rut_title;Ядерный удар: «Рутения»;;;;;;;;;;;;;x
nuke_saf_desc;Цель - «ЮАР». Потребуется 1 ядерная боеголовка и военный конфликт. Расход: 1 боеголовка, +25 к репутации противника и -25 к вашей репутации. Через 2 дня противнику приходит уведомление об ударе.;;;;;;;;;;;;;x
nuke_saf_title;Ядерный удар: «ЮАР»;;;;;;;;;;;;;x
nuke_sax_desc;Цель - «Саксония». Потребуется 1 ядерная боеголовка и военный конфликт. Расход: 1 боеголовка, +25 к репутации противника и -25 к вашей репутации. Через 2 дня противнику приходит уведомление об ударе.;;;;;;;;;;;;;x
nuke_sax_title;Ядерный удар: «Саксония»;;;;;;;;;;;;;x
nuke_sch_desc;Цель - «Шлезвиг». Потребуется 1 ядерная боеголовка и военный конфликт. Расход: 1 боеголовка, +25 к репутации противника и -25 к вашей репутации. Через 2 дня противнику приходит уведомление об ударе.;;;;;;;;;;;;;x
nuke_sch_title;Ядерный удар: «Шлезвиг»;;;;;;;;;;;;;x
nuke_sco_desc;Цель - «Шотландия». Потребуется 1 ядерная боеголовка и военный конфликт. Расход: 1 боеголовка, +25 к репутации противника и -25 к вашей репутации. Через 2 дня противнику приходит уведомление об ударе.;;;;;;;;;;;;;x
nuke_sco_title;Ядерный удар: «Шотландия»;;;;;;;;;;;;;x
nuke_ser_desc;Цель - «Сербия». Потребуется 1 ядерная боеголовка и военный конфликт. Расход: 1 боеголовка, +25 к репутации противника и -25 к вашей репутации. Через 2 дня противнику приходит уведомление об ударе.;;;;;;;;;;;;;x
nuke_ser_title;Ядерный удар: «Сербия»;;;;;;;;;;;;;x
nuke_sgf_desc;Цель - «Южногерманская Федерация». Потребуется 1 ядерная боеголовка и военный конфликт. Расход: 1 боеголовка, +25 к репутации противника и -25 к вашей репутации. Через 2 дня противнику приходит уведомление об ударе.;;;;;;;;;;;;;x
nuke_sgf_title;Ядерный удар: «Южногерманская Федерация»;;;;;;;;;;;;;x
nuke_shi_desc;Цель - «Шимла». Потребуется 1 ядерная боеголовка и военный конфликт. Расход: 1 боеголовка, +25 к репутации противника и -25 к вашей репутации. Через 2 дня противнику приходит уведомление об ударе.;;;;;;;;;;;;;x
nuke_shi_title;Ядерный удар: «Шимла»;;;;;;;;;;;;;x
nuke_sia_desc;Цель - «Сиам». Потребуется 1 ядерная боеголовка и военный конфликт. Расход: 1 боеголовка, +25 к репутации противника и -25 к вашей репутации. Через 2 дня противнику приходит уведомление об ударе.;;;;;;;;;;;;;x
nuke_sia_title;Ядерный удар: «Сиам»;;;;;;;;;;;;;x
nuke_sic_desc;Цель - «Две Сицилии». Потребуется 1 ядерная боеголовка и военный конфликт. Расход: 1 боеголовка, +25 к репутации противника и -25 к вашей репутации. Через 2 дня противнику приходит уведомление об ударе.;;;;;;;;;;;;;x
nuke_sic_title;Ядерный удар: «Две Сицилии»;;;;;;;;;;;;;x
nuke_sie_desc;Цель - «Siebenbьrgen». Потребуется 1 ядерная боеголовка и военный конфликт. Расход: 1 боеголовка, +25 к репутации противника и -25 к вашей репутации. Через 2 дня противнику приходит уведомление об ударе.;;;;;;;;;;;;;x
nuke_sie_title;Ядерный удар: «Siebenbьrgen»;;;;;;;;;;;;;x
nuke_sik_desc;Цель - «Сикким». Потребуется 1 ядерная боеголовка и военный конфликт. Расход: 1 боеголовка, +25 к репутации противника и -25 к вашей репутации. Через 2 дня противнику приходит уведомление об ударе.;;;;;;;;;;;;;x
nuke_sik_title;Ядерный удар: «Сикким»;;;;;;;;;;;;;x
nuke_sin_desc;Цель - «Синдх». Потребуется 1 ядерная боеголовка и военный конфликт. Расход: 1 боеголовка, +25 к репутации противника и -25 к вашей репутации. Через 2 дня противнику приходит уведомление об ударе.;;;;;;;;;;;;;x
nuke_sin_title;Ядерный удар: «Синдх»;;;;;;;;;;;;;x
nuke_ska_desc;Цель - «Южная Корея». Потребуется 1 ядерная боеголовка и военный конфликт. Расход: 1 боеголовка, +25 к репутации противника и -25 к вашей репутации. Через 2 дня противнику приходит уведомление об ударе.;;;;;;;;;;;;;x
nuke_ska_title;Ядерный удар: «Южная Корея»;;;;;;;;;;;;;x
nuke_slo_desc;Цель - «Словения». Потребуется 1 ядерная боеголовка и военный конфликт. Расход: 1 боеголовка, +25 к репутации противника и -25 к вашей репутации. Через 2 дня противнику приходит уведомление об ударе.;;;;;;;;;;;;;x
nuke_slo_title;Ядерный удар: «Словения»;;;;;;;;;;;;;x
nuke_slv_desc;Цель - «Словакия». Потребуется 1 ядерная боеголовка и военный конфликт. Расход: 1 боеголовка, +25 к репутации противника и -25 к вашей репутации. Через 2 дня противнику приходит уведомление об ударе.;;;;;;;;;;;;;x
nuke_slv_title;Ядерный удар: «Словакия»;;;;;;;;;;;;;x
nuke_sng_desc;Цель - «Сингапур». Потребуется 1 ядерная боеголовка и военный конфликт. Расход: 1 боеголовка, +25 к репутации противника и -25 к вашей репутации. Через 2 дня противнику приходит уведомление об ударе.;;;;;;;;;;;;;x
nuke_sng_title;Ядерный удар: «Сингапур»;;;;;;;;;;;;;x
nuke_sok_desc;Цель - «Сокото». Потребуется 1 ядерная боеголовка и военный конфликт. Расход: 1 боеголовка, +25 к репутации противника и -25 к вашей репутации. Через 2 дня противнику приходит уведомление об ударе.;;;;;;;;;;;;;x
nuke_sok_title;Ядерный удар: «Сокото»;;;;;;;;;;;;;x
nuke_ssd_desc;Цель - «Южный Судан». Потребуется 1 ядерная боеголовка и военный конфликт. Расход: 1 боеголовка, +25 к репутации противника и -25 к вашей репутации. Через 2 дня противнику приходит уведомление об ударе.;;;;;;;;;;;;;x
nuke_ssd_title;Ядерный удар: «Южный Судан»;;;;;;;;;;;;;x
nuke_sud_desc;Цель - «Судан». Потребуется 1 ядерная боеголовка и военный конфликт. Расход: 1 боеголовка, +25 к репутации противника и -25 к вашей репутации. Через 2 дня противнику приходит уведомление об ударе.;;;;;;;;;;;;;x
nuke_sud_title;Ядерный удар: «Судан»;;;;;;;;;;;;;x
nuke_swe_desc;Цель - «Швеция». Потребуется 1 ядерная боеголовка и военный конфликт. Расход: 1 боеголовка, +25 к репутации противника и -25 к вашей репутации. Через 2 дня противнику приходит уведомление об ударе.;;;;;;;;;;;;;x
nuke_swe_title;Ядерный удар: «Швеция»;;;;;;;;;;;;;x
nuke_swi_desc;Цель - «Швейцария». Потребуется 1 ядерная боеголовка и военный конфликт. Расход: 1 боеголовка, +25 к репутации противника и -25 к вашей репутации. Через 2 дня противнику приходит уведомление об ударе.;;;;;;;;;;;;;x
nuke_swi_title;Ядерный удар: «Швейцария»;;;;;;;;;;;;;x
nuke_sxi_desc;Цель - «Шаньсийская клика». Потребуется 1 ядерная боеголовка и военный конфликт. Расход: 1 боеголовка, +25 к репутации противника и -25 к вашей репутации. Через 2 дня противнику приходит уведомление об ударе.;;;;;;;;;;;;;x
nuke_sxi_title;Ядерный удар: «Шаньсийская клика»;;;;;;;;;;;;;x
nuke_syr_desc;Цель - «Сирия». Потребуется 1 ядерная боеголовка и военный конфликт. Расход: 1 боеголовка, +25 к репутации противника и -25 к вашей репутации. Через 2 дня противнику приходит уведомление об ударе.;;;;;;;;;;;;;x
nuke_syr_title;Ядерный удар: «Сирия»;;;;;;;;;;;;;x
nuke_taj_desc;Цель - «Таджикистан». Потребуется 1 ядерная боеголовка и военный конфликт. Расход: 1 боеголовка, +25 к репутации противника и -25 к вашей репутации. Через 2 дня противнику приходит уведомление об ударе.;;;;;;;;;;;;;x
nuke_taj_title;Ядерный удар: «Таджикистан»;;;;;;;;;;;;;x
nuke_tex_desc;Цель - «Техас». Потребуется 1 ядерная боеголовка и военный конфликт. Расход: 1 боеголовка, +25 к репутации противника и -25 к вашей репутации. Через 2 дня противнику приходит уведомление об ударе.;;;;;;;;;;;;;x
nuke_tex_title;Ядерный удар: «Техас»;;;;;;;;;;;;;x
nuke_tha_desc;Цель - «Таиланд». Потребуется 1 ядерная боеголовка и военный конфликт. Расход: 1 боеголовка, +25 к репутации противника и -25 к вашей репутации. Через 2 дня противнику приходит уведомление об ударе.;;;;;;;;;;;;;x
nuke_tha_title;Ядерный удар: «Таиланд»;;;;;;;;;;;;;x
nuke_tibet_desc;Цель - «Тибет». Потребуется 1 ядерная боеголовка и военный конфликт. Расход: 1 боеголовка, +25 к репутации противника и -25 к вашей репутации. Через 2 дня противнику приходит уведомление об ударе.;;;;;;;;;;;;;x
nuke_tibet_title;Ядерный удар: «Тибет»;;;;;;;;;;;;;x
nuke_tpg_desc;Цель - «Небесное Царство». Потребуется 1 ядерная боеголовка и военный конфликт. Расход: 1 боеголовка, +25 к репутации противника и -25 к вашей репутации. Через 2 дня противнику приходит уведомление об ударе.;;;;;;;;;;;;;x
nuke_tpg_title;Ядерный удар: «Небесное Царство»;;;;;;;;;;;;;x
nuke_tra_desc;Цель - «Траванкор». Потребуется 1 ядерная боеголовка и военный конфликт. Расход: 1 боеголовка, +25 к репутации противника и -25 к вашей репутации. Через 2 дня противнику приходит уведомление об ударе.;;;;;;;;;;;;;x
nuke_tra_title;Ядерный удар: «Траванкор»;;;;;;;;;;;;;x
nuke_tre_desc;Цель - «Триест». Потребуется 1 ядерная боеголовка и военный конфликт. Расход: 1 боеголовка, +25 к репутации противника и -25 к вашей репутации. Через 2 дня противнику приходит уведомление об ударе.;;;;;;;;;;;;;x
nuke_tre_title;Ядерный удар: «Триест»;;;;;;;;;;;;;x
nuke_tri_desc;Цель - «Триполи». Потребуется 1 ядерная боеголовка и военный конфликт. Расход: 1 боеголовка, +25 к репутации противника и -25 к вашей репутации. Через 2 дня противнику приходит уведомление об ударе.;;;;;;;;;;;;;x
nuke_tri_title;Ядерный удар: «Триполи»;;;;;;;;;;;;;x
nuke_trm_desc;Цель - «Туркменистан». Потребуется 1 ядерная боеголовка и военный конфликт. Расход: 1 боеголовка, +25 к репутации противника и -25 к вашей репутации. Через 2 дня противнику приходит уведомление об ударе.;;;;;;;;;;;;;x
nuke_trm_title;Ядерный удар: «Туркменистан»;;;;;;;;;;;;;x
nuke_trn_desc;Цель - «Трансвааль». Потребуется 1 ядерная боеголовка и военный конфликт. Расход: 1 боеголовка, +25 к репутации противника и -25 к вашей репутации. Через 2 дня противнику приходит уведомление об ударе.;;;;;;;;;;;;;x
nuke_trn_title;Ядерный удар: «Трансвааль»;;;;;;;;;;;;;x
nuke_trr_desc;Цель - «Трир». Потребуется 1 ядерная боеголовка и военный конфликт. Расход: 1 боеголовка, +25 к репутации противника и -25 к вашей репутации. Через 2 дня противнику приходит уведомление об ударе.;;;;;;;;;;;;;x
nuke_trr_title;Ядерный удар: «Трир»;;;;;;;;;;;;;x
nuke_tun_desc;Цель - «Тунис». Потребуется 1 ядерная боеголовка и военный конфликт. Расход: 1 боеголовка, +25 к репутации противника и -25 к вашей репутации. Через 2 дня противнику приходит уведомление об ударе.;;;;;;;;;;;;;x
nuke_tun_title;Ядерный удар: «Тунис»;;;;;;;;;;;;;x
nuke_tur_desc;Цель - «Османская империя». Потребуется 1 ядерная боеголовка и военный конфликт. Расход: 1 боеголовка, +25 к репутации противника и -25 к вашей репутации. Через 2 дня противнику приходит уведомление об ударе.;;;;;;;;;;;;;x
nuke_tur_title;Ядерный удар: «Османская империя»;;;;;;;;;;;;;x
nuke_turkestan_desc;Цель - «Туркестан». Потребуется 1 ядерная боеголовка и военный конфликт. Расход: 1 боеголовка, +25 к репутации противника и -25 к вашей репутации. Через 2 дня противнику приходит уведомление об ударе.;;;;;;;;;;;;;x
nuke_turkestan_title;Ядерный удар: «Туркестан»;;;;;;;;;;;;;x
nuke_tus_desc;Цель - «Тоскана». Потребуется 1 ядерная боеголовка и военный конфликт. Расход: 1 боеголовка, +25 к репутации противника и -25 к вашей репутации. Через 2 дня противнику приходит уведомление об ударе.;;;;;;;;;;;;;x
nuke_tus_title;Ядерный удар: «Тоскана»;;;;;;;;;;;;;x
nuke_uar_desc;Цель - «Объединенная Арабская Республика». Потребуется 1 ядерная боеголовка и военный конфликт. Расход: 1 боеголовка, +25 к репутации противника и -25 к вашей репутации. Через 2 дня противнику приходит уведомление об ударе.;;;;;;;;;;;;;x
nuke_uar_title;Ядерный удар: «Объединенная Арабская Республика»;;;;;;;;;;;;;x
nuke_ukr_desc;Цель - «Украина». Потребуется 1 ядерная боеголовка и военный конфликт. Расход: 1 боеголовка, +25 к репутации противника и -25 к вашей репутации. Через 2 дня противнику приходит уведомление об ударе.;;;;;;;;;;;;;x
nuke_ukr_title;Ядерный удар: «Украина»;;;;;;;;;;;;;x
nuke_uru_desc;Цель - «Уругвай». Потребуется 1 ядерная боеголовка и военный конфликт. Расход: 1 боеголовка, +25 к репутации противника и -25 к вашей репутации. Через 2 дня противнику приходит уведомление об ударе.;;;;;;;;;;;;;x
nuke_uru_title;Ядерный удар: «Уругвай»;;;;;;;;;;;;;x
nuke_uzb_desc;Цель - «Узбекистан». Потребуется 1 ядерная боеголовка и военный конфликт. Расход: 1 боеголовка, +25 к репутации противника и -25 к вашей репутации. Через 2 дня противнику приходит уведомление об ударе.;;;;;;;;;;;;;x
nuke_uzb_title;Ядерный удар: «Узбекистан»;;;;;;;;;;;;;x
nuke_vietnam_desc;Цель - «Дай Нам». Потребуется 1 ядерная боеголовка и военный конфликт. Расход: 1 боеголовка, +25 к репутации противника и -25 к вашей репутации. Через 2 дня противнику приходит уведомление об ударе.;;;;;;;;;;;;;x
nuke_vietnam_title;Ядерный удар: «Дай Нам»;;;;;;;;;;;;;x
nuke_vnz_desc;Цель - «Венесуэла». Потребуется 1 ядерная боеголовка и военный конфликт. Расход: 1 боеголовка, +25 к репутации противника и -25 к вашей репутации. Через 2 дня противнику приходит уведомление об ударе.;;;;;;;;;;;;;x
nuke_vnz_title;Ядерный удар: «Венесуэла»;;;;;;;;;;;;;x
nuke_wallachia_desc;Цель - «Абу-Даби». Потребуется 1 ядерная боеголовка и военный конфликт. Расход: 1 боеголовка, +25 к репутации противника и -25 к вашей репутации. Через 2 дня противнику приходит уведомление об ударе.;;;;;;;;;;;;;x
nuke_wallachia_title;Ядерный удар: «Абу-Даби»;;;;;;;;;;;;;x
nuke_wei_desc;Цель - «Саксен-Веймар». Потребуется 1 ядерная боеголовка и военный конфликт. Расход: 1 боеголовка, +25 к репутации противника и -25 к вашей репутации. Через 2 дня противнику приходит уведомление об ударе.;;;;;;;;;;;;;x
nuke_wei_title;Ядерный удар: «Саксен-Веймар»;;;;;;;;;;;;;x
nuke_wll_desc;Цель - «Валлония». Потребуется 1 ядерная боеголовка и военный конфликт. Расход: 1 боеголовка, +25 к репутации противника и -25 к вашей репутации. Через 2 дня противнику приходит уведомление об ударе.;;;;;;;;;;;;;x
nuke_wll_title;Ядерный удар: «Валлония»;;;;;;;;;;;;;x
nuke_wls_desc;Цель - «Уэльс». Потребуется 1 ядерная боеголовка и военный конфликт. Расход: 1 боеголовка, +25 к репутации противника и -25 к вашей репутации. Через 2 дня противнику приходит уведомление об ударе.;;;;;;;;;;;;;x
nuke_wls_title;Ядерный удар: «Уэльс»;;;;;;;;;;;;;x
nuke_wsx_desc;Цель - «Уэссекс». Потребуется 1 ядерная боеголовка и военный конфликт. Расход: 1 боеголовка, +25 к репутации противника и -25 к вашей репутации. Через 2 дня противнику приходит уведомление об ударе.;;;;;;;;;;;;;x
nuke_wsx_title;Ядерный удар: «Уэссекс»;;;;;;;;;;;;;x
nuke_wur_desc;Цель - «Вюртемберг». Потребуется 1 ядерная боеголовка и военный конфликт. Расход: 1 боеголовка, +25 к репутации противника и -25 к вашей репутации. Через 2 дня противнику приходит уведомление об ударе.;;;;;;;;;;;;;x
nuke_wur_title;Ядерный удар: «Вюртемберг»;;;;;;;;;;;;;x
nuke_wuz_desc;Цель - «Вюрцбург». Потребуется 1 ядерная боеголовка и военный конфликт. Расход: 1 боеголовка, +25 к репутации противника и -25 к вашей репутации. Через 2 дня противнику приходит уведомление об ударе.;;;;;;;;;;;;;x
nuke_wuz_title;Ядерный удар: «Вюрцбург»;;;;;;;;;;;;;x
nuke_xbi_desc;Цель - «Цинхай». Потребуется 1 ядерная боеголовка и военный конфликт. Расход: 1 боеголовка, +25 к репутации противника и -25 к вашей репутации. Через 2 дня противнику приходит уведомление об ударе.;;;;;;;;;;;;;x
nuke_xbi_title;Ядерный удар: «Цинхай»;;;;;;;;;;;;;x
nuke_xin_desc;Цель - «Синьцзян». Потребуется 1 ядерная боеголовка и военный конфликт. Расход: 1 боеголовка, +25 к репутации противника и -25 к вашей репутации. Через 2 дня противнику приходит уведомление об ударе.;;;;;;;;;;;;;x
nuke_xin_title;Ядерный удар: «Синьцзян»;;;;;;;;;;;;;x
nuke_yem_desc;Цель - «Йемен». Потребуется 1 ядерная боеголовка и военный конфликт. Расход: 1 боеголовка, +25 к репутации противника и -25 к вашей репутации. Через 2 дня противнику приходит уведомление об ударе.;;;;;;;;;;;;;x
nuke_yem_title;Ядерный удар: «Йемен»;;;;;;;;;;;;;x
nuke_yug_desc;Цель - «Югославия». Потребуется 1 ядерная боеголовка и военный конфликт. Расход: 1 боеголовка, +25 к репутации противника и -25 к вашей репутации. Через 2 дня противнику приходит уведомление об ударе.;;;;;;;;;;;;;x
nuke_yug_title;Ядерный удар: «Югославия»;;;;;;;;;;;;;x
nuke_zim_desc;Цель - «Зимбабве». Потребуется 1 ядерная боеголовка и военный конфликт. Расход: 1 боеголовка, +25 к репутации противника и -25 к вашей репутации. Через 2 дня противнику приходит уведомление об ударе.;;;;;;;;;;;;;x
nuke_zim_title;Ядерный удар: «Зимбабве»;;;;;;;;;;;;;x
nuke_zul_desc;Цель - «Зулу». Потребуется 1 ядерная боеголовка и военный конфликт. Расход: 1 боеголовка, +25 к репутации противника и -25 к вашей репутации. Через 2 дня противнику приходит уведомление об ударе.;;;;;;;;;;;;;x
nuke_zul_title;Ядерный удар: «Зулу»;;;;;;;;;;;;;x
pass_folkskolereformen_swn_desc;Швеция-Норвегия проводит школьную реформу, дающую долгосрочный модификатор к образованию.;;;;;;;;;;;;;x
pass_folkskolereformen_swn_title;Принять народную школьную реформу;;;;;;;;;;;;;x
reach_out_to_Khrushchev_alt_desc;США предпринимают осторожный дипломатический шаг в сторону советского руководства, получая небольшой престиж.;;;;;;;;;;;;;x
reach_out_to_Khrushchev_alt_title;Связаться с Хрущёвым;;;;;;;;;;;;;x
remove_protector_desc;Россия снимает протекторат и возвращает полный суверенитет, меняя строй и получая престиж.;;;;;;;;;;;;;x
remove_protector_title;Снять протекторат;;;;;;;;;;;;;x
rename_mexico_city_desc;Ацтеки переименовывают столицу: тратится казна и начисляется престиж.;;;;;;;;;;;;;x
rename_mexico_city_title;Переименовать Мехико;;;;;;;;;;;;;x
soviet_northkorea_landreform_alt_desc;Советский Союз проводит земельную реформу: добавляет ядра и освобождает Северную Корею из-под протектората.;;;;;;;;;;;;;x
soviet_northkorea_landreform_alt_title;Земельная реформа в Северной Корее;;;;;;;;;;;;;x
svenska_pansarbats_foreningen_swn_desc;Швеция-Норвегия финансирует собственную танковую ассоциацию, тратя казну.;;;;;;;;;;;;;x
svenska_pansarbats_foreningen_swn_title;Шведская танковая ассоциация;;;;;;;;;;;;;x
the_vega_expedition_swn_desc;Швеция-Норвегия снаряжает полярную экспедицию «Вега»: немного престижа и заметный рост репутации противника.;;;;;;;;;;;;;x
the_vega_expedition_swn_title;Экспедиция «Вега»;;;;;;;;;;;;;x
unite_greece_desc;Греция поглощает остатки окружённой Пелопоннесской области, меняет тег и строй, наследует земли и получает престиж.;;;;;;;;;;;;;x
unite_greece_title;Объединить Грецию;;;;;;;;;;;;;x
usa_southkorea_decision_alt_desc;США выводят войска и освобождают Южную Корею, добавляя ядра и снимая протекторат.;;;;;;;;;;;;;x
usa_southkorea_decision_alt_title;Освободить Южную Корею;;;;;;;;;;;;;x
victorianscenariostarter_desc;Запустить стартовый сценарий викторианской эпохи: расцвет промышленности, имперский контроль над Азией и Африкой.;;;;;;;;;;;;;x
victorianscenariostarter_title;Начать викторианский сценарий;;;;;;;;;;;;;x
warsawpact_alt_desc;Советский Союз и его союзники оформляют военный блок и меняют государственный строй.;;;;;;;;;;;;;x
warsawpact_alt_title;Создать Организацию Варшавского договора;;;;;;;;;;;;;x
