CNK_agrarianism_2;Совет земледельческих общин чинуков II;Agrarian Council of the Chinook II;;;;;;;;;;;;x;;;;;;;;;;;;;;;;;;;;;;;;
CNK_islamist;Союз духовных общин чинуков;Spiritual Communities of the Chinook;;;;;;;;;;;;x;;;;;;;;;;;;;;;;;;;;;;;;
CNK_islamist_2;Союз духовных общин чинуков II;Spiritual Communities of the Chinook II;;;;;;;;;;;;x;;;;;;;;;;;;;;;;;;;;;;;;
CNK_nationalism_2;Движение за суверенитет чинуков II;Sovereignty Movement of the Chinook II;;;;;;;;;;;;x;;;;;;;;;;;;;;;;;;;;;;;;
CNK_technocratism;Совет навигаторов и мастеров чинуков;Council of Navigators and Craftspeople of the Chinook;;;;;;;;;;;;x;;;;;;;;;;;;;;;;;;;;;;;;
CNK_technocratism_2;Совет навигаторов и мастеров чинуков II;Council of Navigators and Craftspeople of the Chinook II;;;;;;;;;;;;x;;;;;;;;;;;;;;;;;;;;;;;;
UU1600_CNK_corporatism_2;Собрание ремесленных братств чинуков II;Assembly of the Chinook Craft Guilds II;;;;;;;;;;;;x;;;;;;;;;;;;;;;;;;;;;;;;
UU1600_CNK_cyber_autonomism_2;Лига самоуправляемых общин чинуков II;League of Self-Governing Chinook Communities II;;;;;;;;;;;;x;;;;;;;;;;;;;;;;;;;;;;;;
UU1600_CNK_ecologism_2;Хранители земли и рек чинуков II;Keepers of the Chinook Lands and Rivers II;;;;;;;;;;;;x;;;;;;;;;;;;;;;;;;;;;;;;
UU1600_CNK_militarism_2;Стража чинуков II;Guard of the Chinook II;;;;;;;;;;;;x;;;;;;;;;;;;;;;;;;;;;;;;
UU1600_CNK_syndicalism_2;Союз промысловых общин чинуков II;Syndicate of the Chinook Communities II;;;;;;;;;;;;x;;;;;;;;;;;;;;;;;;;;;;;;
UU_CNK_ASSEMBLY_DESC;Совет чинуков расширил представительство общин и торговых поселений.;;;;;;;;;;;;;x;;;;;;;;;;;;;;;;;;;;;;;;
UU_CNK_ASSEMBLY_OPTION;Созвать новое собрание;;;;;;;;;;;;;x;;;;;;;;;;;;;;;;;;;;;;;;
UU_CNK_ASSEMBLY_TITLE;Собрание народов Нижней Колумбии;;;;;;;;;;;;;x;;;;;;;;;;;;;;;;;;;;;;;;
