build_bigben_title;Вестминстерская часовая башня;;;;;;;;;;x
build_bigben_desc;Строительство этой великолепной часовой башни в рамках реконструкции Вестминстерского дворца, который был в значительной степени уничтожен пожаром в 1834 году, повысило бы престиж нашей нации и укрепило идентичность $COUNTRY_ADJ$.;x;;;;;;;;;
build_eiffeltower_title;Эйфелева башня;;;;;;;;;;x
build_eiffeltower_desc;Строительство этой огромной решетчатой башни в Париже покажет миру, на что способна инженерная мысль $COUNTRY_ADJ$, и станет впечатляющей и престижной достопримечательностью города.;x;;;;;;;;;
eiffeltower_NEWS_LONG;В Париже построили Эйферову башню.;x;;;;;;;;;
eiffeltower_NEWS_MEDIUM;В Париже построили Эйферову башню.;x;;;;;;;;;
eiffeltower_NEWS_SHORT;Эйфелева башня была построена;x;;;;;;;;;
bigben_NEWS_LONG;В Лондоне построили Биг-Бен.;x;;;;;;;;;
bigben_NEWS_MEDIUM;В Лондоне построили Биг-Бен.;x;;;;;;;;;
bigben_NEWS_SHORT;Биг Бен был построен;x;;;;;;;;;
EVTNAME200000;Пакистанское движение;x;;;;;;;;;
EVTDESC200000;После подъема недавнего движения за независимость Индии под руководством Махатмы Ганди мусульманский народ Индии начал кампанию за свое собственное государство, если Индия будет объявлена свободной страной. Естественно, государство будет выделено из наших северо-западных индийских владений, поскольку это регион с наибольшей концентрацией мусульман. Движение стало широко распространенным и приобрело радикализм с годами, если мы не пообещаем им их государство, мы можем ожидать роста напряженности между мусульманскими индийцами и их индуистскими соседями.;x;;;;;;;;;
EVTOPTA200000;Очень хорошо;x;;;;;;;;;
EVTNAME500000;Террористы уничтожают Всемирный торговый центр;x;;;;;;;;;
EVTDESC500000;Всемирный торговый центр в нашем крупнейшем городе сегодня утром стал объектом самого ужасного и масштабного нападения, совершенного на территории $COUNTRY_ADJ$ террористами. Сотни погибли, и еще больше пропали без вести, городу потребуются месяцы, прежде чем он полностью восстановится, и есть опасения, что народ $COUNTRY_ADJ$ никогда полностью не оправится от шока, это, несомненно, знаменует начало новой эры в международных отношениях. Предполагаемый лидер нападения, член богатой арабской семьи, как сообщается, бежал в Афганистан, где исламские боевики предоставили ему убежище. Консервативные элементы в нашей стране призывают к быстрым и неизбирательным действиям против подозреваемых и ужесточению общенациональной безопасности, в то время как оппозиция призывает к осторожности в нашем ответе на эти акты.;x;;;;;;;;;
EVTOPTA500000;Начать войну с террором;x;;;;;;;;;
EVTOPTB500000;Давайте не будем слишком остро реагировать.;x;;;;;;;;;
EVTNAME200010;гомосексуалы хотят жениться;x;;;;;;;;;
EVTDESC200010;Этот вопрос разделил нацию в последние месяцы. Какова будет позиция правительства?;x;;;;;;;;;
EVTOPTA200010;Выразите поддержку идеи;x;;;;;;;;;
EVTOPTB200010;Осуждать эту идею;x;;;;;;;;;
EVTOPTC200010;Это ведь не так уж и важно, не правда ли?;x;;;;;;;;;
unethical_human_experiment_title;Неэтичные эксперименты на людях;x;;;;;;;;;
unethical_human_experiment_desc;Использование людей по всей стране в качестве подопытных могло бы повысить наш исследовательский потенциал, однако вряд ли это будет одобрено населением и международным сообществом.;x;;;;;;;;;
does_uhe;Неэтичные эксперименты на людях;x;;;;;;;;;
EVTNAME200030;Подъем сионизма;x;;;;;;;;;
EVTDESC200030;Сионизм, еврейское движение, выступающее за «возвращение» евреев на их исконную родину, с годами набирает популярность, и многие еврейские организации теперь предлагают отправлять туда мигрантов. Говорят, что рост сионизма отчасти обусловлен растущей нетерпимостью националистических элементов в европейских странах, которые считают евреев спекулянтами-интернационалистами из-за их кочевой натуры и тесных связей с банковской профессией.;x;;;;;;;;;
EVTOPTA200030;Назревают неприятности;x;;;;;;;;;
zionism;сионизм;x;;;;;;;;;
EVTNAME200031;Алия;x;;;;;;;;;
EVTDESC200031;Недавно нам стало известно, что многие несчастные евреи, живущие в $COUNTRY$, уезжают в Палестину. Они называют миграцию «Алия», еврейское слово, означающее «восхождение». По их словам, Бог обещал землю еврейскому народу, а они просто возвращаются в свою родную страну.;x;;;;;;;;;
EVTOPTA200031;Сомневаюсь, что местные жители это одобрят!;x;;;;;;;;;
EVTNAME200032;Беспорядки на Святой Земле;x;;;;;;;;;
EVTDESC200032;Недавние еврейские иммигранты из Европы столкнулись с жестким противодействием со стороны местной мусульманской общины в последнее время, они возмущены националистическим сионистским делом и ответили своими собственными национальными претензиями на Палестину. Есть опасения, что этот конфликт может перерасти в полномасштабную гражданскую войну.;x;;;;;;;;;
EVTOPTA200032;Остановить еврейских иммигрантов от высадки в Палестине;x;;;;;;;;;
EVTOPTB200032;Эти мусульмане должны научиться делиться;x;;;;;;;;;
EVTNAME200040;Окончательный протокол о европейской интеграции;x;;;;;;;;;
EVTDESC200040;Годы труда и дипломатии наконец привели к отмене европейских национальных государств, все члены Европейского Союза теперь станут просто регионами сверхгосударства ЕС.;x;;;;;;;;;
EVTOPTA200040;Мы все это предвидели.;x;;;;;;;;;
EVTNAME200041;Окончательный протокол о европейской интеграции;x;;;;;;;;;
EVTDESC200041;Давайте отдадим ключи ЕС, больше не будет $СТРАНЫ$.;x;;;;;;;;;
EVTOPTA200041;Хорошо тогда;x;;;;;;;;;
drone_campaign_ABU_title;Инициировать кампанию с использованием дронов в Абу-Даби;x;;;;;;;;;
drone_campaign_ABU_desc;Кампания с использованием беспилотников поможет противостоять повстанцам в этой стране и стабилизировать обстановку в регионе.;x;;;;;;;;;
drone_campaignmodifier;Кампания с использованием дронов;x;;;;;;;;;
EVTNAME150010;Исламский фундаментализм;x;;;;;;;;;
EVTDESC150010;Возмущенные тем, что они считают западным упадком, империализмом и угнетением мусульман во всем мире, многие из наших граждан присоединяются к организациям, которые полны решимости бороться с западным влиянием и заменить его самым строгим исламским кодексом поведения. Они также верят в восстановление старого исламского халифата и его возможное расширение.;x;;;;;;;;;
EVTOPTA150010;Просто мимолетная мода.;x;;;;;;;;;
EVTNAME200060;Британское владычество;x;;;;;;;;;
EVTNAME660020;$COUNTRY_ADJ$ Спасен потерпевший кораблекрушение;x;;;;;;;;;
EVTDESC660020;Гражданин $COUNTRY_ADJ$ был спасен с крошечного острова посреди океана. Его чудесное выживание и спасение вдохновляют людей по всему миру.;x;;;;;;;;;
EVTOPTA660020;Невероятный;x;;;;;;;;;
EVTNAME200602;Скандал Клинтон-Левински;x;;;;;;;;;
EVTDESC200602;Господин Президент, слухи о неадекватных отношениях между вами и стажеркой Белого дома мисс Левински вызвали бурю в СМИ.;x;;;;;;;;;
EVTOPTA200602;Мисс кто?;x;;;;;;;;;
EVTNAME200604;Уотергейтский скандал;x;;;;;;;;;
EVTDESC200604;Выяснилось, что наша администрация прослушивает телефоны оппонентов с целью их шантажа. После призывов к импичменту у президента Никсона не было иного выбора, кроме как уйти в отставку.;x;;;;;;;;;
EVTOPTA200604;Я не мошенник!;x;;;;;;;;;
EVTNAME200605;Дело Мартина-Циммермана;x;;;;;;;;;
EVTDESC200605;Активисты левого толка и афроамериканская община в этой стране протестуют после того, как соседский дозор Джордж Циммерман, убивший 17-летнего чернокожего мужчину, по-видимому, в целях самообороны, был оправдан в суде сегодня. Они утверждают, что оправдание показывает, что расизм все еще жив в $COUNTRY$ и не отступит, пока Циммерман не будет отправлен в тюрьму. Дело может вызвать беспорядки по всей стране.;x;;;;;;;;;
EVTOPTA200605;$COUNTRY$ — страна законов.;x;;;;;;;;;
EVTOPTB200605;Встать на сторону мафии;x;;;;;;;;;
EVTNAME200703;Окский кризис;x;;;;;;;;;
EVTDESC200703;Спор о землепользовании вокруг резервации мохоков около Оки перерос в полномасштабное восстание индейцев. Они возвели баррикады на мостах и ключевых дорогах, ведущих в Оку, и теперь угрожают восстать и начать войну против народа $COUNTRY_ADJ$, если мы не отступим.;x;;;;;;;;;
EVTOPTA200703;Они пожалеют об этом.;x;;;;;;;;;
EVTOPTB200703;Пусть они сохранят свою землю.;x;;;;;;;;;
EVTNAME200704;Вождь избран;x;;;;;;;;;
EVTDESC200704;Джон Г. Дифенбейкер был избран премьер-министром Канады. Его ярко выраженные националистические идеалы и бескомпромиссная позиция в отношении южного соседа Канады, несомненно, пойдут на пользу стране.;x;;;;;;;;;
EVTOPTA200704;Я не антиамериканец. Но я решительно за Канаду.;x;;;;;;;;;
start_EU_process_title;Европейское Братство;x;;;;;;;;;
start_EU_process_desc;Последняя война стала катастрофой для Европы. Если эта группа стран хочет выжить в этом постоянно меняющемся мире, она должна объединиться ради общего дела и, возможно, под общим флагом.;x;;;;;;;;;
nuclear_weapons;Ядерное оружие;x;;;;;;;;;
computers;Компьютеры;x;;;;;;;;;
martian_goods;Марсианские Ресурсы;x;;;;;;;;;
lunar_goods;Лунные Ресурсы;x;;;;;;;;;
nuclear_weapons_factory;Объект ядерного оружия;x;;;;;;;;;
computer_factory;Фабрика компьютеров;x;;;;;;;;;
martian_colony;Марсианская колония;x;;;;;;;;;
lunar_colony;Лунная колония;x;;;;;;;;;
specops;Силы специального назначения;x;;;;;;;;;
specops_short;СФ;x;;;;;;;;;
transport_plane;Транспортный самолет;x;;;;;;;;;
transport_plane_short;ТП;x;;;;;;;;;
bomber;Эскадрилья бомбардировщиков;x;;;;;;;;;
bomber_short;БО;x;;;;;;;;;
carrier;Перевозчик;x;;;;;;;;;
carrier_short;КА;x;;;;;;;;;
submarine;Подводная лодка;x;;;;;;;;;
submarine_short;СУБ;x;;;;;;;;;
nuclear_weapons_factory_desc;Уран, редкий металл, электрические компоненты и детали машин необходимы для производства ядерного оружия.;x;;;;;;;;;
computer_factory_desc;Для производства компьютеров необходимы стекло, электрооборудование, резина и редкие металлы.;x;;;;;;;;;
parachute_warfare;Парашютная война;x;;;;;;;;;
mass_media;Средства массовой информации;x;;;;;;;;;
scientists;Ученые;x;;;;;;;;;
promote_scientists; Поощряйте ученых;x;;;;;;;;;
promote_spacecolonists; Поощряйте пионеров космоса;x;;;;;;;;;
space_focus; Поощрять космическое предпринимательство;x;;;;;;;;;
entertainment_focus; Поощрять индустрию развлечений;x;;;;;;;;;
encourage_emigration; Поощрять эмиграцию;x;;;;;;;;;
entertainment_goods;Развлекательная продукция;x;;;;;;;;;
theocratic_dictatorship;Теократия;x;;;;;;;;;
islamist;исламистский;x;;;;;;;;;
islamist_uh;Целью исламистов является установление законов шариата, поэтому они всегда будут поддерживать проведение реакционных политических и социальных реформ.;x;;;;;;;;;
theocratic_dictatorship_ruler;Ваше святейшество;x;;;;;;;;;
EVTDESC10004;Появилась новая идеология, основанная на исламской религии. Разочарованные колониальной оккупацией и доведенные до ревности отсутствием доступа к основным потребностям, многие мусульмане теперь обращаются к исламизму. Эта идеология имеет целью создание фундаменталистского общества, основанного полностью на строгом религиозном кодексе, известном как «закон шариата».;x;;;;;;;;;
entertainment_industry;Индустрия развлечений;x;;;;;;;;;
sunni_islamist_rebels_title;Исламисты-сунниты;x;;;;;;;;;
sunni_islamist_rebels_name;$COUNTRY$ Суннитские исламисты;x;;;;;;;;;
sunni_islamist_rebels_desc;Суннитские исламисты — ревностные джихадисты, которые ведут войну с теми, кого они считают угрозой своей религии. Они стремятся силой обратить других в свою веру.;x;;;;;;;;;
sunni_islamist_rebels_army;$COUNTRY_ADJ$ Суннитские исламисты;x;;;;;;;;;
fearofradiation;Страх радиации;x;;;;;;;;;
Superpowermod;Сверхдержава;x;;;;;;;;;
Superpowermod_desc;Мы — сверхдержава;x;;;;;;;;;
EVTDESC200075;Недавние события не оставляют сомнений ни у кого, $COUNTRY$ действительно стала мировой сверхдержавой. Наша страна сейчас сияет, как никакая другая, и как таковая, мы должны подавать пример всему миру.;x;;;;;;;;;
EVTOPTA200075;$COUNTRY$ рулит!;x;;;;;;;;;
EVTDESC200076;Несмотря на все наши усилия, похоже, наше время как мировой сверхдержавы подошло к концу.;x;;;;;;;;;
indian_nationalists_name;Индийские националисты;x;;;;;;;;;
indian_nationalists_desc;Целью индийских националистов является освобождение и объединение всей Индии.;x;;;;;;;;;
civil_disobedience;Гражданское неповиновение;x;;;;;;;;;
join_british_commonwealth_title;Присоединяйтесь к Британскому Содружеству;x;;;;;;;;;
join_british_commonwealth_desc;Наши тесные связи с Великобританией позволяют нам присоединиться к Британскому Содружеству Наций.;x;;;;;;;;;
embrace_old_norse_title;Примите старую веру;x;;;;;;;;;
embrace_old_norse_desc;Успешно объединив Скандинавию, мы теперь наблюдаем динамичное возрождение ее культуры. Это привело к любопытному явлению, когда несколько человек из нашей правящей элиты вернулись к старой норвежской вере, отвергнув христианство как коррумпированную южную религию. Мы могли бы сами принять эту религию от имени страны.;x;;;;;;;;;
embrace_old_rome_title;Примите старую веру;x;;;;;;;;;
embrace_old_rome_desc;Успешно создав новую Римскую империю, мы теперь наблюдаем динамичное возрождение ее культуры. Это привело к любопытному явлению, когда несколько человек из нашей правящей элиты вернулись к старой римской вере, отвергнув христианство как коррумпированную религию. Мы могли бы сами принять эту религию от имени страны.;x;;;;;;;;;
encourage_old_faith_title;Поощрять обращение в язычество;x;;;;;;;;;
encourage_old_faith_desc;Мы могли бы выделить некоторую сумму денег на финансирование программы, которая побудила бы наших подданных принять нашу религию.;x;;;;;;;;;
encourage_old_faith_mod;Поощрение обращения в язычество;x;;;;;;;;;
encourage_old_faith_mod_desc;Мы призываем наших подданных принять наши языческие верования.;x;;;;;;;;;
form_rome_title;Новый Рим;x;;;;;;;;;
form_rome_desc;Будучи великой итальянской державой, владеющей Римом, мы в состоянии создать новую Римскую империю, основанную на ее древних и славных ценностях и новых идеях современного мира.;x;;;;;;;;;
sugar;Сахар;x;;;;;;;;;
spices;Специи;x;;;;;;;;;
forced_abolitionmod;Принудительная отмена;x;;;;;;;;;
forced_abolitionmod_desc;Иностранное государство заставило нас отменить рабство.;x;;;;;;;;;
texas_settled_title;Волна иммиграции в Техас;x;;;;;;;;;
texas_settled_desc;Техас, наша колония, до сих пор была крайне безлюдной. Многие из нашего протестантского населения начали покидать родину ради светлого будущего на границе недавно образованных Соединенных Штатов Америки, надеясь на лучшую жизнь, чем у них была на их родине, в Европе.;x;;;;;;;;;
home_of_american_texas;Родина американского Техаса;x;;;;;;;;;
less_immigration;Под британским руководством;x;;;;;;;;;
french_third_republic_title;Третья Республика!;x;;;;;;;;;
french_third_republic_desc;После недавнего поражения Вторая империя дестабилизировалась, и люди потеряли веру в то, что Франция когда-либо станет такой же сильной, как под властью великого Наполеона Бонапарта. Не имея другого выбора, мы должны снова объявить государство демократией, третьей в истории нашей нации.;x;;;;;;;;;
USA;Соединенные Штаты Америки;x;;;;;;;;;
USA_democracy;Соединенные Штаты Америки;x;;;;;;;;;
