#############################################;;;;;;;;;;;;;;x;;;;;;;
#Additional Modifiers;;;;;;;;;;;;;;x;;;;;;;
#############################################;;;;;;;;;;;;;;x;;;;;;;
help_ai;Умеренный ИИ-стимул для экономики;;;;;;;;;;;;;;;;;;;;x,,,,,;x
chinese_economic_compensation;Большой скачок вперед;;;;;;;;;;;;;;;;;;;;x,,,,,;x
rgo_changed;RGO Изменение кулдауна;;;;;;;;;;;;;;;;;;;;x,,,,,;x
rgo_changed_title;RGO Изменение кулдауна;;;;;;;;;;;;;;;;;;;;x,,,,,;x
rgo_changed_desc;Недавно вы приняли решение сменить RGO, вам следует подождать некоторое время, прежде чем сделать это снова.;;;;;;;;;;;;;;;;;;;;x,,,,,;x
switched_production;Переключенное производство;;;;;;;;;;;;;x,,,,;x
switched_production_desc;Провинция только что сменила основное производство, и местные жители все еще привыкают к переменам.;;;;;;;;;;;;;x,,,;x
player_unciv_mobilization;Игрок, управляющий нецивилизованной нацией;;;;;;;;;;;;x,,,,,,,;x
developing_bioweapons;Биологическое оружие в разработке;;;;;;;;;;;;;;;;;;;;x,,,,,;x
developing_bioweapons_desc;После того, как этот модификатор закончится, у вас появится возможность принять решение во время войны о применении вируса Соломона.;;;;;;;;;;;;;;;;;;;;x,,,,,;x
experimental_bioweapon;Вирус Соломона;;;;;;;;;;;;;;;;;;;;x,,,,,;x
experimental_bioweapon_desc;Когда-то это оружие считалось легендой, а теперь возрождено и модифицировано, чтобы стать еще более заразным и смертоносным. Это оружие может уничтожить целые страны после его применения.;;;;;;;;;;;;;;;;;;;;x,,,,,;x
bioweapon_cooldown;Вирус Соломона находится под угрозой;;;;;;;;;;;;;;;;;;;;x,,,,,;x
bioweapon_cooldown_desc;Прежде чем снова использовать Вирус Соломона, необходимо дождаться исчезновения модификатора.;;;;;;;;;;;;;;;;;;;;x,,,,,;x
tariff_efficiency_boost;Тариф Hotfix Boost;;;;;;;;;;;;;;;;;;;;x,,,,,;x
fairer_taxation;Налоговые льготы;AllA©gement de la fiscalitA©;Besteuerung Relief;;Alivio de impuestos;;;;;;;;;x;;;;;;;
fairer_taxation1;Налоговые льготы;AllA©gement de la fiscalitA©;Besteuerung Relief;;Alivio de impuestos;;;;;;;;;x;;;;;;;
fairer_taxation2;Налоговые льготы;AllA©gement de la fiscalitA©;Besteuerung Relief;;Alivio de impuestos;;;;;;;;;x;;;;;;;
fairer_taxation3;Налоговые льготы;AllA©gement de la fiscalitA©;Besteuerung Relief;;Alivio de impuestos;;;;;;;;;x;;;;;;;
migration_factor_reduced;Нет миграции из провинции;;;;;;;;;;;;;;;;;;;;x,,,,,;x
migration_factor_reduced_title;Нет миграции из провинции;;;;;;;;;;;;;;;;;;;;x,,,,,;x
migration_factor_reduced_desc;Из-за безработицы, вызванной переходом на лесозаготовки RGO, в этой провинции не будет миграции в течение двух лет, пока со временем население не будет трудоустроено.;;;;;;;;;;;;;;;;;;;;x,,,,,;x
timber_employment_fix;Исправление занятости в лесной промышленности;;;;;;;;;;;;;;;;;;;;x,,,,,;x
timber_employment_fix_title;Исправление занятости в лесной промышленности;;;;;;;;;;;;;;;;;;;;x,,,,,;x
timber_employment_fix_desc;Временный сброс рыночных цен на пиломатериалы с целью исправления ошибки безработицы, вызванной переводом провинции в статус RGO по пиломатериалам.;;;;;;;;;;;;;;;;;;;;x,,,,,;x
immunity_from_influenza;Иммунитет от гриппа;;;;;;;;;;;;;x;;;;;;;
immunity_from_influenza_desc;Предотвращает повторное возникновение пандемического гриппа в вашей стране, пока активен модификатор.;;;;;;;;;;;;;x;;;;;;;
#############################################;;;;;;;;;;;;;;x;;;;;;;
#Save The Nation;;;;;;;;;;;;;;x;;;;;;;
#############################################;;;;;;;;;;;;;;x;;;;;;;
save_the_nation0.5;Умеренный патриотизм;;;;;;;;;;;;x,,,,,,,;x
save_the_nation0.5_desc;Умеренный патриотизм;;;;;;;;;;;;x,,,,,,,;x
save_the_nation1;Патриотизм;;;;;;;;;;;;x,,,,,,,;x
save_the_nation1_desc;Патриотизм;;;;;;;;;;;;x,,,,,,,;x
save_the_nation1.5;Умеренный национализм;;;;;;;;;;;;x,,,,,,,;x
save_the_nation1.5_desc;Умеренный национализм;;;;;;;;;;;;x,,,,,,,;x
save_the_nation2;Усиление национализма;;;;;;;;;;;;x,,,,,,,;x
save_the_nation2_desc;Усиление национализма;;;;;;;;;;;;x,,,,,,,;x
save_the_nation2.5;Ограниченная отчаянная оборона;;;;;;;;;;;;x,,,,,,,;x
save_the_nation2.5_desc;Ограниченная отчаянная оборона;;;;;;;;;;;;x,,,,,,,;x
save_the_nation3;Полная отчаянная защита;;;;;;;;;;;;x,,,,,,,;x
save_the_nation3_desc;Полная отчаянная защита;;;;;;;;;;;;x,,,,,,,;x
save_the_nation3.5;Приближается последний час;;;;;;;;;;;;x,,,,,,,;x
save_the_nation3.5_desc;Приближается последний час;;;;;;;;;;;;x,,,,,,,;x
save_the_nation4;Последний час;;;;;;;;;;;;x,,,,,,,;x
save_the_nation4_desc;Последний час;;;;;;;;;;;;x,,,,,,,;x
save_the_nation4.5;Несколько злобное сопротивление;;;;;;;;;;;;x,,,,,,,;x
save_the_nation4.5_desc;Несколько злобное сопротивление;;;;;;;;;;;;x,,,,,,,;x
save_the_nation5;Злобное Сопротивление;;;;;;;;;;;;x,,,,,,,;x
save_the_nation5_desc;Злобное Сопротивление;;;;;;;;;;;;x,,,,,,,;x
#############################################;;;;;;;;;;;;;;x;;;;;;;
#Pop Growth Campaigns;;;;;;;;;;;;;;x;;;;;;;
#############################################;;;;;;;;;;;;;;x;;;;;;;
birthrate_push_low;Базовые стимулы роста;;;;;;;;;;;;x,,,,,,,;x
birthrate_push_low_desc;Базовые стимулы роста;;;;;;;;;;;;x,,,,,,,;x
birthrate_push_medium;Агрессивная кампания по росту населения;;;;;;;;;;;;x,,,,,,,;x
birthrate_push_medium_desc;Агрессивная кампания по росту населения;;;;;;;;;;;;x,,,,,,,;x
birthrate_push_high;Государственная кампания по принудительному рождению детей;;;;;;;;;;;;x,,,,,,,;x
birthrate_push_high_desc;Государственная кампания по принудительному рождению детей;;;;;;;;;;;;x,,,,,,,;x
recently_selected_birthrate;Недавно выбрали кампанию по росту;;;;;;;;;;;;x,,,,,,,;x
recently_selected_birthrate_desc;Поскольку вы недавно выбрали кампанию по росту, вы не сможете удалить текущую кампанию, пока не истечет срок действия этого модификатора.;;;;;;;;;;;;x,,,,,,,;;;;;;;;
