#############################################;;;;;;;;;;;;;;x;;;;
#Additional Decisions;;;;;;;;;;;;;;x;;;;
#############################################;;;;;;;;;;;;;;x;;;;
rgo_change_mining_title;Изменение горнодобывающей промышленности RGO;x
rgo_change_mining_desc;Позволяет переключать одну провинцию RGO следующих типов: Уголь, Железо, Сера или Драгоценный металл в Уголь, Железо или Серу. Вызывает кулдаун в 25 лет.;x
rgo_change_agriculture_title;Изменение сельского хозяйства RGO;x
rgo_change_agriculture_desc;Позволяет переключать одну провинцию RGO следующих типов: Зерно, Фрукты, Рыба, Крупный рогатый скот, Шерсть, Хлопок, Древесина или Драгоценные товары в Зерно, Фрукты, Рыба, Крупный рогатый скот, Шерсть, Хлопок или Древесина. Вызывает охлаждение на 12,5 лет.;x
infamy_for_growth_selector_title;Начать кампанию по увеличению численности населения;;;;;;;;;;;;x,,,,,,,,,,,,,,,,,,,,,,,,,,,,,,,,,,,,,,,,,,,,,,,,,,,,,,,,,,,,,,,,,,,,,,,,,,,,,,,,;x
infamy_for_growth_selector_desc;Начните кампанию по обмену позора и снижения налоговой эффективности на более общий рост населения.;;;;;;;;;;;;x,,,,,,,,,,,,,,,,,,,,,,,,,,,,,,,,,,,,,,,,,,,,,,,,,,,,,,,,,,,,,,,,,,,,,,,,,,,,,,,,;x
infamy_for_growth_modifier_removal_title;Остановите текущую кампанию по переселению;;;;;;;;;;;;x,,,,,,,,,,,,,,,,,,,,,,,,,,,,,,,,,,,,,,,,,,,,,,,,,,,,,,,,,,,,,,,,,,,,,,,,,,,,,,,,;x
infamy_for_growth_modifier_removal_desc;Отменить текущую кампанию по росту.;;;;;;;;;;;;x,,,,,,,,,,,,,,,,,,,,,,,,,,,,,,,,,,,,,,,,,,,,,,,,,,,,,,,,,,,,,,,,,,,,,,,,,,,,,,,,;x
#############################################;;;;;;;;;;;;;;x;;;;
#Pop Growth Campaigns;;;;;;;;;;;;;;x;;;;
#############################################;;;;;;;;;;;;;;x;;;;
birthrate_push_low;Базовые стимулы роста;;;;;;;;;;;;x,,,,,,,;x
birthrate_push_low_desc;Базовые стимулы роста;;;;;;;;;;;;x,,,,,,,;x
birthrate_push_medium;Агрессивная кампания по росту населения;;;;;;;;;;;;x,,,,,,,;x
birthrate_push_medium_desc;Агрессивная кампания по росту населения;;;;;;;;;;;;x,,,,,,,;x
birthrate_push_high;Государственная кампания по принудительному рождению детей;;;;;;;;;;;;x,,,,,,,;x
birthrate_push_high_desc;Государственная кампания по принудительному рождению детей;;;;;;;;;;;;x,,,,,,,;x
recently_selected_birthrate;Недавно выбрали кампанию по росту;;;;;;;;;;;;x,,,,,,,;x
recently_selected_birthrate_desc;Поскольку вы недавно выбрали кампанию по росту, вы не сможете удалить текущую кампанию, пока не истечет срок действия этого модификатора.;;;;;;;;;;;;x;;;;;
create_league_nations_title;Создать Лигу Наций;;;;;;;;;;;;;;;;;x
create_league_nations_desc;Лига Наций. была первой всемирной межправительственной организацией, чьей главной миссией было поддержание мира во всем мире. Она была основана 10 января 1920 года после Парижской мирной конференции, положившей конец Первой мировой войне.; in 1919 U.S. president Woodrow Wilson won the Nobel Peace Prize for his role as the leading architect of the League.;;;;;;;;;;;;;;;x;
join_league_nations_title;Вступайте в Лигу Наций;;;;;;;x;;;;;;;;;;
join_league_nations_desc;У нас есть возможность вступить в Лигу Наций;;;;;;;x;;;;;;;;;;
leave_league_nations_title;Покинуть Лигу Наций;;;;;;;x;;;;;;;;;;
leave_league_nations_desc;Радикальная смена нашего правительства позволила нам выйти из Лиги Наций.;;;;;;;x;;;;;;;;;;
treaties_of_rome_title;Римские договоры;;;;;;;x;;;;;;;;;;
treaties_of_rome_desc;Римские договоры были набором из трех международных договоров, подписанных 18 мая 1941 года Независимым государством Хорватия и Королевством Италия в Палаццо Венеция в Риме. Наиболее важные положения в договорах касались границ между двумя государствами, поскольку они допускали создание итальянской губернии Далмация, выделенной из оккупированной югославской территории после вторжения в Югославию в апреле 1941 года.;;;;;;;;;;;x;;;;;;
the_april_war_title;Вторжение в Югославию;;;;;x;;;;;;;;;;;;
the_april_war_desc;Вторжение в Югославию, также известное как Апрельская война или Операция 25, было нападением на Королевство Югославия под руководством Германии со стороны стран Оси, которое началось 6 апреля 1941 года во время Второй мировой войны. Приказ о вторжении был выдвинут в «Директиве фюрера № 25», которую Адольф Гитлер издал 27 марта 1941 года после югославского государственного переворота.;;;;;;;;x;;;;;;;;;
alliance_nato_title;НАТО;;;;;;;;;;;;x;;;;;
alliance_nato_desc;Североатлантический альянс — межправительственный военный союз, основанный на Североатлантическом договоре, подписанном в 1949 году. Организация представляет собой систему коллективной обороны, в рамках которой ее государства-члены соглашаются на взаимную оборону в ответ на нападение любой внешней стороны.;;;;;;;;;;;;x;;;;;
leave_alliance_nato;Выйти из НАТО;;;;;;;;;;;;x;;;;;
leave_alliance_nato_title;Выйти из НАТО;;;;;;;;;;;;x;;;;;
leave_alliance_nato_desc;Мы будем способствовать созданию независимой обороны, выведя наши флоты из-под командования НАТО. Все вооруженные силы будут выведены из-под объединенного военного командования НАТО, и всем войскам НАТО было предложено покинуть нашу страну.;;;;;;;;;;;;x;;;;;
form_benelux_title;Образовать Бенилюкс;;;;;;;;;;;X;;;;;;
form_benelux_desc;Ввиду нашей гегемонистской природы по отношению к нашим соседям из стран Бенилюкса, может быть достигнут союз Нидерландов, Бельгии и Люксембурга, название которого будет получено из комбинации первых букв названий каждой страны. Центральный административный центр Бенилюкса будет расположен в $CAPITAL$..;;;;;;;;;;X;;;;;;;
form_yugoslavia_title;Форма Югославии;;;;;;;;;;;;;x,,,,,,,,,,,,,,,,,,,,,,;x
form_yugoslavia_desc;Славянские народы Балкан должны объединиться под одним знаменем: нашим. Это единственный способ сохранить нас свободными от правления европейских держав.;;;;;;;;;;;;;x,,,,,,,,,,,,,,,,,,,,,,;x
