UNIT_BUILD_TIME_IW;$VAL$ дней.;$VAL$ jours.;$VAL$ Tage.;;$VAL$ dias.;;;;;;;;;x;
SUPPLY_OWNER;Владелец:;Possesseur :;Besitzer:;Wіaњciciel:;Infanteria de testuz y cuernos;Possessore:;Tulajdonos:;Vlastnнk:;;;;;;x;
SUPPLY_ALLIED;Союзники:;Allie :;Verbundet:;Sojusze:;Cuanta mas poblacion haya, mayores seran la produccion y los ingresos por impuestos.;Alleato:;Szцvetsйgben:;Spojeneckэ:;;;;;;x;
SUPPLY_ACCESS;Военный доступ:;Acces militaire :;Militarzugang:;Przemarsz wojsk:;La poblacion crecera automaticamente como efecto de una gran estabilidad, paz y tranquilidad. Disminuira como efecto de un saqueo, ocupacion o una escasa estabilidad.\n;Accesso militare:;Katonai hozzбfйrйs:;Vojenskэ pшнstup:;;;;;;x;
SUPPLY_CONTROLLER;Контролируется:;Controle par :;Kontrolliert:;Kontrolowane przez:;Peso maximo de unidades que la provincia puede abastecer sin acusar desgaste. El desgaste real tambien depende de varios factores mas. Una cifra en rojo indica que las unidades estaran desabastecidas (lo que aumenta el desgaste). Los numeros en amarillo indican provincias adyacentes a fuentes de suministros.;Controllato:;Irбnyнtу:;Ovlбdбno:;;;;;;x;
SUPPLY_CONTROLLER_ALLIANCE;Контролируется союзником:;Controle par un allie :;Von einem Verbundeten kontrolliert:;Kontrolowane przez sojusznika:;Base;Controllato da alleato:;Szцvetsйges бltal irбnyнtott:;Ovlбdбno spojencem:;;;;;;x;
SUPPLY_SIEGE;Осаждает:;Assiegeant :;Belagert:;Oblega:;Propietario:;Sta assediando:;Ostrom alatt:;Oblйhб:;;;;;;x;
SUPPLY_CORE;Основной:;Territoire cle :;Kernprovinz:;;Nucleo:;;;;;;;;;x;
fascist_uh;Фашисты поддерживают расширение социальных реформ и отмену политических реформ, но будут выступать против любых реформ до тех пор, пока правящее сословие не будет фашистским.;Les fascistes soutiennent la poursuite des reformes sociales et le retrait des reformes politiques a condition que le parti dirigeant partage leur ideologie.;Faschisten unterstutzen die Ausweitung von Sozialreformen und die Ausserkraftsetzung von Politikreformen - aber nur, wenn Ihre Regierungspartei faschistisch ist.;;Los fascistas abogan por la ampliacion de la reforma social, y la eliminacion de la reforma politica, pero se opondran a cualquier reforma mientras el partido gobernante no sea fascista.;;;;;;;;;x;
reactionary_uh;Реакционеры всегда пытаются свернуть как политические, так и социальные реформы.;Les reactionnaires sont toujours contre les reformes.;Reaktionare versuchen stets, Reformen ruckgangig zu machen.;;Los reaccionarios siempre tratan de evitar las reformas, tanto politicas como sociales.;;;;;;;;;x;
conservative_uh;Консерваторы предпочитают статус-кво, но могут поддержать реформы в условиях высокой воинственности.;Les conservateurs preferent le statu quo, mais peuvent soutenir les reformes en cas d'extreme necessite.;Konservative bevorzugen den Status Quo, konnen aber in extremen Situationen Reformen unterstutzen.;;Los conservadores prefieren el statu quo, pero pueden apoyar reformas en condiciones de elevada militancia.;;;;;;;;;x;
socialist_uh;Социалисты хотят увидеть принятие дальнейших социальных реформ, но могут поддержать политические реформы в условиях высокой воинственности.;Les socialistes veulent davantage de reformes sociales.;Sozialisten sind an zusatzlichen Sozialreformen interessiert.;;Los socialistas abogan por promulgar mas reformas sociales, pero pueden apoyar reformas politicas en condiciones de elevada militancia.;;;;;;;;;x;
communist_uh;Коммунисты хотят провести социальные реформы, но хотят свернуть политические реформы.;Les communistes veulent davantage de reformes sociales et le retrait des reformes politiques.;Kommunisten sind an zusatzlichen Sozialreformen interessiert, setzen sich aber fur die Ausserkraftsetzung von Politikreformen ein.;;Los comunistas quieren promulgar reformas sociales, pero rechazan las reformas politicas.;;;;;;;;;x;
liberal_uh;Либералы хотят провести дальнейшие политические реформы, но также поддержат социальные реформы в условиях высокой воинственности.;Les liberaux veulent davantage de reformes politiques.;Liberale sind an zusatzlichen Politikreformen interessiert.;;Los liberales abogan por mas reformas politicas, pero apoyaran tambien reformas sociales bajo condiciones de elevada militancia.;;;;;;;;;x;
anarcho_liberal_uh;Анархо-либералы хотят свернуть социальные реформы и никогда не поддержат дальнейшие реформы любого рода.;Les anarcho-liberaux veulent davantage de reformes politiques et le retrait des reformes sociales.;Anarcho-Liberale sind an zusatzlichen Politikreformen interessiert, setzen sich aber fur die Ausserkraftsetzung von Sozialreformen ein.;;Los anarcoliberales rechazan las reformas sociales, y nunca apoyaran mas reformas de ningun tipo.;;;;;;;;;x;
RP_ACCUMULATED;Мы накопили §Y$VAL$§W очков исследований, которые в настоящее время не используются.;Nous disposons de §Y$VAL$§W points de recherche actuellement inutilises.;Wir haben §Y$VAL$§W Forschungspunkte angesammelt, die derzeit nicht verwendet werden.;;En estos momentos tenemos §Y$VAL$§W puntos de investigacion acumulados sin utilizar.;;;;;;;;;x;
WEGAINCB_SETUP;Когда мы получим Casus Belli;Si nous obtenons un casus belli;Wenn wir einen Kriegsgrund erhalten;;Cuando se produce un 'casus belli';;;;;;;;;x;
WEGAINCB_HEADER;$MONARCHTITLE$;$MONARCHTITLE$;$MONARCHTITLE$;$MONARCHTITLE$;$MONARCHTITLE$;$MONARCHTITLE$;$MONARCHTITLE$;$MONARCHTITLE$;;;;;;x;
WEGAINCB_1;Повод к войне;Casus belli;Kriegsgrund;;Casus belli;;;;;;;;;x;
WEGAINCB_2;Мы получили;Nous avons obtenu un;Wir erhielten den;;Tenemos un;;;;;;;;;x;
WEGAINCB_3;$CASUS$' Повод для войны;"Casus belli ""$CASUS$""";Kriegsgrund '$CASUS$';;Casus belli '$CASUS$';;;;;;;;;x;
WEGAINCB_4;против;contre;gegen;;contra;;;;;;;;;x;
WEGAINCB_5;$ENEMY$;$ENEMY$;$ENEMY$;;$ENEMY$;;;;;;;;;x;
WEGAINCB_6;$DESC$;$DESC$;$DESC$;$DESC$;$DESC$;$DESC$;$DESC$;$DESC$;$DESC$;$DESC$;$DESC$;$DESC$;$DESC$;x;
WEGAINCB_LOG;Мы получили «$CASUS$» Casus Belli против $ENEMY$.;"Nous avons obtenu un casus belli ""$CASUS$"" contre $ENEMY$.";Wir erhielten den Kriegsgrund '$CASUS$' gegen $ENEMY$.;;Tenemos un Casus belli '$CASUS$' contra $ENEMY$.;;;;;;;;;x;
WEGAINCB_BTN1;ХОРОШО;D'accord;OK;OK;OK;OK;OK;Rendben;OK;;;;;;x
WEGAINCB_BTN2;ХОРОШО;D'accord;OK;OK;OK;OK;OK;Rendben;OK;;;;;;x
WEGAINCB_BTN3;Перейти;Voir;Goto;Idџ do;Ir alli;Andare;Ugrбs;Pшejнt na;;;;;;x;
WEGAINCB_MAP;*;*;*;*;*;*;*;;;;;;;x;
NORMAL_WAR_FREE_NAME;$ORDER$$FIRST$ Война за свободу $COUNTRY_ADJ$;$ORDER$$FIRST$ guerre de liberation $COUNTRY_ADJ$;$ORDER$$FIRST$-$COUNTRY_ADJ$er Freiheitskrieg;;$ORDER$ Guerra $FIRST$ de liberacion $COUNTRY_ADJ$;;;;;;;;;x;
AGRESSION_WAR_FREE_NAME;$ORDER$$FIRST$ Война за поддержку $COUNTRY$;$ORDER$$FIRST$ guerre de soutien a $COUNTRY$;$ORDER$$FIRST$er Krieg zur Absicherung von $COUNTRY$;;$ORDER$ Guerra $FIRST$ de apoyo a $COUNTRY$;;;;;;;;;x;
NORMAL_WAR_COLONIAL_NAME;$ORDER$$FIRST$ Колониальное завоевание $STATE$;$ORDER$$FIRST$ conquete coloniale de $STATE$;$ORDER$$FIRST$e Kolonialeroberung von $STATE$;;$ORDER$ Conquista colonial $FIRST$ de $STATE$;;;;;;;;;x;
AGRESSION_WAR_COLONIAL_NAME;$ORDER$$FIRST$ Колониальная война за $STATE$;$ORDER$$FIRST$ guerre coloniale pour $STATE$;$ORDER$$FIRST$er Kolonialkrieg um $STATE$;;$ORDER$ Guerra colonial $FIRST$ por $STATE$;;;;;;;;;x;
NORMAL_WAR_TAKE_NAME;$ORDER$$FIRST$ Завоевание $STATE$;$ORDER$$FIRST$ conquete de $STATE$;$ORDER$$FIRST$e Eroberung von $STATE$;;$ORDER$ Conquista $FIRST$ de $STATE$;;;;;;;;;x;
AGRESSION_WAR_TAKE_NAME;$ORDER$$FIRST$ Война $STATE$;$ORDER$$FIRST$ guerre pour $STATE$;$ORDER$$FIRST$er Krieg um $STATE$;;$ORDER$ Guerra $FIRST$ de $STATE$;;;;;;;;;x;
NORMAL_WAR_TAKE_CORE_NAME;$ORDER$$FIRST$ Освобождение $STATE$;$ORDER$$FIRST$ liberation de $STATE$;$ORDER$$FIRST$e Befreiung von $STATE$;;$ORDER$ Liberacion $FIRST$ de $STATE$;;;;;;;;;x;
AGRESSION_WAR_TAKE_CORE_NAME;$ORDER$$FIRST$ Агрессия для $STATE$;$ORDER$$FIRST$ aggression pour $STATE$;$ORDER$$FIRST$e Aggression gegen $STATE$;;$ORDER$ Agresion $FIRST$ por $STATE$;;;;;;;;;x;
NORMAL_WAR_TAKE_SPHERE_NAME;$ORDER$$COUNTRY$ Война;$ORDER$ guerre de $COUNTRY$;$ORDER$$COUNTRY$-Feldzug;;$ORDER$ Guerra de $COUNTRY$;;;;;;;;;x;
AGRESSION_WAR_TAKE_SPHERE_NAME;$ORDER$$FIRST$-$SECOND$ Война за $COUNTRY$;$ORDER$ guerre $FIRST$-$SECOND$ pour $COUNTRY$;$ORDER$$FIRST$-$SECOND$er Krieg um $COUNTRY$;;$ORDER$ Guerra $FIRST$-$SECOND$ sobre $COUNTRY$;;;;;;;;;x;
NORMAL_WAR_ADD_SPHERE_NAME;$ORDER$Война $SECOND$ Подчинения;$ORDER$ guerre de soumission $SECOND$;$ORDER$Krieg zur $SECOND$en Unterwerfung;;$ORDER$ Guerra de sumision $SECOND$;;;;;;;;;x;
AGRESSION_WAR_ADD_SPHERE_NAME;$ORDER$Война $SECOND$ Порабощения;$ORDER$ guerre de subjugation $SECOND$;$ORDER$Krieg zur $SECOND$en Unterjochung;;$ORDER$ Guerra de subyugacion $SECOND$;;;;;;;;;x;
NORMAL_CIVIL_WAR_NAME;$ORDER$$FIRST$ Гражданская война;$ORDER$ guerre civile $FIRST$;$ORDER$$FIRST$er Burgerkrieg;;$ORDER$ Guerra Civil $FIRST$;;;;;;;;;x;
AGRESSION_CIVIL_WAR_NAME;$ORDER$$FIRST$ Гражданская война;$ORDER$ guerre civile $FIRST$;$ORDER$$FIRST$er Burgerkrieg;;$ORDER$ Guerra Civil $FIRST$;;;;;;;;;x;
NORMAL_WAR_CONQUEST_NAME;$ORDER$Завоевание $SECOND$ Войны;$ORDER$$FIRST$ conquete de la $SECOND_COUNTRY$ guerre;$ORDER$Eroberung von $SECOND$em Land;;$ORDER$ Guerra de Conquista $SECOND$;;;;;;;;;x;
AGRESSION_WAR_CONQUEST_NAME;$ORDER$Война $FIRST$ агрессии против $SECOND_COUNTRY$;$ORDER$ guerre d'aggression $FIRST$ sur $SECOND_COUNTRY$;$ORDER$$FIRST$er Aggressionskrieg gegen $SECOND$e Gebiete;;$ORDER$ Guerra de Agresion $FIRST$ contra $SECOND_COUNTRY$;;;;;;;;;x;
ADJ_FORT_EXTRA_ATTR;И §R+$VAL$%§W от вражеских соседних фортов.;Et §R+$VAL$%§W des forts adjacents ennemis.;Und §R+$VAL$%§W von feindlichen Forts in der Nahe.;;Y §R+$VAL$%§W de fuertes hostiles adyacentes.;;;;;;;;;x;
IS_NOT_ACCEPTED_CULTURE_POP;не принадлежит к принятой культуре.\n;n'appartient pas a une culture acceptee.\n;gehort nicht zu einer akzeptierten Kultur.\n;;no pertenece a una cultura aceptada.\n;;;;;;;;;x;
IS_ACCEPTED_CULTURE_POP;принадлежать к принятой культуре.\n;appartient a une culture acceptee.\n;gehort zu einer akzeptierten Kultur.\n;;pertenece a una cultura aceptada.\n;;;;;;;;;x;
IS_NOT_PRIMARY_CULTURE_POP;Не §Y$NAME$§W\n;N'est pas §Y$NAME$§W\n;Ist nicht §Y$NAME$§W\n;;No es §Y$NAME$§W\n;;;;;;;;;x;
IS_PRIMARY_CULTURE_POP;§Y$NAME$§W\n;Est §Y$NAME$§W\n;Ist §Y$NAME$§W\n;;Es §Y$NAME$§W\n;;;;;;;;;x;
NEW_CORE_EFFECT_TAG2;$TAG$ получит §Y$NEW$§W в качестве основного.\n;$TAG$ Obtiendra §Y$NEW$§W comme territoire cle.\n;$TAG$ erhalt §Y$NEW$§W als Kernprovinz.\n;;$TAG$ obtendra §Y$NEW$§W como nucleo.\n;;;;;;;;;x;
digin;Копать-в;Retranchement;Eingraben;;Atrincherar;;;;;;;;;x;
terrain;Местность;Terrain;Gelande;;Terreno;;;;;;;;;x;
crossing;Пересечение;Passage;Brucke;;Paso;;;;;;;;;x;
total_occupation;Оккупированные провинции;Provinces nationales occupees;Besetzte Heimatprovinzen;;Provincias nacionales ocupadas;;;;;;;;;x;
total_blockaded;Блокированные порты базирования;Ports nationaux sous blocus;Blockierte Heimathafen;;Puertos nacionales bloqueados;;;;;;;;;x;
PW_SLAVE_STATE;Рабовладельческое государство;Etat esclavagiste;Sklavenstaat;;Estado esclavista;;;;;;;;;x;
CURR_REL_TT;Наши нынешние отношения.;Nos relations actuelles.;Unsere aktuellen Beziehungen.;;Nuestras relaciones actuales.;;;;;;;;;x;
great_power;Великая держава;Grande Puissance;Grossmacht;;Gran potencia;;;;;;;;;x;
second_power;Вторичная мощность;Puissance secondaire;Sekundarmacht;;Potencia menor;;;;;;;;;x;
civ_nation;Цивилизованная нация;Nation civilisee;Zivilisierte Nation;;Nacion civilizada;;;;;;;;;x;
unciv_nation;Нецивилизованная нация;Nation non civilisee;Unzivilisierte Nation;;Nacion sin civilizar;;;;;;;;;x;
REB_TYPE_SIZE;§YПоддержка повстанцев§W;§YSoutien rebelle§W;§YRebellenunterstutzung§W;;§YApoyo rebelde§W;;;;;;;;;x;
REB_TYPE_POWER;§YСила мятежников§W;§YPuissance rebelle§W;§YRebellenmacht§W;;§YPotencia rebelde§W;;;;;;;;;x;
PRODUCTION_MUST_PORT_ONLY;Производится только в портах.\n;Production dans les ports uniquement.\n;Wird nur in Hafen produziert.\n;;Solo se puede producir en puertos.\n;;;;;;;;;x;
POPULATION_CHANGED_BY;Численность населения изменилась на;Evolution demographique :;Bevolkerung geandert um;;La poblacion ha cambiado en;;;;;;;;;x;
COMBAT_LEADER_MOD;Лидер;Chef;Anfuhrer;;Lider;;;;;;;;;x;
POLITICS_CANNOT_SET_RULING_PARTY_IN_ELECTION;Невозможно сменить правящую партию во время выборов.;Il est impossible de changer de parti dirigeant en cours d'election.;Wahrend einer Wahl ist es unmoglich, die Regierungspartei zu wechseln.;;No se puede cambiar el partido gobernante durante unas elecciones.;;;;;;;;;x;
IS_NOT_OVERSEAS;НЕ за границей;n'est PAS outremer;ist KEINE Ubersee-Provinz.;;NO esta en el extranjero;;;;;;;;;x;
IS_OVERSEAS;Находится за границей;est outremer;ist Ubersee-Provinz.;;esta en el extranjero;;;;;;;;;x;
SHIP_SUB_NAME;$NUM$$ORDER$ $HOME$ $TYPE$;$NUM$$ORDER$ $HOME$ $TYPE$;$NUM$$ORDER$ $HOME$s $TYPE$;;$NUM$$ORDER$ $HOME$ $TYPE$;;;;;;;;;x;
FOLLOWING_HAVE_CLAIMS;Здесь есть претензии следующих стран.;Les pays suivants revendiquent cet endroit :;Die folgenden Lander haben hier Anspruche:;;Aqui tienen pretensiones los siguientes paises:;;;;;;;;;x;
COUNTRY_IS_NOT_CULTURE;Первичная культура НЕ является;La culture principale n'est PAS;Primarkultur ist NICHT;;La cultura principal NO es;;;;;;;;;x;
COUNTRY_IS_CULTURE;Первичная культура - это;La culture principale est;Primarkultur ist;;La cultura principal es;;;;;;;;;x;
NO_ASSIM_NOW;Нет текущей ассимиляции;Pas d'assimilation pour le moment;Momentan keine Assimilierung;;Sin asimilar;;;;;;;;;x;
MODIFIER_LOCAL_REPAIR;Скорость судоремонта;Vitesse de reparation des navires;Schiffsreparaturgeschwindigkeit;;Velocidad de reparacion de nave;;;;;;;;;x;
BADBOY_DRO_1;Ежемесячное изменение дурной репутации:\n;Infamie - Evolution mensuelle :\n;Monatliche Infamie-Veranderung:\n;;Cambio de infamia mensual:\n;;;;;;;;;x;
REGIMENT_SIZE;Текущий размер: §Y$SIZE$§W\n;Taille actuelle : §Y$SIZE$§W\n;Aktuelle Grosse: §Y$SIZE$§W\n;;Tamano actual: §Y$SIZE$§W\n;;;;;;;;;x;
CURRENT_MORALE;Организация: §Y$SIZE$§W из $MAX$.\n;Organisation : §Y$SIZE$§W sur $MAX$.\n;Organisation: §Y$SIZE$§W von $MAX$.\n;;Organizacion: §Y$SIZE$§W of $MAX$.\n;;;;;;;;;x;
SUPPLY_COST;Расходы на поставку;Frais d'approvisionnement;Versorgungskosten;;Costes de abastecimiento;;;;;;;;;x;
ALL_CORE_PROVINCE_THAT; Для всех основных провинций;Pour tous les territoires cles ;Fur alle Kernprovinzen;;Para todas las provincias nucleo ;;;;;;;;;x;
BREAKCOUNTRY_SETUP;Когда повстанческая группировка навязывает свои требования в нашей стране;Si une faction rebelle impose ses revendications a notre nation;Wenn eine Rebellenfraktion ihre Forderungen in unserer Nation erzwingt.;;Cuando una faccion rebelde impone sus demandas en nuestra nacion;;;;;;;;;x;
BREAKCOUNTRY_HEADER;Отчет от $CAPITAL$;Rapport en provenance de $CAPITAL$;Bericht aus $CAPITAL$:;;Informe desde $CAPITAL$;;;;;;;;;x;
BREAKCOUNTRY_1;$FACTION$ Победа!;$FACTION$ l'emportent !;$FACTION$ haben gesiegt!;;ЎVictoria de los $FACTION$!;;;;;;;;;x;
BREAKCOUNTRY_2;$MONARCHTITLE$, $FACTION$ предприняли действия по выполнению своих требований!;$MONARCHTITLE$, $FACTION$ ont impose leurs revendications !;$FACTION$ haben gesiegt!;;Ў$MONARCHTITLE$, los $FACTION$ han impuesto sus demandas!;;;;;;;;;x;
BREAKCOUNTRY_3;*;*;*;*;*;*;*;;;;;;;x;
BREAKCOUNTRY_4;$EFFECTS$;$EFFECTS$;$EFFECTS$;;$EFFECTS$;;;;;;;;;x;
BREAKCOUNTRY_5;*;*;*;*;*;*;*;;;;;;;x;
BREAKCOUNTRY_6;*;*;*;*;*;*;*;;;;;;;x;
BREAKCOUNTRY_LOG;$FACTION$ выполняет свои требования!;$FACTION$ imposent leurs revendications !;$FACTION$ haben gesiegt!;;ЎLos $FACTION$ imponen sus demandas!;;;;;;;;;x;
BREAKCOUNTRY_BTN1;Ужас!;Horreur !;Oh Graus!;To straszne!;ЎQue horror!;Orrore!;Rettegйs!;Hrщza!;;;;;;x;
BREAKCOUNTRY_BTN2;Ужас!;Horreur !;Oh Graus!;To straszne!;ЎQue horror!;Orrore!;Rettegйs!;Hrщza!;;;;;;x;
BREAKCOUNTRY_BTN3;Перейти;Voir;Goto;Idџ do;Ir alli;Andare;Menj ide;Pшejнt na;;;;;;x;
BREAKCOUNTRY_MAP;*;*;*;*;*;*;*;;;;;;;x;
BREAKCOUNTRYOTHER_SETUP;Когда повстанческая группировка навязывает свои требования в другой стране;Si une faction rebelle impose ses revendications a une autre nation;Wenn eine Rebellenfraktion ihre Forderungen in einer anderen Nation erzwingt.;;Cuando una faccion rebelde impone sus demandas en otra nacion;;;;;;;;;x;
BREAKCOUNTRYOTHER_HEADER;Посол из;Ambassadeur de;Botschafter aus;;Embajador de;;;;;;;;;x;
BREAKCOUNTRYOTHER_1;$OTHER$;$OTHER$;$OTHER$;$OTHER$;$OTHER$;$OTHER$;$OTHER$;$OTHER$;;;;;;x;
BREAKCOUNTRYOTHER_2;$FACTION$ выполнили свои требования в;$FACTION$ ont impose leurs revendications en;$FACTION$ haben den Sieg errungen!;;Los $FACTION$ han impuesto sus demandas en;;;;;;;;;x;
BREAKCOUNTRYOTHER_3;$OTHER$;$OTHER$;$OTHER$ ist kollabiert.;;$OTHER$;;;;;;;;;x;
BREAKCOUNTRYOTHER_4;$EFFECTS$;$EFFECTS$;$EFFECTS$;;$EFFECTS$;;;;;;;;;x;
BREAKCOUNTRYOTHER_5;*;*;*;*;*;*;*;;;;;;;x;
BREAKCOUNTRYOTHER_6;*;*;*;*;*;*;*;;;;;;;x;
BREAKCOUNTRYOTHER_LOG;$FACTION$ реализует свои требования в $OTHER$!;$FACTION$ imposent ses revendications en $OTHER$ !;$FACTION$ siegten in $OTHER$!!;;ЎLos $FACTION$ imponen sus demandas en $OTHER$!;;;;;;;;;x;
BREAKCOUNTRYOTHER_BTN1;ХОРОШО;D'accord;OK;OK;OK;Aceptar;OK;Rendben;OK;;;;;;x
BREAKCOUNTRYOTHER_BTN2;ХОРОШО;D'accord;OK;OK;OK;Aceptar;OK;Rendben;OK;;;;;;x
BREAKCOUNTRYOTHER_BTN3;Перейти;Voir;Goto;Idџ do;Ir alli;Andare;Ugrбs;Pшejнt na;;;;;;x;
BREAKCOUNTRYOTHER_MAP;*;*;*;*;*;*;*;;;;;;;x;
INVENTION_SETUP;Когда вы приобрели изобретение.;Si vous obtenez une invention;Wenn Sie eine Erfindung erhalten haben.;;Cuando consigas hacer un invento;Quando acquisisci un'invenzione;;;;;;x;;;
INVENTION_HEADER;Отчеты о;Rapports sur;Bericht uber eine;;Informe sobre;;;;;;;;;x;
INVENTION_1;Крупное открытие;Decouverte majeure;Grosse Entdeckung;;Descubrimiento importante;Grande scoperta;;;;;;x;;;
INVENTION_2;Ученые нашей страны обнаружили;Les scientifiques de notre pays ont decouvert;Wissenschaftlicher unseres Landes entdeckten;;Los cientificos de nuestro pais han descubierto;;;;;;;;;x;
INVENTION_3;$INVENTION$;$INVENTION$;$INVENTION$;;$INVENTION$;$INVENTION$;;;;;;x;;;
INVENTION_4;$DESC$;$DESC$;$DESC$;;$DESC$;$DESC$;;;;;;x;;;
INVENTION_5;ЭФФЕКТ:;EFFETS :;Das hat folgende Effekte:;;EFECTO:;EFFETTO:;;;;;;x;;;
INVENTION_6;$EFFECT$;$EFFECT$;$EFFECT$;;$EFFECT$;$EFFECT$;;;;;;x;;;
INVENTION_LOG;Мы узнали, как работает $INVENTION$.;Nous avons decouvert : $INVENTION$.;Wir haben herausgefunden, was $INVENTION$ ermoglicht.;;Hemos descubierto como funciona el invento siguiente: $INVENTION$.;Abbiamo scoperto il funzionamento di: $INVENTION$.;;;;;;x;;;
INVENTION_BTN1;ХОРОШО;D'accord;OK;OK;;Aceptar;OK;;;;;;x;;
INVENTION_BTN2;ХОРОШО;D'accord;OK;OK;;Aceptar;OK;;;;;;x;;
INVENTION_BTN3;Подробности;Details;Details;;Detalles;Dettagli;;;;;;x;;;
INVENTION_MAP;*;*;*;;*;*;;;;;;x;;;
revanchism;Реваншизм;Revanchisme;Revanchismus;;Revanchismo;;;;;;;;;x;
plurality;Множество;Pluralite;Pluralitat;;Pluralidad;;;;;;;;;x;
TOPBAR_LEADERSHIP_GAIN_TOOLTIP;Каждый месяц мы получаем §Y$CURR$§W лидерства от наших сотрудников.;Nos officiers nous permettent de gagner §Y$CURR$§W points de commandement par mois.;Wir erhalten von unseren Offizieren monatlich §Y$CURR$§W Anfuhrerschaft.;;Obtenemos §Y$CURR$§W de liderazgo de nuestros oficiales cada mes.;;;;;;;;;x;
UW_AASIGN;Автоматическое назначение лидеров;Attribution automatique des officiers;Anfuhrer autom. zuteilen;;Asignacion automatica de lideres;;;;;;;;;x;
ATTR_SAFE_RANGE;Флот, находящийся в зоне действия кораблей снабжения и вблизи побережья, не понесет потерь.;Une flotte a portee de navires ravitailleurs et a proximite d'une cote, ne subit aucune attrition.;Eine Flotte innerhalb der Reichweite von Versorgungsschiffen und nahe einer Kuste erleidet keine Verluste.;;Una flota dentro del alcance de los barcos de suministro y cerca de una costa no sufrira desgaste alguno.;;;;;;;;;x;
TECHNOLOGYVIEW_HAVE_NOT_YEAR;Невозможно начать исследование до §Y$YEAR$§W.;Il est impossible d'entamer ces travaux avant §Y$YEAR$§W.;Die Erforschung hiervon ist nicht vor dem Jahr §Y$YEAR$§W moglich.;;Esto no se puede empezar a investigar antes de §Y$YEAR$§W.;;;;;;;;;x;
ENCOURAGEMENT_FOR;Поощрение для;Encouragement pour ;Ermutigung zu ;;Fomento de ;;;;;;;;;x;
IS_NOT_PRIMARY_CULTURE;§Y$NAME$§W НЕ является основной культурой.\n;§Y$NAME$§W n'est PAS une culture principale.\n;§Y$NAME$§W ist NICHT Primarkultur.\n;;La §Y$NAME$§W NO es una cultura principal.\n;;;;;;;;;x;
IS_PRIMARY_CULTURE;§Y$NAME$§W — первичная культура.\n;§Y$NAME$§W est une culture principale.\n;§Y$NAME$§W ist Primarkultur.\n;;La §Y$NAME$§W es una cultura principal.\n;;;;;;;;;x;
IS_NOT_ACCEPTED_CULTURE2;§Y$NAME$§W НЕ является принятой культурой.\n;§Y$NAME$§W n'est PAS une culture acceptee.\n;§Y$NAME$§W ist KEINE akzeptierte Kultur.\n;;La §Y$NAME$§W NO es una cultura aceptada.\n;;;;;;;;;x;
IS_ACCEPTED_CULTURE2;§Y$NAME$§W — это принятая культура.\n;§Y$NAME$§W est une culture acceptee.\n;§Y$NAME$§W ist eine akzeptierte Kultur.\n;;La §Y$NAME$§W es una cultura aceptada.\n;;;;;;;;;x;
ALL_COUNTRIES_EFF;Все страны;Tous les pays;Alle Lander;;Todos los paises;;;;;;;;;x;
ALL_COUNTRIES_THAT_EFF;Все страны, которые;Tout pays qui;Alle Lander, die;;Todos los paises que;;;;;;;;;x;
GETTING_ONLY_NEEDS;Получение только $NEED$: §Y$VAL$%§W;Recevant a peine '$NEED$' : §Y$VAL$%§W;Decken lediglich $NEED$: §Y$VAL$%§W;;Solo consigue $NEED$: §Y$VAL$%§W;;;;;;;;;x;
tutorial_chapter_introduction;Конец введения.;Fin de l'introduction.;Ende der Einleitung.;;Fin de la introduccion;;;;;;;;;x;
tutorial_end_of_chapter;Конец главы руководства;Fin du chapitre du didacticiel;Ende des Tutorialkapitels;;Fin del capitulo tutorial;;;;;;;;;x;
ISSUE_MOVE_EFFECT;§Y$PERCENTAGE$%§W населения перемещается из §YFROM§W в §YTO§W;§Y$PERCENTAGE$%§W des POP emigrent de §YFROM§W vers §YTO§W;§Y$PERCENTAGE$%§W der Bevs ziehen von §YFROM§W nach §YTO§W um.;;Un §Y$PERCENTAGE$%§W de las POB se desplaza de §YFROM§W a §YTO§W;;;;;;;;;x;
ADD_WARGOAL_EFFECT;Добавив эту военную цель, мы получим:;Si objectif de guerre ajoute, nous aurons :;Wenn wir dieses Kriegsziel hinzufugen, erhalten wir:;;Al anadir este objetivo belico, obtendremos:;;;;;;;;;x;
ADD_WARGOAL_SUCCESS;Если мы достигнем этой военной цели, мы получим:;Si objectif de guerre atteint, nous aurons :;Wenn wir dieses Kriegsziel erreichen, erhalten wir:;;Si logramos este objetivo belico, obtendremos:;;;;;;;;;x;
ADD_WARGOAL_FAILURE;Если мы не достигнем этой цели войны, мы получим:;Si objectif de guerre manque, nous aurons :;Wenn wir dieses Kriegsziel nicht erreichen, erhalten wir:;;Si fracasamos en este objetivo belico:;;;;;;;;;x;
WARDIALOG_TRUCE; Перемирие:;Treve : ;Waffenruhe:;;Tregua: ;;;;;;;;;x;
WARDIALOG_NOCB; Нет повода для войны:;Pas de casus belli : ;Kein Kriegsgrund:;;Sin ‘casus belli’: ;;;;;;;;;x;
DIPLOMACY_INFAMY2;Дурная слава: $VALUE$;Infamie : $VALUE$;Infamie: $VALUE$;;Infamia: $VALUE$;;;;;;;;;x;
DIPLOMACY_PRESTIGE2;Престиж: $VALUE$;Prestige : $VALUE$;Prestige: $VALUE$;;Prestigio: $VALUE$;;;;;;;;;x;
DIPLOMACY_MILITANCY2;Воинственность: $VALUE$;Militantisme : $VALUE$;Militanz: $VALUE$;;Militancia: $VALUE$;;;;;;;;;x;
REMOVE_DIPLOMACY_WARDIALOG_ALLIES;У §Y$COUNTRY$§W есть следующие союзники:;§Y$COUNTRY$§W a les allies suivants :;§Y$COUNTRY$§W hat folgende Verbundete:;;§Y$COUNTRY$§W cuenta con los siguientes aliados:;;;;;;;;;x;
REMOVE_DIPLOMACY_WARDIALOG_NUM_ALLIES;§Y$COUNTRY$§W имеет §Y$NUM$§W союзников;§Y$COUNTRY$§W a §Y$NUM$§W allies;§Y$COUNTRY$§W hat §Y$NUM$§W Verbundete.;;§Y$COUNTRY$§W tiene §Y$NUM$§W aliados;;;;;;;;;x;
DIPLOMACY_WAR_HASTRUCE;§RУ нас перемирие с §Y$COUNTRY$§R до §Y$DATE$§R. Объявление им войны нанесет значительный удар по нашему международному престижу;§RNous observons une treve avec §Y$COUNTRY$§R jusqu'a la date suivante : §Y$DATE$§W. Si nous declarons la guerre a ce pays, notre prestige international en patira.;§RWir haben Waffenruhe mit §Y$COUNTRY$§R bis §Y$DATE$§R. Wurden wir ihnen den Krieg erklaren, ware dies ein schwerer Schlag fur unser internationales Prestige.;;§RTenemos una tregua con §Y$COUNTRY$§R hasta el §Y$DATE$§R. Declararle la guerra tendra un efecto considerable sobre nuestro prestigio internacional.;;;;;;;;;x;
REMOVE_DIPLOMACY_DAILYINFLULENCE_GAIN;Мы получаем §Y$NUM$§W влияния в §Y$COUNTRY$§W каждый день;Nous gagnons quotidiennement §Y$NUM$§W points d'influence en §Y$COUNTRY$§W.;Wir erhalten in §Y$COUNTRY$§W taglich §Y$NUM$§W Einfluss.;;Obtenemos una influencia de §Y$NUM$§W en §Y$COUNTRY$§W cada dia;;;;;;;;;x;
tutorial_chapter_budget_victoria;Конец промежуточного руководства по бюджету;Fin du didacticiel intermediaire sur le budget;Ende des Haushalts-Mitteltutorials.;;Fin del tutorial de presupuesto intermediario;;;;;;;;;x;
NO_RELEASEABLE_NATIONS;У нас нет стран, которым мы могли бы предоставить суверенитет.;Nous n'avons aucune nation a laquelle accorder la souverainete.;Wir haben keine Nationen, denen wir Souveranitat gewahren konnten.;;No tenemos naciones a las que podamos conceder la soberania;;;;;;;;;x;
DIPLOMACY_CALL_ALLIES_NOT_LEADER;Мы не лидеры этой войны и не можем призвать в нее своих союзников.;§RN'etant pas meneur de cette guerre, nous ne pouvons pas faire appel a nos allies.§W;Wir sind nicht Anfuhrer dieses Kriegs und konnen daher unsere Verbundeten nicht zur Intervention auffordern.;;No somos lideres en esta guerra y no podemos involucrar a nuestros aliados en ella;;;;;;;;;x;
LEDGER_NEXT;Следующий;Suivant;Weiter;;Siguiente;;;;;;;;;x;
LEDGER_PREV;Предыдущий;Precedent;Zuruck;;Anterior;;;;;;;;;x;
MEC_544;Шлезвиг-Гольштейн;Slesvig-Holstein;Schleswig-Holstein;;Schleswig-Holstein;;;;;;;;;x;
COUNTRYALERT_CanIncreaseOpinion;Мы можем §YУвеличить мнение§W о нашей нации или добавить нации в нашу §YСферу влияния§W:;Nous pouvons §Yameliorer l'opinion§W de notre nation ou ajouter des nations a notre §Ysphere d'influence§W :;Wir konnen eine §YMeinungssteigerung§W uber unsere Nation erwirken oder Nationen unserer §YEinflusssphare§W hinzufugen:;;Podemos §YMejorar la opinion§W de nuestra nacion o anadir naciones a nuestra §YEsfera de influencia§W:;;;;;;;;;x;
COUNTRYALERT_NO_CanIncreaseOpinion;Мы не можем повысить мнение нашей нации или добавить нации в нашу §YСферу влияния§W;Nous ne pouvons pas ameliorer l'opinion de notre nation ou ajouter des nations a notre §Ysphere d'influence§W.;Wir konnen die Meinung uber unsere Nation nicht steigern oder Nationen unserer §YEinflusssphare§W hinzufugen:;;No podemos mejorar la opinion de nuestra nacion o anadir naciones a nuestra §YEsfera de influencia§W;;;;;;;;;x;
COLONY_SUCCESS_LOG;Мы успешно колонизировали $TARGET$.;Nous avons reussi a coloniser $TARGET$.;Wir haben $TARGET$ erfolgreich kolonisiert.;;Hemos conseguido colonizar $TARGET$.;;;;;;;;;x;
COLONY_FAIL_LOG;$OTHER$ удалось колонизировать $TARGET$ раньше нас.;$OTHER$ a reussi a coloniser $TARGET$ avant nous.;$OTHER$ hat es geschafft, $TARGET$ vor uns zu kolonisieren.;;$OTHER$ ha conseguido colonizar $TARGET$ antes que nosotros.;;;;;;;;;x;
american_cultures;Американские культуры;Cultures americaines;Amerikanische Kulturen;;Culturas americanas;;;;;;;;;x;
CANT_USE_LAST_WAR_GOALS;Выбор этой цели войны положит конец войне и может быть осуществлен только в мирном соглашении с лидером войны.;La selection de cet objectif mettra fin a la guerre, mais necessite un accord de paix avec le meneur de guerre ennemi.;Die Auswahl dieses Kriegsziels wurde den Krieg beenden. Dies ist nur in einem Friedensvertrag mit dem Kriegsfuhrer moglich.;;Seleccionar este objetivo belico pondria fin a la guerra y solo puede llevarse a cabo en un acuerdo de paz con el lider de la guerra;;;;;;;;;x;
tut_6a_13;Для улучшения промышленного производства Бельгии нам нужно больше промышленных рабочих. Щелкните значок ремесленников, чтобы установить этот фокус.;Pour ameliorer la production industrielle de la Belgique, il vous faut davantage d'ouvriers. Cliquez sur l'icone des ouvriers pour definir cette cause.;Zur Verbesserung von Belgiens Industrieproduktion benotigen wir mehr Industriearbeiter. Klicken Sie auf das Facharbeitersymbol, um einen Fokus darauf zu legen.;;Para mejorar la produccion industrial de Belgica necesitamos mas obreros. Haz clic en el icono de obreros para establecer esta prioridad.;;;;;;;;;x;
DEN_251;Исландия и Гренландия;Islande et Groenland;Island & Gronland;;Islandia y Groenlandia;;;;;;;;;x;
CANCELALLIANCE_THEY_ACCEPT_BTN2;ХОРОШО;D'accord;OK;OK;OK;Aceptar;OK;Rendben;OK;;;;;;x
CANCELALLIANCE_THEY_ACCEPT_BTN3;Перейти к;Voir;Go to;Idџ do;Ir alli;Andare;Menj ide:;Pшejнt na;;;;;;x;
tut_1b_19;Сейчас мы вручную назначим нашего генерала, а затем выберем свою дивизию в Спа.;Pour le moment, vous allez affecter votre general manuellement. Allez-y, selectionnez la division presente a Spa.;Fur Erste werden wir unseren General manuell zuteilen. Wahlen Sie dazu Ihre Division in Spa aus.;;De momento, asignaremos manualmente a nuestro general. Sigue adelante y selecciona tu division en Spa.;;;;;;;;;x;
TOPBAR_DEC_SPEED;Уменьшить скорость;Reduire la vitesse;Geschwindigkeit reduzieren;;Disminuir velocidad;;;;;;;;;x;
fort;Форт;Fort;Fort;;Fuerte;;;;;;;;;x;
fort_short;Форт;fort;Fort;;Fuerte;;;;;;;;;x;
TOPBAR_DEC_SPEED;Уменьшить скорость;Reduire la vitesse;Geschwindigkeit reduzieren;;Disminuir velocidad;;;;;;;;;x;
IS_GREAT_NATION;Великая сила;Est une Grande Puissance;Ist Grossmacht;;Es una gran potencia;;;;;;;;;x;
NO_DEMOTION;В этом месяце понижений не будет.;Il n'y aura aucune retrogradation ce mois-ci.;Diesen Monat gibt es keine Degradierungen.;;Este mes no habra degradaciones.;;;;;;;;;x;
NO_PROMOTION;В этом месяце акций не будет.;Il n'y aura aucune promotion ce mois-ci.;Diesen Monat gibt es keine Beforderungen.;;Este mes no habra ascensos.;;;;;;;;;x;
INCREASEOPINION_THEY_ACCEPT_MAP;Мнение возросло;Opinion en hausse;Meinung erhoht;;Opinion mejorada;;;;;;;;;x;
INCREASEOPINION_WE_ACCEPT_MAP;Мнение возросло;Opinion en hausse;Meinung erhoht;;Opinion mejorada;;;;;;;;;x;
DECREASEOPINION_THEY_ACCEPT_MAP;Мнение снизилось;Opinion en baisse;Meinung verringert;;Opinion empeorada;;;;;;;;;x;
DECREASEOPINION_WE_ACCEPT_MAP;Мнение снизилось;Opinion en baisse;Meinung verringert;;Opinion empeorada;;;;;;;;;x;
ADDTOSPHERE_THEY_ACCEPT_MAP;Добавлено в сферу;Ajoute a la sphere;Zu Einflusssphare hinzugefugt;;Anadida a la esfera;;;;;;;;;x;
ADDTOSPHERE_WE_ACCEPT_MAP;Добавлено в сферу;Ajoute a la sphere;Zu Einflusssphare hinzugefugt;;Anadida a la esfera;;;;;;;;;x;
REMOVEFROMSPHERE_THEY_ACCEPT_MAP;Удалено из сферы;Retire de la sphere;Aus Einflusssphare entfernt;;Retirada de la esfera;;;;;;;;;x;
REMOVEFROMSPHERE_WE_ACCEPT_MAP;Удалено из сферы;Retire de la sphere;Aus Einflusssphare entfernt;;Retirada de la esfera;;;;;;;;;x;
INCREASERELATION_THEY_ACCEPT_MAP;Отношение увеличилось;Relation amelioree;Beziehung verbessert;;Relacion mejorada;;;;;;;;;x;
INCREASERELATION_WE_ACCEPT_MAP;Отношение увеличилось;Relation amelioree;Beziehung verbessert;;Relacion mejorada;;;;;;;;;x;
DECREASERELATION_THEY_ACCEPT_MAP;Отношение уменьшилось;Relation deterioree;Beziehung verschlechtert;;Relacion empeorada;;;;;;;;;x;
DECREASERELATION_WE_ACCEPT_MAP;Отношение уменьшилось;Relation deterioree;Beziehung verschlechtert;;Relacion empeorada;;;;;;;;;x;
WETARGET_DISCREDIT_MAP;Дискредитирован!;Discredite !;In Verruf gebracht!;;ЎDesacreditado!;;;;;;;;;x;
WETARGET_EXPELADVISORS_MAP;Советники изгнаны!;Conseillers expulses !;Berater ausgewiesen!;;ЎConsejeros expulsados!;;;;;;;;;x;
WETARGET_BANEMBASSY_MAP;Посольство запрещено!;Ambassade interdite !;Botschaft verbannt!;;ЎEmbajada cerrada!;;;;;;;;;x;
WETARGET_DECREASEOPINION_MAP;Мнение снизилось!;Opinion en baisse !;Meinung verringert!;;ЎOpinion empeorada!;;;;;;;;;x;
WETARGET_REMOVEFROMSPHERE_MAP;Удалено из сферы!;Retire de la sphere !;Aus Einflusssphare entfernt!;;ЎRetirada de la esfera!;;;;;;;;;x;
womens_suffrage_movement;Движение за женское избирательное право;Mouvement des suffragettes;Frauenrechtsorganisation;;Movimiento sufragista femenino;;;;;;;;;x;
WAR_GOOD_RELATION; Хорошие отношения(§Y$REL$§W) и средняя сознательность(§Y$CON$§W):;Bonnes relations (§Y$REL$§W) et conscience nationale moyenne (§Y$CON$§W) : ;Gute Beziehungen (§Y$REL$§W) und durchschnittliches Bewusstsein (§Y$CON$§W):;;Buenas relaciones (§Y$REL$§W) y conciencia media (§Y$CON$§W): ;;;;;;;;;x;
make_slave;Создать рабовладельческое государство;Creer un Etat esclavagiste;Sklavereistaat erstellen;;Crear estado esclavista;;;;;;;;;x;
make_free;Создать свободное государство;Creer un Etat libre;Freistaat erstellen;;Crear estado libre;;;;;;;;;x;
POP_OTHER_CULT;Другой;Autres;Andere;;Otra;;;;;;;;;x;
BLOCKADED_PEACE;Блокада;Sous blocus;Blockiert;;Bloqueada;;;;;;;;;x;
PRODUCTION_DESTROY_FACTORY_BECAUSE_TOOLTIP;Нам разрешено уничтожить эту фабрику, потому что:\n;Nous sommes autorises a detruire cette usine car :\n;Wir konnen diese Fabrik aus folgenden Grunden zerstoren:\n;;Podemos destruir esta fabrica porque:\n;;;;;;;;;x;
PRODUCTION_NOT_DESTROY_FACTORY_BECAUSE_TOOLTIP;Нам разрешено уничтожить эту фабрику, потому что:\n;Nous sommes autorises a detruire cette usine car :\n;Wir konnen diese Fabrik aus folgenden Grunden zerstoren:\n;;Podemos destruir esta fabrica porque:\n;;;;;;;;;x;
RULE_DESTROY_FACTORY;Уничтожить мастерские;Detruire les usines;Fabriken zerstoren;;Destruir fabricas;;;;;;;;;x;
INCREASE_RELATION_MAX; Мы не можем добиться лучших отношений с;Nous ne pouvons pas entretenir de meilleures relations avec ;Keine besseren Beziehungen moglich zu;;No podemos mejorar mas las relaciones con ;;;;;;;;;x;
DECREASE_RELATION_MAX; Мы не можем ухудшить отношения с;Nous ne pouvons pas entretenir de pires relations avec ;Keine schlechteren Beziehungen moglich zu;;No podemos empeorar mas las relaciones con ;;;;;;;;;x;
BANKRUPTCY_SETUP;Когда у нас банкротство;Si nous faisons faillite;Wenn wir in Konkurs gehen;;Cuando tengamos una bancarrota;;;;;;;;;x;
BANKRUPTCY_HEADER;$MESSENGER$;$MESSENGER$;$MESSENGER$;;$MESSENGER$;;;;;;;;;x;
BANKRUPTCY_1;Печальное положение дел!;Faillite !;Konkurs!;;ЎBancarrota!;;;;;;;;;x;
BANKRUPTCY_2;Мы были вынуждены объявить себя банкротом.;Nous avons ete reduits a la faillite.;Wir wurden gezwungen, Konkurs anzumelden.;;Nos hemos visto obligados a declararnos en bancarrota.;;;;;;;;;x;
BANKRUPTCY_3;Все наши кредиты были погашены,;Tous nos emprunts ont ete soldes,;Samtliche unserer Darlehen wurden geloscht,;;Todos nuestros prestamos han sido saldados,;;;;;;;;;x;
BANKRUPTCY_4;но это вызвало большую обеспокоенность среди нашего населения;mais notre population est inquiete;aber dies hat unter unserer Bevolkerung grosse Besorgnis hervorgerufen;;pero ello ha causado una gran preocupacion entre nuestra poblacion;;;;;;;;;x;
BANKRUPTCY_5;и мы сильно потеряли престиж в глазах мира.;et nous avons perdu une bonne partie de notre prestige aux yeux du reste du monde.;und wir haben in den Augen der Welt viel Prestige eingebusst.;;y hemos perdido mucho prestigio a los ojos del mundo.;;;;;;;;;x;
BANKRUPTCY_6;В будущем банки будут менее охотно давать нам кредиты.;A l'avenir, les banques hesiteront a nous preter de l'argent.;In Zukunft werden uns Banken zogerlicher Geld leihen.;;En el futuro, los bancos seran mas reacios a prestarnos dinero.;;;;;;;;;x;
BANKRUPTCY_LOG;Мы обанкротились.;Nous avons fait faillite.;Wir sind Konkurs gegangen.;;Nos hemos declarado en bancarrota.;;;;;;;;;x;
BANKRUPTCY_BTN1;Это нехорошо.;Mauvaise chose;Das ist nicht gut.;;No es buena cosa;;;;;;;;;x;
THEY_BANKRUPTCY_SETUP;в другой стране банкротство;Un autre pays a fait faillite;ein anderes Land hat Konkurs angemeldet.;;Otro pais se ha declarado en bancarrota;;;;;;;;;x;
THEY_BANKRUPTCY_HEADER;$MESSENGER$;$MESSENGER$;$MESSENGER$;;$MESSENGER$;;;;;;;;;x;
THEY_BANKRUPTCY_1;Банкротство!;Faillite !;Konkurs!;;ЎBancarrota!;;;;;;;;;x;
THEY_BANKRUPTCY_2;$COUNTRY$;$COUNTRY$;$COUNTRY$;;$COUNTRY$;;;;;;;;;x;
THEY_BANKRUPTCY_3;были вынуждены объявить себя банкротами.;a ete reduit a la faillite.;ist gezwungen worden, Konkurs anzumelden.;;se ha visto obligado a declararse en bancarrota.;;;;;;;;;x;
THEY_BANKRUPTCY_4;*;*;*;;*;;;;;;;;;x;
THEY_BANKRUPTCY_5;*;*;*;;*;;;;;;;;;x;
THEY_BANKRUPTCY_6;*;*;*;;*;;;;;;;;;x;
THEY_BANKRUPTCY_LOG;$COUNTRY$ обанкротилась.;$COUNTRY$ a fait faillite.;$COUNTRY$ ist Konkurs gegangen.;;$COUNTRY$ se ha declarado en bancarrota.;;;;;;;;;x;
THEY_BANKRUPTCY_BTN1;Хорошо;OK;Ok;;Aceptar;;;;;;;;;x;
LIT_CHANGE;Ежемесячное изменение;Evolution mensuelle;Monatliche Veranderung;;Cambio mensual;;;;;;;;;x;
precious_metal_desc;Драгоценные металлы не продаются как обычные товары, а напрямую конвертируются в деньги.;Contrairement aux autres marchandises, les metaux precieux ne se vendent pas. Ils sont directement convertis en monnaie.;Edelmetalle werden nicht als normale Guter verkauft, sondern direkt in Geld umgewandelt.;;Los metales preciosos no se venden como mercancias normales, sino que se convierten directamente en dinero.;;;;;;;;;x;
DIPLOMACY_CANNOT_SET_PRIO_BANNED;Мы не можем влиять на эту страну, так как наше посольство запрещено.;Nous ne pouvons pas influencer cette nation, car notre ambassade y est interdite.;Wir konnen diese Nation nicht beeinflussen, weil unsere Botschaft verbannt wurde.;;No podemos influir en esta nacion, ya que nuestra embajada ha sido cerrada;;;;;;;;;x;
PROV1723;Бальбоа;Balboa;Balboa;;Balboa;;;;;;;;;x;
PROV353;Цsel;Osel;Osel;;Osel;;;;;;;;;x;
MILITARY_MOBILIZE;Мобилизуйте наши Вооруженные Силы;Mobiliser nos forces armees;Mobilisierung unserer Streitkrafte;;Movilizar nuestras fuerzas armadas;;;;;;;;;x;
MILITARY_MOBILIZE_DESC;Помимо нашей постоянной армии, наша страна может также, в случае войны, использовать дополнительные ресурсы в виде призыва. Приказывая о мобилизации, наши призывные армии начнут собираться в крупных населенных пунктах и начнут подготовку к полномасштабной войне. Хотя мобилизация может быть необходима для преодоления значительного вторжения противника, мы всегда должны быть осторожны с ее влиянием на национальную экономику.;Outre son armee de metier, en cas de guerre, notre pays peut aussi avoir recours a la conscription. Lorsqu'un ordre de mobilisation est emis, nos armees de conscrits se rassemblent dans les principaux centres demographiques et se preparent a engager une guerre totale. Si la mobilisation est essentielle pour repousser une invasion ennemie d'envergure, mieux vaut se mefier de son impact sur l'economie nationale.;Zusatzlich zu unserem stehenden Heer kann unser Land in Kriegszeiten durch den Einzug Wehrpflichtiger zusatzliche Truppen ausheben. Nach Erhalt des Mobilisierungsbefehls versammeln sich unsere Wehrpflichtigenarmeen in grossen Ballungsraumen und beginnen mit ihren Vorbereitungen fur den Kriegseinsatz. Wahrend die Mobilisierung beispielsweise zur Abwehr einer grosseren Invasion notwendig sein konnte, mussen wir vor ihren Auswirkungen auf die nationale Wirtschaft auf der Hut sein.;;Ademas de nuestro ejercito permanente, nuestro pais, en caso de guerra, tambien puede contar con recursos adicionales en forma de levas. Al ordenar la movilizacion, se empezaran a formar nuestros ejercitos reclutados en los principales centros de poblacion y se iniciaran los preparativos para la guerra. Aunque la movilizacion puede resultar esencial para afrontar una invasion enemiga de gran envergadura, siempre debemos ser conscientes de su impacto en la economia nacional.;;;;;;;;;x;
MILITARY_DEMOBILIZE;Демобилизуйте наши Вооруженные Силы;Demobiliser nos forces armees;Demobilisierung unserer Streitkrafte;;Desmovilizar nuestras fuerzas armadas;;;;;;;;;x;
MILITARY_DEMOBILIZE_DESC;Отдав приказ отступить, наши призывные армии покинут поле битвы и вернутся домой. Хотя любая страна, опустошенная невзгодами войны, безусловно, жаждет возвращения к нормальной жизни, нам было бы неплохо сначала убедиться, что война выиграна, прежде чем вкладывать меч в ножны.;Lorsqu'un ordre de demobilisation est emis, nos conscrits quittent le champ de bataille pour rentrer chez eux. Comme tout pays ravage par la guerre, nous sommes impatients de retrouver une vie normale, mais pour cela, nous devons d'abord gagner la guerre.;Nach Erhalt des Demobilisierungsbefehls verlassen unsere Wehrpflichtigenarmeen die Schlachtfelder und kehren nach Hause zuruck. Obwohl sich jedes von den Sorgen des Krieges verheerte Land nach der Ruckkehr zur Normalitat sehnt, sollten wir sicher sein, dass der Krieg auch gewonnen ist, bevor wir das Schwert in die Scheide stecken.;;Al dar la orden de cesar la alarma, nuestros ejercitos reclutados abandonaran el campo de batalla y regresaran a sus hogares. Aunque un pais asolado por las adversidades de la guerra anhela, como no, recuperar la normalidad, antes de envainar la espada hariamos bien en asegurarnos de que la guerra esta ganada.;;;;;;;;;x;
BE_TECH;Технологии:;Technologies;Technologien:;;Tecnologias:;;;;;;;;;x;
BE_INVENT;Изобретения:;Inventions;Erfindungen:;;Inventos:;;;;;;;;;x;
TOPBAR_DIPLOPOINTS_GAIN;Мы получаем §Y$VALUE$§W дипломатических очков каждый месяц;Nous gagnons §Y$VALUE$§W points de diplomatie par mois.;Wir erhalten monatlich §Y$VALUE$§W Diplomatiepunkte.;;Obtenemos §Y$VALUE$§W puntos de diplomacia cada mes;;;;;;;;;x;
TOPBAR_DIPLOPOINTS_BASEGAIN;Базовый прирост: §Y$VALUE$§W дипломатических очков;Gain de base : §Y$VALUE$§W points de diplomatie.;Basis-Zugewinn: §Y$VALUE$§W Diplomatiepunkte.;;Ganancia base: §Y$VALUE$§W puntos de diplomacia;;;;;;;;;x;
MOBILISE;Мобилизовать;Mobiliser;Mobilisieren;;Movilizar;;;;;;;;;x;
DEMOBILISE;Демобилизовать;Demobiliser;Demobilisieren;;Licenciar;;;;;;;;;x;
BE_INVENT;Изобретения:;Inventions :;Erfindungen:;;Inventos:;;;;;;;;;x;
THE_WORLD_IN;Мир в $YEAR$;Le monde en $YEAR$;Die Welt des Jahres $YEAR$;;El mundo en $YEAR$;;;;;;;;;x;
TECHNOLOGY_ACTIVATION_YEAR;Год активации:;An. d'activation :;Aktivierungsjahr:;;Ano activacion:;;;;;;;;;x;
TECHNOLOGY_RESEARCH_POINTS;Пункты исследования:;Pts de recherche :;Forschungspunkte:;;Ptos. investigacion:;;;;;;;;;x;
tut_8c_12;В Victoria 2 вы должны установить цель войны для любой начатой вами войны. Вы можете выбрать только те цели войны, которые вы видите справа от всплывающего окна объявления войны. Помните, что эти цели войны — единственное, что вы можете потребовать в мирное время. \n Нажмите на представление «Показать войны», чтобы проверить цели войны.;Dans Victoria 2, toute guerre declaree necessite un objectif. Tous les objectifs de guerre disponibles se trouvent a droite de la fenetre de declaration de guerre. Attention, ces objectifs sont les seules choses que vous pouvez reclamer en temps de paix. \n Cliquez sur la vue Afficher les guerres pour consulter les objectifs de guerre.;In Victoria 2 mussen Sie fur jeden Krieg, den Sie starten, ein Kriegsziel festlegen. Sie konnen nur die Kriegsziele auswahlen, die Sie rechts im Popup-Fenster Kriegserklarungen sehen. Beachten Sie, dass diese Kriegsziele beschranken, was Sie bei Friedensverhandlungen fordern konnen. \n Prufen Sie Ihre Kriegsziele, indem Sie auf Kriege zeigen klicken.;;En Victoria 2 tienes que fijar un objetivo belico para cada guerra que inicies. Solo puedes seleccionar los objetivos belicos que aparecen en el lado derecho de la ventana emergente de Declaracion de guerra. Ten en cuenta que esos objetivos belicos son lo unico que puedes exigir en caso de paz. \nPara revisar los objetivos belicos, haz clic en la vista Mostrar guerras.;;;;;;;;;x;
tut_6b_14;Теперь нажмите «Далее», чтобы продолжить.;Cliquez sur Suivant pour continuer.;Klicken Sie zum Fortfahren auf Weiter.;;Ahora, haz clic en Siguiente para continuar.;;;;;;;;;x;
tut_8a_7;Чтобы попытаться заключить союз с Соединенным Королевством, нам нужно предпринять дипломатическое действие. Дипломатические действия могут быть любыми: от запроса на союз до объявления войны. Чтобы выполнить дипломатическое действие, нам нужны дипломатические очки, которые накапливаются ежемесячно. Взглянув на верхнюю панель под дипломатией, мы увидим, что у нас есть несколько очков, больше, чем 1 очко, которое стоит действие «Сформировать альянс». Продолжайте и нажмите действие «Сформировать альянс», а затем нажмите кнопку «Принять», чтобы предложить союз с Великобританией.;Pour tenter de vous allier avec le Royaume-Uni, vous devez mener une action diplomatique. Les actions diplomatiques vont de la demande d'alliance a la declaration de guerre. Pour mener une action diplomatique, il vous faut des points de diplomatie. Ces points s'accumulent tous les mois. Sur la barre superieure, sous Diplomatie, vous pouvez constater que vous avez suffisamment de points pour couvrir le cout de l'action Former une alliance (1 point). Cliquez sur l'action Former une alliance, puis sur le bouton Accepter pour proposer une alliance au Royaume-Uni.;Zur Unterbreitung eines Bundnisangebots an Grossbritannien mussen wir eine diplomatische Aktion unternehmen. Diplomatische Aktionen konnen alles von Bundnisangeboten bis hin zu Kriegserklarungen sein. Zum Ausfuhren einer diplomatischen Aktion mussen wir diplomatische Punkte haben, die wir auf monatlicher Basis erlangen. Wenn Sie in der Kopfleiste unter Diplomatie nachsehen, stellen Sie fest, dass wir 1 Punkt haben, und genau so viel kostet die Aktion Bundnis bilden auch. Klicken Sie nun auf die Schaltflache Bundnis bilden und bestatigen Sie Ihr Bundnisangebot an Grossbritannien dann durch Klicken auf die Schaltflache Akzeptieren.;;Para intentar aliarnos con el Reino Unido debemos emprender una accion diplomatica. Las acciones diplomaticas pueden abarcar desde solicitudes de alianza a declaraciones de guerra. Para llevar a cabo una accion diplomatica, necesitamos puntos de diplomacia, que se acumulan mensualmente. Al mirar la barra superior, debajo de diplomacia, podemos ver que disponemos de mas puntos que el 1 que cuesta la accion Formar alianza. Continua y pulsa sobre de Formar alianza, y luego pulsa en 'Aceptar' para proponer una alianza con el Reino Unido.;;;;;;;;;x;
TEMP_NEXT;Следующий;Suivant;Weiter;;Siguiente;;;;;;;;;x;
BUDGET_EXPORTS;Распродажа национальных запасов: §Y$VAL$§W;Ventes des reserves nationales : §Y$VAL$¤§W;Verkaufe aus Nationalvorrat: §Y$VAL$§W;;Ventas de la reserva nacional: §Y$VAL$§W;;;;;;;;;x;
BUDGET_IMPORTS;Закупки национальных запасов: §Y$VAL$§W;Achats des reserves nationales : §Y$VAL$¤§W;Kaufe fur Nationalvorrat: §Y$VAL$§W;;Compras de la reserva nacional: §Y$VAL$§W;;;;;;;;;x;
bad_debter;Плохой должник;Mauvais payeur;Schlechter Schuldner;;Mal pagador;;;;;;;;;x;
bad_debter_desc;Из-за нестабильной экономики вашей страны банки будут требовать более высокие проценты по вашим кредитам.;Compte tenu des antecedents economiques de votre pays, les banques vous proposeront des emprunts aux taux d'interet eleves.;Aufgrund der traditionell unzuverlassigen Wirtschaft Ihres Landes werden Banken fur ihre Darlehen kunftig mehr Zinsen verlangen.;;Debido al historial de economia poco fiable de tu pais, los bancos aplicaran a tus prestamos un interes mas elevado.;;;;;;;;;x;
MUST_NEGOTIATE_WITH_WAR_LEADER;Мы должны вести переговоры с врагом §YВоенным лидером§W, если мы не ведем нашу войну;A defaut de dominer la guerre que nous menons, nous devons negocier avec le §Ymeneur de guerre§W ennemi.;Wenn wir den Krieg nicht anfuhren, mussen wir mit dem feindlichen §YKriegsfuhrer§W verhandeln.;;Si no progresamos en nuestra guerra, tenemos que negociar con el §Lider de la guerra§Y enemigo;;;;;;;;;x;
BAD_ADJ;Баденский;Bade;Baden;;Baden;;;;;;;;;x;
WAR_LEADER;§YВоенный лидер§W;§Ymeneur de guerre§W;§YKriegsfuhrer§W;;§YLider de la guerra§W;;;;;;;;;x;
MUST_NEGOTIATE_WITH_WAR_LEADER_NO_LEFTOVER_WARGOALS;Мы должны вести переговоры с врагом §YВоенным лидером§W, поскольку заключение мира с §Y$COUNTRY$§W положит конец войне.;Nous devons negocier avec le §Ymeneur de guerre§W ennemi, car un accord de paix avec §Y$COUNTRY$§W mettrait fin a la guerre.;Wir mussen mit dem feindlichen §YKriegsfuhrer§W verhandeln, da ein Friedensschluss mit §Y$COUNTRY$§W den Krieg beenden wurde.;;Tenemos que negociar con el §YLider de la guerra§W enemigo, ya que firmar la paz con §Y$COUNTRY$§W pondria fin a la guerra;;;;;;;;;x<;x
WARGOAL_DEMAND;§Y$COUNTRY$§W требует этого от §Y$ENEMY$§W;§Y$COUNTRY$§W exige ceci de §Y$ENEMY$§W;§Y$COUNTRY$§W verlangt dies von §Y$ENEMY$§W.;;§Y$COUNTRY$§W exige esto de §Y$ENEMY$§W;;;;;;;;;x;
POP_DETAILS_PROMOTIONS;Акции:;Promotions :;Beforderungen:;;Ascensos:;;;;;;;;;x;
POP_DETAILS_DEMOTIONS;Понижения в должности:;Retrogradations :;Degradierungen:;;Degradaciones:;;;;;;;;;x;
NO_WAR_SPHERE_LEADER;Невозможно начать войну против лидера сферы.;Impossible de faire la guerre au tete de sphere.;Kriege gegen Einflussspharen-Anfuhrer nicht moglich.;;No podemos entrar en guerra con el lider de la esfera.;;;;;;;;;x;
EVTNAME15310;Летающий университет;L'Universite volante;Die Fliegende Universitat;;La universidad flotante;;;;;;;;;x;
GO_TO_DIPLOMACY;Перейти к Дипломатии;Actes diplomatiques;Diplomatie;;Ir a Diplomacia;;;;;;;;;x;
PROVINCE_CONTROL_DAYS_LATER_THAN;Контроль над провинцией не менялся за последние §Y$DAYS$§W дней.\n;Le controle de la province est reste inchange depuis §Y$DAYS$§W jours.\n;Provinzkontrolle wahrend der letzten §Y$DAYS$§W Tage unverandert.\n;;El control de la provincia no ha cambiado en los ultimos §Y$DAYS$§W dias.\n;;;;;;;;;x;
PROVINCE_CONTROL_DAYS;Управление провинцией изменилось за последние §Y$DAYS$§W дней.\n;Le controle de la province a change au cours des §Y$DAYS$§W derniers jours.\n;Provinzkontrolle hat sich wahrend der letzten §Y$DAYS$§W Tage geandert.\n;;El control de la provincia ha cambiado en los ultimos §Y$DAYS$§W dias.\n;;;;;;;;;x;
ENFORCE_DEMANDS_TRIGGER;Эти мятежники победят, если будет выполнено следующее:;Si ce qui suit est vrai, ces rebelles l'emporteront :;Diese Rebellen werden gewinnen, wenn Folgendes zutrifft:;;Estos rebeldes ganaran si se cumple lo siguiente:;;;;;;;;;x;
tut_1a_40;После того, как вы увидите стрелку движения, снимите игру с паузы, чтобы продолжить.;Apres l'apparition de la fleche de deplacement, quittez le mode Pause pour reprendre le jeu.;Wie Sie am Bewegungspfeil sehen konnen, lauft das Spiel nach Beendigung der Pause weiter.;;\nUna vez que veas la flecha de movimiento, quita la pausa del juego para ponerte en marcha.;;;;;;;;;x;
EVTNAME15060;Первый фермерский банк;Premiere banque agricole;Erste Bauernbank;;First Farmer's Bank;;;;;;;;;x;
POLITICS_REFORMS;Правительство;x;;;;;;;;;;;;;
OVERVIEW_NAME;Обзор;x;;;;;;;;;;;;;
POLITICS_RELEASE_NATIONS;Освобождение Наций;Nations liberables;Nationen entlassen;;Liberar naciones;;;;;;;;;x;
MILITARY_LEADER_NAME_TOOLTIP;§Y$NAME$§W командует §Y$ARMY$§W в §Y$LOCATION$§W;§Y$NAME$§W est aux commandes de §Y$ARMY$§W a §Y$LOCATION$§W.;§Y$NAME$§W befehligt §Y$ARMY$§W in §Y$LOCATION$§W;;§Y$NAME$§W esta al mando de: §Y$ARMY$§W en §Y$LOCATION$§W;;;;;;;;;x;
hms_government;Правительство Ее Величества;Gouvernement de Sa Majeste;Ihrer Majestat Regierung;;Gobierno de Su Majestad;;;;;;;;;x;
EVTNAME19310;Мандат Небес;Le Mandat celeste;Das Mandat des Himmels;;El Mandato del Cielo;;;;;;;;;x;
EVTDESC19310;«Мандат Неба» — это концепция в китайской философии, схожая с западной концепцией божественного права королей, которая исторически использовалась как для оправдания, так и для мотивации монархической власти. С нашим недавним восхождением к статусу Великой державы наши подданные снова убедились, что наше правительство пользуется Мандатом Неба.;"Le ""mandat celeste"" est un concept philosophique chinois, semblable au concept occidental du droit divin des rois, utilise au cours de l'histoire pour justifier et motiver le pouvoir monarchique. Grace a notre recent acces au statut de Grande Puissance, nos sujets sont de nouveau convaincus du bien-fonde du Mandat celeste pour notre gouvernement.";Das 'Mandat des Himmels' ist ein Konzept der chinesischen Philosophie, das dem westlichen Konzept des Gottesgnadentums entspricht, und in der Geschichte zur Rechtfertigung und Veranlassung monarchischer Macht benutzt wurde. Nach unserem kurzlichen Aufstieg zur Grossmacht sind unsere Untertanen wieder davon uberzeugt, dass wir das Mandat des Himmels haben.;;El 'Mandato del Cielo' es un concepto de la filosofia china, similar al concepto occidental del derecho divino de los reyes, utilizado historicamente tanto para justificar como para motivar el poder monarquico. Con nuestro reciente ascenso a la categoria de gran potencia, nuestros subditos vuelven a estar convencidos de que nuestro gobierno goza del Mandato del Cielo.;;;;;;;;;x;
EVTOPTA19310;Отличный!;Excellent !;Hervorragend!;;ЎExcelente!;;;;;;;;;x;
EVTNAME19320;Империя Солнца;LEmpire du Soleil;Das Reich der Sonne;;El Imperio del Sol;;;;;;;;;x;
EVTDESC19320;Япония, страна восходящего солнца. Много лет, с тех пор как черные корабли гайдзинов впервые появились у наших берегов, наша страна плыла вслед за силами, более могущественными и превосходящими наши собственные. С нашим недавним восхождением к статусу великой державы приливы и отливы фортуны изменились. Отныне пусть ветры отразят и разобьют любую иностранную волну, которая осмелится омывать священные берега великой державы Японии!;Le Japon, le pays du Soleil levant. Depuis l'apparition des premiers navires gaijin sur nos cotes il y a des annees, notre nation vit dans l'ombre de puissances superieures a la notre. Mais grace a notre recent acces au statut de Grande Puissance, les vents ont tourne. Dorenavant, ils repousseront toute vague etrangere qui osera balayer les cotes sacrees de la Grande Puissance qu'est le Japon !;Japan, das Land der aufgehenden Sonne. Seit vielen Jahren, seit die schwarzen Schiffe der Auslander erstmals vor unseren Kusten erschienen, segelt unsere Nation im Kielwasser von Machten, die uns uberlegen sind. Durch unseren kurzlichen Aufstieg zur Grossmacht hat sich nun das Schicksal gewendet. Von jetzt an werden die Winde alle auslandischen Wellen zuruckweisen und brechen, die es wagen, an die heiligen Kusten der Grossmacht Japans zu schwappen!;;Japon, la tierra del sol naciente. Durante muchos anos, desde que las negras naves de los gaijin aparecieron por primera vez en nuestras costas, nuestra nacion ha navegado a remolque de potencias mayores que nosotros. Con nuestro reciente ascenso a la categoria de gran potencia, las mareas de la fortuna han cambiado. ЎA partir de ahora, dejemos que los vientos repelan y rompan cualquier ola extranjera que ose inundar las sagradas orillas de la gran potencia de Japon!;;;;;;;;;x;
EVTOPTA19320;Банзай!;Banzai !;Banzai!;;ЎBanzai!;;;;;;;;;x;
form_union_nation_title;Форма $CULTURE_GROUP_UNION$;Formation de $CULTURE_GROUP_UNION$;$CULTURE_GROUP_UNION$ grunden;;Formar $CULTURE_GROUP_UNION$;;;;;;;;;x;
form_union_nation_desc;Наше доминирующее положение среди наших культурных собратьев дает нам возможность сформировать $CULTURE_GROUP_UNION$.;Notre position dominante parmi nos freres culturels nous permet de former $CULTURE_GROUP_UNION$.;Unsere dominante Position unter unseren kulturellen Brudern hat uns in die Position gebracht, $CULTURE_GROUP_UNION$ zu grunden.;;Nuestra posicion dominante entre nuestros hermanos culturales nos coloca en posicion de formar una nueva entidad: $CULTURE_GROUP_UNION$.;;;;;;;;;x;
BE_SECOND_RANK;Вторичная мощность;Puissance secondaire;Grossmacht zweiten Ranges;;Potencia menor;;;;;;;;;x;
COUNTRYALERT_HasUnemployedWorkers;В следующих штатах есть безработные рабочие на фабриках:;Les Etats suivants ont des ouvriers au chomage :;In den folgenden Staaten gibt es arbeitslose Fabrikarbeiter:;;Los siguientes estados tienen trabajadores de fabricas desempleados:;;;;;;;;;x;
REMOVE_TOPBAR_POPULATION;Наше взрослое мужское население составляет $CURR$. Наше взрослое мужское население менялось примерно на $CHANGE$ каждый месяц.;Notre population masculine adulte s'eleve a $CURR$.\nNotre population masculine a evolue d'environ $CHANGE$ adultes le mois dernier.;Unsere aktuelle mannliche Bevolkerung ist $CURR$. Unsere mannliche Bevolkerung andert sich monatlich um ungefahr $CHANGE$.;;Nuestra poblacion adulta masculina es de $CURR$. Nuestra poblacion adulta masculina cambia cada mes en $CHANGE$, aproximadamente.;;;;;;;;;x;
TOPBAR_POPULATION_VISUAL;Общая численность нашего населения составляет $CURR$.;Notre population totale s'eleve a $CURR$.;Unsere Gesamtbevolkerung ist $CURR$.;;Nuestra poblacion total es de $CURR$.;;;;;;;;;x;
BUILD_COLONIAL;Неколониальное государство;Etat non colonial;Nicht-Koloniestaat;;Estado no colonial;;;;;;;;;x;
EVTNAME60080;Дорога к крепостному праву;La route du servage;Der Weg in die Leibeigenschaft;;Camino de servidumbre;;;;;;;;;x;
EVTDESC60080;В последнее время вас охватывает жуткое чувство, что $COUNTRY$ становится тихим. Там, где раньше можно было услышать свободный обмен мнениями и идеями, от углов улиц и автобусных остановок до баров и университетов, теперь только звуки тишины дают эхо. Вывод, который становится все более очевидным, заключается в том, что традиция демократии $COUNTRY_ADJ$ была подорвана. В $COUNTRY$, по крайней мере, правительство для, народа и народом исчезло с лица земли.;Vous avez recemment eu la desagreable impression de voir $COUNTRY$ sombrer dans le silence. La ou chacun pouvait autrefois s'exprimer librement, aussi bien dans les rues que dans les bars ou sur les bancs des universites, un silence pesant regne desormais. La conclusion est plus qu'evidente : la tradition democratique $COUNTRY_ADJ$ a disparu. En $COUNTRY$, au moins, la gouvernance populaire a disparu.;In letzter Zeit hat Sie ein unheimliches Gefuhl befallen, denn aus $COUNTRY$ hort man nichts mehr. Wo vorher freie Meinungsausserung herrschte und an Strassenecken, Bushaltestellen, in Bars und Universitaten Ideen diskutiert wurden, herrscht nun Totenstille. Es wird immer offensichtlicher, dass die traditionelle $COUNTRY_ADJ$ Demokratie unterwandert worden ist. Zumindest in $COUNTRY$ ist die Regierung des Volkes wie vom Erdboden verschwunden.;;Ultimamente, te ha asaltado la extrana sensacion de que un creciente silencio se ha aduenado de $COUNTRY$. Donde antes se podia oir el libre intercambio de opiniones e ideas, desde las esquinas y las paradas de autobuses hasta los bares y las universidades, ahora solo resuenan los ecos del silencio. La conclusion que se hace cada vez mas evidente es que la democracia $COUNTRY_ADJ$ esta en entredicho. En $COUNTRY$, al menos, el gobierno del pueblo y para el pueblo se ha esfumado.;;;;;;;;;x;
EVTOPTA60080;Муахахаха!;Mouah ha ha ha !;Muahahaha!;;ЎMuahahaha!;;;;;;;;;x;
EVTNAME14210_sub;Все, что они говорят, это: «Дайте миру шанс!»;Ils entendent que l'on donne une chance a la paix !;Und dabei sangen sie 'Give Peace a Chance!';;ЎTodo lo que dicen es 'Give Peace a Chance'!;;;;;;;;;x;
EVTNAME14040;Любовь и война;Amour et guerre;Liebe & Kriege;;Amor y guerra;;;;;;;;;x;
REL_SPHERE_OF_INFLUENCE;В Сфере;Dans la sphere;In Einflusssphare;;Esfera;;;;;;;;;x;
status_quo_short;Статус-кво;Statu quo;Status Quo;;Mantener el statu quo;;;;;;;;;x;
TOTAL_AMOUNT_OF_SHIPS;Общее количество кораблей: $COUNT$;Nombre total de navires : $COUNT$;Gesamtzahl an Schiffen: $COUNT$;;Cantidad total de barcos: $COUNT$;;;;;;;;;x;
LESS_AMOUNT_OF_SHIPS;Меньше кораблей, чем: $COUNT$;Nombre de navires inferieur a : $COUNT$;Weniger Schiffe als: $COUNT$;;Menos cantidad de barcos que: $COUNT$;;;;;;;;;x;
tut_3a_21b;Попробуйте взять кредит, нажав кнопку «Взять кредит», перетаскивая ползунок до тех пор, пока не появится нужная вам сумма, и нажмите «ОК».;Pour souscrire un emprunt, cliquez sur le bouton Emprunter, deplacez le curseur jusqu'au montant de votre choix, puis cliquez sur OK.;Versuchen Sie nun, uber die Schaltflache Darlehen aufnehmen ein Darlehen aufzunehmen. Ziehen Sie den Schieberegler, bis Sie den gewunschten Betrag sehen und klicken Sie dann auf Weiter.;;Prueba a pedir un prestamo pulsando el boton de Pedir prestamo, desplaza el control deslizante hasta obtener la cantidad deseada y pulsa Aceptar.;;;;;;;;;x;
REVANCHISM_EXPLANATION;Реваншизм, от французского слова «месть», — это тоска по возвращению земли, утраченной нацией. В любви, на войне и в мире наш народ будет готов пойти на большие жертвы ради возвращения нашей священной земли.;Le revanchisme est une attitude politique inspiree par l'esprit de revanche (apres une defaite). Notre peuple est pret a tous les sacrifices pour retrouver son sol sacre.;Revanchismus ist vom franzosischen Wort fur Rache abgeleitet und steht fur den Wunsch nach der Wiedererlangung verlorener Territorien einer Nation. Im Krieg wie im Frieden ist unsere Bevolkerung gewillt, fur die Wiedererlangung unseres heiligen Territoriums grossere Opfer zu bringen.;;El revanchismo, palabra que procede del termino frances empleado para expresar 'venganza', es el ansia de recuperar territorios perdidos por la nacion. Como en el amor, en la guerra y en la paz, nuestro pueblo estara dispuesto a realizar los mayores sacrificios para recuperar nuestro sagrado suelo.;;;;;;;;;x;
EVTNAME14120_sub;Религиозная политика обсуждалась на местных выборах;Politique religieuse debattue lors d'elections locales;Debatte uber Kriegspolitik bei Lokalwahl;;Politica religiosa debatida en las elecciones locales;;;;;;;;;x;
tut_8c_10;Однако если вы упадете на позицию, еще не слишком поздно, так как вы вовремя получите предупреждение и сможете попытаться исправить проблему. Один из способов предотвратить эту катастрофу — это, конечно, война. Либо война, чтобы повысить свой собственный престиж, либо понизить чей-то другой. Давайте немного поговорим о войнах. Найдите Францию и объявите войну. Сделайте это, нажав «объявить войну», выбрав цель войны и нажав «ОК».;Et si vous etes sur le point de perdre cette position, vous recevrez un avertissement a temps pour tenter d'y remedier. Pour eviter la catastrophe, vous pouvez notamment faire la guerre afin d'ameliorer votre prestige ou de reduire celui d'un autre pays. Parlons un peu des guerres. Recherchez la France et declarez-lui la guerre. Pour ce faire, cliquez sur Declarer la guerre, selectionnez un objectif de guerre et cliquez sur OK.;Sollten Sie aber im Rang abrutschen, ist das noch nicht das Ende aller Tage: Sie werden rechtzeitig gewarnt, um etwas dagegen zu unternehmen. Eine Moglichkeit zur Vermeidung einer Katastrophe ist, Ihr Prestige durch den Gewinn eines Kriegs zu erhohen oder das Prestige einer anderen Nation zu verringern. Lassen Sie uns nun etwas uber den Krieg sprechen. Finden Sie Frankreich und erklaren Sie ihm den Krieg. Klicken Sie dazu auf Krieg erklaren, wahlen Sie ein Kriegsziel aus und klicken Sie auf OK.;;Sin embargo, si has bajado de posicion, todavia no esta todo perdido, ya que recibiras un aviso a tiempo y puedes intentar solucionar el problema. Una forma de evitar este desastre es, por supuesto, la guerra. Sea para incrementar tu prestigio o para reducir el de otro. Hablemos un poco de ellas. Haz clic en Francia y declarale la guerra. Selecciona un objetivo belico y haz clic en 'Aceptar'.;;;;;;;;;x;
BE_GREAT_POWER;Великая держава;Grande Puissance;Grossmacht;;Gran potencia;;;;;;;;;x;
DIPLOMACY_GREATNATION_STATUS;Великая держава;Grande Puissance;Grossmacht;;Gran potencia;;;;;;;;;x;
WE_NO_LONGER_GREAT_POWER_2;и потеряла свое положение великой державы;et a perdu sa position de Grande Puissance face a;Sie verloren den Rang als Grossmacht an;;y ha perdido su condicion de gran potencia ante;;;;;;;;;x;
THEY_NO_LONGER_GREAT_POWER_3;и потеряла свое положение великой державы;et a perdu sa position de Grande Puissance face a;Sie verloren den Rang als Grossmacht an;;y ha perdido su condicion de gran potencia ante;;;;;;;;;x;
WE_BECAME_GREAT_POWER_2;и теперь считаются Великой Державой!;nous sommes maintenant consideres comme une Grande Puissance !;Wir werden nun als Grossmacht angesehen!;;y ahora se ha convertido en una gran potencia.;;;;;;;;;x;
SERVER_LOST_DESC;Сервер был потерян. Вы можете сохранить игру или выбрать продолжить и закрыть это окно. Чтобы продолжить игру, вам нужно выйти и перезапустить.;La connexion avec le serveur a ete perdue. Vous pouvez sauvegarder la partie ou fermer cette fenetre pour continuer. Pour poursuivre la partie, vous devez quitter et accueillir une nouvelle session.;Verbindung zum Server unterbrochen. Sie konnen das Spiel speichern oder fortfahren und dieses Fenster schliessen. Zum Fortsetzen des Spiels mussen Sie beenden und neu hosten.;;No se encuentra el servidor. Puedes guardar la partida o continuar y cerrar esta ventana. Para continuar la partida, tienes que salir y volver a conectar con el anfitrion.;;;;;;;;;x;
MODIFIER_GLOBAL_POP_MILITANCY_MODIFIER;Поп-воинственность;Militantisme des POP;Bev-Militanz;;Militancia de POB;;;;;;;;;x;
MODIFIER_GLOBAL_POP_CONSCIOUSNESS_MODIFIER;Поп-сознание;Conscience nationale des POP;Bev-Bewusstsein;;Conciencia de POB;;;;;;;;;x;
global_liberal_agitation;Либеральная агитация;Agitation liberale;Liberale Agitation;;Agitacion liberal;;;;;;;;;x;
desc_global_liberal_agitation;Подстрекатели отстаивают интересы либерализма и революции.;Des exaltes soutiennent le liberalisme et la revolution.;Aufwiegler in diesen Provinzen fordern die liberale Revolution.;;Los sediciosos apoyan la causa del liberalismo y la revolucion.;;;;;;;;;x;
EDU_DESC;Образовательный бюджет используется для оплаты труда священнослужителей и проведения исследовательских работ.;Le budget de l'enseignement permet de payer le clerge et de produire des points de recherche.;Aus dem Bildungshaushalt werden der Klerus und die Produktion von Forschungspunkten bezahlt.;;El presupuesto educativo se utiliza para pagar al clero y producir puntos de investigacion.;;;;;;;;;x;
ADM_DESC;Расходы на администрирование позволяют вашим чиновникам управлять и поддерживать здоровую бюрократию, повышая вашу налоговую эффективность.;Le budget alloue a l'administration assure le bon fonctionnement de la bureaucratie et renforce votre efficacite fiscale.;Verwaltungsausgaben ermoglichen Ihren Burokraten die Beibehaltung einer reibungslosen Verwaltung und die Erhohung Ihrer Steuereffizienz.;;La inversion en administracion permite a tus burocratas mantener una burocracia saludable, lo que incrementa tu eficacia impositiva.;;;;;;;;;x;
COMBATEND_INITIAL;Исходный;Initialement;Anfanglich;;Inicial;;;;;;;;;x;
COMBATEND_CASUALTIES;Потери;Victimes;Verluste;;Bajas;;;;;;;;;x;
COMBATEND_SURVIVORS;Выжившие;Survivants;Uberlebende;;Sobreviven;;;;;;;;;x;
cavours_diplomacy_title;Дипломатия Кавура;La diplomatie de Cavour;Cavours Diplomatie;;Diplomacia de Cavour;;;;;;;;;x;
cavours_diplomacy_desc;Камилло Паоло Филиппо Джулио Бенсо, граф Кавур, премьер-министр Королевства Сардиния, был ведущей фигурой в движении за объединение Италии, и его личные усилия в области дипломатии часто приписывают получению поддержки Франции Наполеона III против Австрии во Второй итальянской войне за независимость.;Camillo Paolo Filippo Giulio Benso, comte de Cavour, premier ministre du Royaume de Sardaigne, fut une figure marquante du mouvement pour une Italie unifiee. Il joua un role diplomatique determinant dans le soutien de la France de Napoleon III contre l'Autriche lors de la seconde guerre d'independance italienne.;Camillo Paolo Filippo Giulio Benso, Graf von Cavour, Premierminister des Konigreichs Sardinien, war ein fuhrender Kopf der italienischen Vereinigungsbewegung. Hinsichtlich seiner personlichen diplomatischen Errungenschaften wird oft erwahnt, dass er Italien im zweiten italienischen Unabhangigkeitskrieg gegen Osterreich die Unterstutzung von Frankreich unter Napoleon III. sicherte.;;Camillo Benso, Conde de Cavour, primer ministro del reino de Cerdena fue una figura destacada del movimiento por la unificacion de Italia, y a sus esfuerzos personales en diplomacia se le suelen atribuir el haber conseguido el apoyo de la Francia de Napoleon III contra Austria en la Segunda Guerra de Independencia Italiana.;;;;;;;;;x;
EVTNAME36898;Коронация королевы Виктории;Le couronnement de la reine Victoria;Die Kronung von Queen Victoria;;Coronacion de la reina Victoria;;;;;;;;;x;
EVTDESC36898;28 июня 1838 года принцесса Александрина Виктория из Ганноверского дома взошла на престол Соединенного Королевства Великобритании и Ирландии как «Королева Виктория». Ее правление, которое продлится еще несколько лет в 20 веке, позже запомнится как абсолютный зенит Британской империи, над которой никогда не заходило солнце. Последняя британская монархиня Ганноверского дома, ее восхождение также ознаменовало конец личной унии между Британией и Ганновером. Сегодня ликующая толпа в Лондоне провожала молодую королеву Викторию в ее резиденцию в недавно построенном Букингемском дворце.;"Le 28 juin 1838, la princesse Alexandrine Victoire de Hanovre acceda au trone du Royaume-Uni de Grande-Bretagne et d'Irlande pour devenir la ""reine Victoria"". Son regne, qui dura jusqu'au tout debut du XXe siecle, reflete la grandeur de l'Empire britannique. Derniere souveraine britannique de la maison de Hanovre, son ascension marqua aussi la fin de l'union personnelle entre la Grande-Bretagne et Hanovre. Aujourd'hui, une foule radieuse a escorte la jeune reine Victoria vers sa nouvelle residence, le Palais de Buckingham.";Am 28. Juni 1838 bestieg Prinzessin Alexandrina Victoria des Hauses Hannover als 'Queen Victoria' den Thron des Vereinigten Konigreichs von Grossbritannien und Irland. An ihre Herrschaft, die sogar einige wenige Jahre ins zwanzigste Jahrhunderte reichte, erinnerte man sich spater als den absoluten Zenit des britischen Weltreichs, in dem die Sonne niemals unterging. Sie war der letzte britische Monarch des Hauses Hannover und ihre Thronbesteigung markierte auch das Ende der Personalunion zwischen Britannien und Hannover. Heute hat eine jubelnde Menge die junge Queen Victoria zu ihrer Residenz im neu gebauten Buckingham Palace begleitet.;;El 28 de junio de 1838, la princesa Alexandrina Victoria de la casa Hannover ascendia al trono del Reino Unido de la Gran Bretana e Irlanda como 'la reina Victoria'. Su reinado, que alcanzaria incluso los primeros anos del siglo XX, seria recordado mas tarde como el auge absoluto del Imperio Britanico, sobre el que nunca se ponia el sol. Ultima monarca britanica de la Casa Hannover, su coronacion marco tambien el final de la union personal entre Gran Bretana y Hannover. En el dia de hoy, una jubilosa multitud ha escoltado en Londres a la joven reina Victoria hasta su residencia en el recien construido palacio de Buckingham.;;;;;;;;;x;
EVTOPTA36898;Виктория Регина!;Victoria Regina !;Victoria Regina!;;ЎVictoria Regina!;;;;;;;;;x;
RELEASE_VASSAL_EFFECT;Отпустите §Y$TARGET$§W\n;Liberer §Y$TARGET$§W\n;§Y$TARGET$§W entlassen\n;;Liberar §Y$TARGET$§W\n;;;;;;;;;x;
EVTDESC15310;Пока она идет по городу, уклоняясь от теней, словно это солдаты $COUNTRY_ADJ$, освещенная часовая башня церкви, кажется, смотрит на нее, как злой, зараженный желтый глаз. Она уже опаздывает, но занятия еще идут.\n\nВ $PROVINCENAME$ образовался подпольный университет, предоставляющий высшее образование, несмотря на запрет на использование языков меньшинств в академических кругах.;A mesure qu'elle traverse la ville, fuyant les ombres comme s'il s'agissait de soldats $COUNTRY_ADJ$, la tour de l'horloge illuminee semble l'observer, tel un inquietant њil jaune. Elle est en retard, mais le cours n'est pas termine.\n\nUne universite clandestine a ete creee en $PROVINCENAME$ pour dispenser des cours d'enseignement superieur malgre l'interdiction des langues minoritaires dans le milieu universitaire.;Wahrend sie sich ihren Weg durch die Stadt bahnt, wobei sie Schatten ausweicht, als seien sie $COUNTRY_ADJ$ Soldaten, scheint sie die erleuchtete Turmuhr wie ein boses, gelbes Auge anzustarren. Sie ist schon zu spat, aber der Unterricht ist noch nicht vorbei.\n\nIn $PROVINCENAME$ hat sich eine Untergrund-Universitat gegrundet, die trotz des Bannes gegen Minderheitensprachen in akademischen Kreisen hohere Bildung vermittelt.;;Mientras recorre la ciudad, esquivando las sombras como si fueran soldados de $COUNTRY$, el iluminado reloj de la torre de la iglesia parece mirarla fijamente, como un perverso y ponzonoso ojo amarillo. Ya llega tarde, pero la clase aun no ha terminado.\n\nEn $PROVINCENAME$, se ha formado una universidad clandestina que proporciona educacion superior, a pesar de la prohibicion de las lenguas minoritarias en la academia.;;;;;;;;;x;
EVTNAME11100;Парламент $FROMCOUNTRY_ADJ$;Le parlement $FROMCOUNTRY_ADJ$;Das $FROMCOUNTRY_ADJ$ Parlament;;El parlamento de $FROMCOUNTRY$;;;;;;;;;x;
EVTDESC11100;Растущая волна либерального национализма в большем $CULTURE_GROUP_UNION$ свергла правительство в $FROMCOUNTRY$. Был созван парламент либеральных революционеров с представителями всех $CULTURE_GROUP_UNION$, который постановил, что настало время для объединения нации под одним знаменем. Парламент предложил нам корону этого объединенного $CULTURE_GROUP_UNION$. Мы могли бы принять это предложение, но это вызвало бы международную тревогу и потребовало бы от нас политической компенсации революционерам.;La vague de nationalisme liberal qui a traverse $CULTURE_GROUP_UNION$ a renverse le gouvernement de $FROMCOUNTRY$. Un parlement de revolutionnaires liberaux s'est reuni, avec des representants de l'ensemble de $CULTURE_GROUP_UNION$, et a decrete qu'il est temps pour la nation de s'unir sous la meme banniere. Le parlement nous a propose la couronne de la nation unifiee de $CULTURE_GROUP_UNION$. Nous pourrions accepter cette offre, mais la communaute internationale risque de s'en offusquer et nous devrons dedommager les revolutionnaires sur le plan politique.;Der aufwallende Liberalnationalismus in $CULTURE_GROUP_UNION$ hat die Regierung in Gross-$FROMCOUNTRY$ gesturzt. Man hat ein liberales Revolutionsparlament mit Reprasentanten aus ganz $CULTURE_GROUP_UNION$ einberufen, das zu dem Schluss gekommen ist, dass nun die Zeit reif dafur ist, dass sich die Nation unter einem Banner vereinigt. Das Parlament hat uns die Krone des vereinigten $CULTURE_GROUP_UNION$ angeboten. Wir konnten das Angebot annehmen, aber dann wurden wir das Ausland alarmieren und wir mussten die Revolutionare politisch entschadigen.;;Un incremento notable del nacionalismo liberal en la entidad $CULTURE_GROUP_UNION$ ha hecho caer al gobierno de $FROMCOUNTRY$. Se ha reunido un parlamento de revolucionarios, con representantes de todos los rincones de la entidad $CULTURE_GROUP_UNION$, y ha decretado que es el momento de que la nacion se una bajo un solo estandarte. El parlamento nos ha ofrecido a nosotros la corona de la entidad $CULTURE_GROUP_UNION$. Podriamos aceptar la oferta, pero hacerlo causaria alarma internacional, y nos obligaria a compensar politicamente a los revolucionarios.;;;;;;;;;x;
EVTOPTA11100;Ура!;Hourra !;Hurra!;;ЎHurra!;;;;;;;;;x;
EVTOPTB11100;Я не приму корону из сточной канавы.;Pas question que j'accepte une couronne qui vient du caniveau !;Ich werde keine Krone aus der Gosse akzeptieren.;;No aceptare una corona de la escoria.;;;;;;;;;x;
IS_IN_A_SPHERE;Находится в сфере влияния;Est dans une sphere d'influence;Befindet sich in einer Einflusssphare;;Esta en una esfera de influencia;;;;;;;;;x;
EVTNAME16070;Пожиратели огня;Mangeurs de Feu;Fire-Eaters;;Fire-Eaters;;;;;;;;;x;
EVTDESC16070;Он навсегда положил конец всем волнующим вопросам, касающимся нашего своеобразного института.'\n\nЕго слова тихие, но в них горит внутренний огонь праведного гнева, направленного на любого и на все, что он считает угрозой институту рабства. 'Пожиратели огня', радикальные агитаторы за рабство, появились в $PROVINCENAME$;"Cela a mis un terme definitif a toutes les questions embarrassantes liees a notre singuliere institution.\n\nSa voix est douce, mais ses paroles enflammees ne parviennent pas a masquer la colere qu'il eprouve envers tous ceux qui menacent l'existence meme de l'esclavage. Des ""Mangeurs de Feu"", agitateurs radicaux favorables a l'esclavage, ont fait leur apparition en $PROVINCENAME$.";Damit wurde den agitierenden Fragen bezuglich unserer besonderen Situation fur immer ein Ende bereitet.'\n\nEr spricht mit sanften Worten, die aber eine Flamme rechtschaffener Wut gegen alles und jeden in sich tragen, was er als Gefahr fur die Einfuhrung der Sklaverei ansieht. In $PROVINCENAME$ sind 'Fire-Eaters' aufgetaucht, radikale Befurworter der Sklaverei.;;Ello zanja, para siempre, todas las cuestiones inquietantes relacionadas con nuestra peculiar institucion.\n\nSus palabras suenan melosas, pero van cargadas de una llama de colera justiciera dirigida hacia todo aquello que el considere una amenaza para la institucion de la esclavitud. Los 'Fire-Eaters', agitadores radicales en favor de la esclavitud, han aparecido en $PROVINCENAME$;;;;;;;;;x;
EVTOPTA16070;Все люди созданы равными...;Tous les hommes sont nes egaux...;Alle Menschen sind gleich ...;;Todos fuimos creados como iguales...;;;;;;;;;x;
EVTOPTB16070;Никогда еще не было сказано более правдивых слов!;Rien de plus vrai !;Wahrere Worte sind uns noch nie zu Ohren gekommen!;;ЎJamas se pronunciaron palabras mas ciertas!;;;;;;;;;x;
PROVINCEVIEW_SUPPLY_LIMIT;Лимит поставки:;Lim.ravitaillement;Versorgungslimit:;;Limite sumin.:;;;;;;;;;x;
PRODUCTION_COST_REOPEN;Стоимость повторного открытия: §Y$VAL$§W;Cout de reouverture : §Y$VAL$§W;Wiedereroffnungskosten: §Y$VAL$§W;;Coste de reapertura: §Y$VAL$§W;;;;;;;;;x;
EVTNAME11102;Троекратное «Ура» $CULTURE_GROUP_UNION$!;Pour $CULTURE_GROUP_UNION$, hip hip hip, hourra !;Ein dreifaches Hurra auf $CULTURE_GROUP_UNION$!;;ЎTres hurras por nuestra nueva patria ($CULTURE_GROUP_UNION$)!;;;;;;;;;x;
EVTDESC11102;По всей $COUNTRY$ ликующие толпы, размахивая флагом $CULTURE_GROUP_UNION$, выходят на улицы, празднуя, что правительство в $CAPITAL$ провозгласило объединение всех $CULTURE_GROUP_UNION$ под флагом $COUNTRY_ADJ$.\n\n'Слишком долго мы позволяли интригам и заговорам иностранных держав определять ход жизни нашей нации. Сегодня и навсегда — здесь, на нашей древней родине — мы формируем узы более совершенного союза. Трижды ура $CULTURE_GROUP_UNION$!'\n\n;Partout en $COUNTRY$, des foules transportees de joie, agitant le drapeau de $CULTURE_GROUP_UNION$, envahissent les rues pour feter la nouvelle : le gouvernement de $CAPITAL$ a proclame l'unification de l'ensemble de $CULTURE_GROUP_UNION$ sous le drapeau $COUNTRY_ADJ$.\n\n Cela faisait trop longtemps que nous laissions la machination et le complot des puissances etrangeres decider du sort de notre nation. Aujourd'hui et pour toujours, ici dans notre ancienne patrie, nous tissons les liens d'une union plus parfaite. Pour $CULTURE_GROUP_UNION$, hip hip hip, hourra !\n\n;Uberall in $COUNTRY$ schwenkt die jubelnde Menge Flaggen von $CULTURE_GROUP_UNION$. Nachdem die Regierung in $CAPITAL$ die Vereinigung von ganz $CULTURE_GROUP_UNION$ unter der $COUNTRY_ADJ$ Flagge proklamiert hat, sind auf den Strassen Feierlichkeiten ausgebrochen.\n\n'Viel zu lange haben wir die Geschicke unserer Nation von den Machenschaften und den Intrigen auslandischer Machte bestimmen lassen. Heute schmieden wir hier, in unserem angestammten Heimatland, fur immer die Bande einer besseren Union. Ein dreifaches Hurra auf $CULTURE_GROUP_UNION$!;;Por todos los rincones de $COUNTRY$, multitudes jubilosas que empunan la bandera de la nueva entidad $CULTURE_GROUP_UNION$, toman las calles celebrando que el gobierno en $CAPITAL$ ha proclamado su unificacion bajo la bandera $COUNTRY_ADJ$.\n\n'Durante demasiado tiempo hemos permitido que la maquinacion y la conspiracion de potencias extranjeras determinasen el curso de la vida de nuestra nacion. Hoy, y para siempre -- aqui, en nuestra madre patria historica -- establecemos los lazos de una union mas perfecta. ЎTres hurras por ella!'\n\n;;;;;;;;;x;
EVTOPTA11102;Ура!;Bravo !;Hurra!;;ЎHurra!;;;;;;;;;x;
NAVALATTACKTHEM_HEADER;Командующий ВМС сообщает;Le chef de la marine signale que;Der Marine-Oberbefehlshaber berichtet:;;El Jefe de la Marina informa;;;;;;;;;x;
NAVALATTACKUS_HEADER;Командующий ВМС сообщает;Le chef de la marine signale que;Der Marine-Oberbefehlshaber berichtet:;;El Jefe de la Marina informa;;;;;;;;;x;
SIEGEUS_SETUP;Когда враг начнет оккупировать нашу провинцию;Si l'ennemi occupe notre province;Wenn der Feind beginnt, unsere Provinz zu besetzen.;;Cuando el enemigo empiece a ocupar nuestra provincia;;;;;;;;;x;
SIEGEUS_HEADER;$MESSENGER$;$MESSENGER$;$MESSENGER$;;$MESSENGER$;;;;;;;;;x;
SIEGEUS_1;Наша провинция начинает оккупироваться;Notre province est occupee;Der Feind beginnt, $PROV$ zu belagern;;Estan empezando a ocupar nuestra provincia;;;;;;;;;x;
SIEGEUS_2;$MONARCHTITLE$,;$MONARCHTITLE$,;$MONARCHTITLE$;;$MONARCHTITLE$,;;;;;;;;;x;
SIEGEUS_3;$PROV$;$PROV$.;$PROV$;;han empezado a ocupar;;;;;;;;;x;
SIEGEUS_4;начинает быть оккупирован. Не бойтесь! Силы;est occupee. Ne craignez rien ! Les forces de;wird gerade vom Feind belagert. Doch furchtet nichts!\nDie Truppen von;;$PROV$. ЎNo hay nada que temer! Las fuerzas de;;;;;;;;;x;
SIEGEUS_5;$ATTACKER$;$ATTACKER$;$ATTACKER$;;$ATTACKER$;;;;;;;;;x;
SIEGEUS_6;скоро будут изгнаны мощью наших армий.;seront bientot repoussees par nos puissantes armees.;werden schon bald von der Macht unserer Armeen vertrieben werden.;;pronto seran expulsadas por el poder de nuestros ejercitos.;;;;;;;;;x;
SIEGEUS_LOG;$PROV$ начинает оккупироваться.;$PROV$ est occupee.;$PROV$ wird gerade vom Feind belagert.;;Han empezado a ocupar $PROV$.;;;;;;;;;x;
SIEGEUS_BTN1;ХОРОШО;D'accord;OK;OK;;OK;;;;;;;;;x
SIEGEUS_BTN2;ХОРОШО;D'accord;OK;OK;;OK;;;;;;;;;x
SIEGEUS_BTN3;Перейти;Voir;Goto;;Ir alli;;;;;;;;;x;
SIEGEUS_MAP;*;*;*;;*;;;;;;;;;x;
SIEGETHEM_SETUP;Когда мы начинаем оккупировать одну из провинций нашего врага;Si nous occupons une province ennemie;Wenn wir beginnen, eine Provinz unseres Feindes zu besetzen.;;Cuando empezamos a ocupar una de las provincias de nuestro enemigo;;;;;;;;;x;
SIEGETHEM_HEADER;$MESSENGER$;$MESSENGER$;$MESSENGER$;;$MESSENGER$;;;;;;;;;x;
SIEGETHEM_1;Их провинция начинает оккупироваться;Leur province est occupee;Wir haben begonnen, $PROV$ zu belagern;;Se ha empezado a ocupar su provincia;;;;;;;;;x;
SIEGETHEM_2;$MONARCHTITLE$, мы начали занимать;$MONARCHTITLE$, nous occupons;Wir begannen die Belagerung von;;$MONARCHTITLE$, hemos iniciado la ocupacion de;;;;;;;;;x;
SIEGETHEM_3;$PROV$.;$PROV$.;$PROV$.;$PROV$.;$PROV$.;$PROV$.;$PROV$ kцnnyыszerrel bevehetх erхdjйt.;$PROV$.;;;;;;x;
SIEGETHEM_4;Пройдет совсем немного времени, прежде чем наши силы вырвут его из лап;Nos forces auront bientot debarrasse cette province de;Es wird nicht lange dauern, bis unsere Truppen sie;;Nuestras fuerzas no tardaran en arrancarla de las garras de;;;;;;;;;x;
SIEGETHEM_5;$DEFENDER$.;$DEFENDER$.;$DEFENDER$ entrissen haben.;;$DEFENDER$.;;;;;;;;;x;
SIEGETHEM_6;Они будут с нетерпением ждать нашего просвещенного правительства.;Sa population attend impatiemment d'etre guidee par notre gouvernement.;Sie werden sich auf unsere aufgeklarte Regierung freuen.;;Esperan con anhelo nuestro gobierno.;;;;;;;;;x;
SIEGETHEM_LOG;Мы начали занимать $PROV$.;Nous occupons $PROV$.;Wir haben mit der Belagerung von $PROV$ begonnen.;;Hemos empezado a ocupar $PROV$.;;;;;;;;;x;
SIEGETHEM_BTN1;ХОРОШО;D'accord;OK;OK;;OK;;;;;;;;;x
SIEGETHEM_BTN2;ХОРОШО;D'accord;OK;OK;;OK;;;;;;;;;x
SIEGETHEM_BTN3;Перейти;Voir;Goto;;Ir alli;;;;;;;;;x;
SIEGETHEM_MAP;*;*;*;;*;;;;;;;;;x;
chief_of_army;Главнокомандующий армией;Chef de l'armee;Armee-Oberbefehlshaber;;Jefe del ejercito;;;;;;;;;x;
chief_of_navy;Начальник ВМС;Chef de la marine;Marine-Oberbefehlshaber;;Jefe de la marina;;;;;;;;;x;
chief_of_staff;Начальник штаба;Chef d'etat-major;Generalstabschef;;Jefe del estado mayor;;;;;;;;;x;
SPHERE_LEADER;Лидер сферы;Tete de sphere;Einflussspharen-Fuhrer;;Lider de la esfera;;;;;;;;;x;
CONFIRM_INTERVENTION;Вмешательство!;Intervention !;Intervention!;;ЎIntervencion!;;;;;;;;;x;
CONFIRM_INTERVENTION_DESC;Хотите ли вы вмешаться в $WAR$?;Voulez-vous intervenir dans la guerre :\n§Y$WAR$§W ?;Mochten Sie in den $WAR$ intervenieren?;;їQuieres intervenir en la $WAR$?;;;;;;;;;x;
CHAT_NONE_TIP;Очистить фильтр чата;Supprimer le contenu du filtre de chat;Chatfilter-Inhalt loschen;;Limpiar filtro de dialogo;;;;;;;;;x;
CHAT_ALLIES_TIP;Общайтесь только с союзниками;Chat avec allies uniquement;Nur mit Verbundeten chatten;;Dialogo solo con aliados;;;;;;;;;x;
CHAT_ENEMIES_TIP;Общайтесь только с врагами;Chat avec ennemis uniquement;Nur mit Feinden chatten;;Dialogo solo con enemigos;;;;;;;;;x;
CHAT_ALL_TIP;Общайтесь с каждым.;Chat avec tout le monde.;Mit jedem chatten;;Dialogo con todos;;;;;;;;;x;
CHAT_FILTER;Нажмите, чтобы изменить, получает ли пользователь сообщения или нет.;Cliquez pour changer l'option permettant a l'utilisateur de recevoir ou non des messages.;Andern Sie per Klick, ob der Spieler Nachrichten erhalt oder nicht.;;Haz clic para cambiar si el usuario recibe mensajes o no;;;;;;;;;x;
UV_NO_MORALE;Невозможно переехать из-за плохой организации. Текущая организация составляет §Y$ORG$§W из §Y$NEED$§W необходимых.;Deplacement impossible en raison d'une mauvaise organisation. Organisation actuelle : §Y$ORG$§W Organisation requise : §Y$NEED$§W.;Bewegung aufgrund schwacher Organisation unmoglich. Die aktuelle Organisation ist §Y$ORG$§W, benotigt wird §Y$NEED$§W.;;No puede moverse debido a su escasa organizacion. La organizacion actual es de §Y$ORG$§W, lejos de la necesaria §Y$NEED$§W.;;;;;;;;;x;
UV_NO_STRENGHT;Невозможно двигаться из-за слабой силы. Текущая сила составляет §Y$STR$§W из необходимой §Y$NEED$§W.;Deplacement impossible en raison d’un manque de force. Force actuelle : §Y$ORG$§W Force requise : §Y$NEED$§W.;Bewegung aufgrund schwacher Starke unmoglich. Die aktuelle Starke ist §Y$STR$§W, benotigt wird §Y$NEED$§W.;;No puede moverse debido a su escasa fuerza. La fuerza actual es de §Y$STR$§W, lejos de la necesaria §Y$NEED$§W.;;;;;;;;;x;
tut_7a_6b;Ниже находится флажок под названием «Автоматизация».\nАвтоматизация автоматически установит ваш торговый приказ на закупку того, что нужно вашим армиям.;En dessous se trouve un case intitulee Automatiser.\nAutomatiser definit automatiquement la commande en fonction des besoins de vos armees.;Unten sehen Sie das Kontrollkastchen Automatisieren.\nAutomatisieren stellt Ihre Handelsgeschafte automatisch so ein, dass die von Ihren Armeen benotigten Produkte gekauft werden.;;Debajo hay una casilla con el nombre de Automatizar.\nAutomatizar gestionara automaticamente el orden de tus compras para adquirir lo que tus ejercitos necesiten.;;;;;;;;;x;
tut_1a_4;Голландцы собираются на наших границах, мы должны отразить их. Первое, что нам нужно сделать, это выбрать армию, чтобы сделать это. \n Чтобы выбрать армию, щелкните по армии в Брюсселе;Les Hollandais se rassemblent a vos frontieres, vous devez les repousser. Mais avant cela, une armee doit etre selectionnee. \n Pour ce faire, cliquez sur l'armee de Bruxelles.;Die Hollander versammeln sich an unseren Grenzen, wir mussen sie zuruckschlagen. Dazu mussen wir zuerst eine Armee auswahlen. \n Zur Auswahl einer Armee klicken Sie auf die Armee in Brussel.;;Los holandeses se agrupan en nuestra frontera. Debemos repelerlos. Lo primero que tenemos que hacer es seleccionar un ejercito para que lo haga. \nPara seleccionar un ejercito, haz clic en el ejercito de Bruselas, marcado en el mapa.;;;;;;;;;x;
CONT_AI;Заменить на AI;Remplacer par IA;Mit KI ersetzen;;Sustituir con IA;;;;;;;;;x;
CONT_CONTINUE;Продолжить (без ИИ);Continuer (pas d'IA);Fortfahren (keine KI);;Continuar (sin IA);;;;;;;;;x;
ASKMILITARYACCESS_THEY_ACCEPT_6;Пока этот договор действует, мы можем свободно перемещать наши войска по их территории.;Tant que ce traite est en vigueur, vous pouvez deplacer nos troupes a votre convenance sur leur territoire.;Wahrend dieser Vertrag in Effekt ist, konnen unsere Truppen ungehindert uber ihr Territorium marschieren.;;Mientras este tratado este en vigor, podemos mover nuestras tropas libremente por su territorio.;;;;;;;;;x;
ASKMILITARYACCESS_THEY_DECLINE_6;То, как они не видят выгод от присутствия наших войск на улицах своей столицы, является одной из маленьких загадок жизни.;Pourquoi ne voient-ils pas la presence de nos troupes dans les rues de leur capitale comme un atout ? C'est un des mysteres de la vie !;Warum sie die Vorzuge nicht sehen konnen, unsere Truppen auf den Strassen ihrer Hauptstadt zu haben, wird wohl immer ein Geheimnis bleiben.;;Como no son capaces de apreciar los beneficios de tener a nuestras tropas en las calles de su capital es uno de esos pequenos misterios de la vida.;;;;;;;;;x;
DISBAND_UNIT_DRO;Расформирование бригады приведет к ее удалению из игры и, таким образом, сократит объем припасов, которые ваша страна должна тратить на содержание.;Le demantelement d'un regiment entrainera sa suppression du jeu et reduira les approvisionnements necessaires a son entretien par votre nation.;Die Auflosung eines Regiments entfernt es aus dem Spiel und reduziert somit die Gutermenge, die Ihre Nation fur die Instandhaltung aufbringen muss.;;Disolver una brigada la retirara del juego, lo que reducira la cantidad de suministros que tu nacion tiene que gastar en mantenimiento.;;;;;;;;;x;
residency_desc;Право голоса имеют только люди, принадлежащие к основной культуре вашей страны.;Seule la population de la culture principale de votre nation est autorisee a voter.;Nur Angehorige der Primarkultur unserer Nation durfen wahlen.;;Solo puede votar la poblacion de la cultura principal de tu nacion.;;;;;;;;;x;
limited_citizenship_desc;Право голоса имеют только люди, принадлежащие к основным и принятым в вашей стране культурам.;Seule la population de la culture principale et de la culture acceptee de votre nation est autorisee a voter.;Nur Angehorige der Primarkultur und der akzeptierten Kulturen unserer Nation durfen wahlen.;;Solo puede votar la poblacion de la cultura principal y de las culturas aceptadas de tu nacion.;;;;;;;;;x;
small_arms_production_desc;Благодаря изобретению казнозарядных винтовок, механизированной сверловки винтовок, полуавтоматики и другим техническим усовершенствованиям в конструкции оружия, промышленное производство стрелкового оружия значительно возросло в XIX веке.;Grace a des inventions comme le fusil charge par la culasse ou le semi-automatique, la production industrielle d'armes legeres a considerablement augmente au cours du XIXe siecle.;Wahrend des neunzehnten Jahrhunderts erhohte sich die industrielle Herstellung von Handfeuerwaffen durch die Erfindung von Hinterladern, mechanisierter Waffenlauffertigung, halbautomatischen Waffen und anderen technischen Neuerungen stark.;;Con la invencion de los fusiles postcarga, el fresado mecanizado de fusiles, las semiautomaticas, y otras mejoras tecnicas en el diseno de armas, se produjo un enorme incremento en la produccion de armas ligeras durante el siglo XIX.;;;;;;;;;x;
ammunition_production_desc;Проектирование и производство основных боеприпасов значительно улучшилось в течение 19 века. Прогресс в проектировании оружия — от дульных и казенных зарядов до полуавтоматических и пулеметов — естественно, означал, что проектирование и производство боеприпасов также должны были следовать этому примеру.;La conception et la production de munitions de base ont connu une nette amelioration au cours du XIXe siecle. Les progres de l'armement (des fusils charges par le canon aux fusils charges par la culasse, en passant par les armes semi-automatiques et les mitrailleuses) ont naturellement entraine une amelioration de la conception et de la production de munitions.;Im Verlauf des neunzehnten Jahrhunderts wurde auch das Design und die Produktion von Standardmunition stark verbessert. Die Fortschritte bei der Waffenentwicklung -- von Vorder- zu Hinterladern und dann zu halbautomatischen Waffen und Maschinengewehren -- bedeuteten naturlich, dass Munitionsdesign und-herstellung Schritt halten mussten.;;El diseno y la produccion de municion basica se vieron muy incrementados a lo largo del siglo XIX. Los avances en el diseno de armas (desde las cargas delanteras y traseras a las semiautomaticas y las ametralladoras) significaron, logicamente, que el diseno y la produccion de municion tuvieran tambien su correspondiente progreso.;;;;;;;;;x;
explosives_production_desc;Викторианская эпоха стала свидетелем колоссального прогресса в способности человека взрывать вещи. Эпоха, которая началась с немногим более продвинутого, чем простой черный порох, в конце увидела бы появление как пластиковой взрывчатки, так и нитроглицерина.;Les explosifs ont connu de formidables progres au cours de l'ere victorienne qui a debute avec la poudre a canon pour se terminer avec l'avenement du plastic et de la nitroglycerine.;Das viktorianische Zeitalter war Schauplatz gewaltiger Fortschritte der Menschen dabei, Sachen in die Luft zu jagen. Zu Beginn dieser Ara wurde noch mit einfachem Schwarzpulver hantiert, bei ihrem Ende gab es Plastiksprengstoffe und Nitroglyzerin.;;La era victoriana fue testigo de tremendos avances en la capacidad del ser humano para hacer explotar cosas. Una era que habia empezado con poco mas avance que la simple polvora negra, acabaria contemplando la aparicion tanto de los explosivos plasticos como de la nitroglicerina.;;;;;;;;;x;
artillery_production_desc;Промышленная революция 19 века затронула практически все сферы человеческой деятельности, и производство артиллерии не стало исключением. То, что раньше было длительным процессом литья бронзовых пушек, в руках мастеров, таких как Альфред Крупп или Хирам Максим, стало индустриальной и точной наукой.;La revolution industrielle du XIXe siecle a eu des repercussions sur d'innombrables domaines, notamment la production de pieces d'artillerie. Grace a des sommites comme Alfred Krupp ou Hiram Maxim, la production d'armes devint une science industrialisee et exacte.;Die industrielle Revolution des neunzehnten Jahrhundert beeinflusste praktisch alle Bereiche des menschlichen Strebens, und die Herstellung von Artilleriegeschutzen stellte da keine Ausnahme dar. Was anfangs noch ein muhsames Gussverfahren war, wurde durch industrielle Lichtgestalten wie Alfred Krupp oder Hiram Maxim zu einer industrialisierten und prazisen Wissenschaft.;;La revolucion industrial del siglo XIX afecto practicamente a todas las areas del esfuerzo humano, y la produccion de artilleria no fue una excepcion. Lo que previamente habia sido un largo proceso de fabricacion por molde de canones de bronce acabaria convirtiendose (en manos de luminarias de la industria, como Alfred Krupp o Hiram Maxim) en una ciencia industrializada y exacta.;;;;;;;;;x;
PO_PD_70;Вы одержали сокрушительную победу и можете рассчитывать на достижение нескольких военных целей в ходе мирного урегулирования.;Vous avez remporte une ecrasante victoire et pouvez esperer atteindre plusieurs objectifs de guerre lors des negociations de paix.;Sie haben einen verheerenden Sieg errungen, und in den Friedensverhandlungen konnen Sie die volle Erfullung mehrerer Kriegsziele erwarten.;;Has logrado una victoria aplastante y puedes contar alcanzar varios objetivos belicos en el acuerdo de paz.;;;;;;;;;x;
PO_PD_40;Вы одержали полную победу и должны потребовать выполнения хотя бы одной важной цели войны в мирном урегулировании.;Vous avez remporte une victoire totale et devez exiger l'application d'au moins un objectif de guerre lors des negociations de paix.;Sie haben einen totalen Sieg errungen, und in den Friedensverhandlungen konnen Sie die volle Erfullung mindestens eines grossen Kriegsziels erwarten.;;Has conseguido una victoria total, y deberias exigir que se cumpla, como minimo, un objetivo belico principal en el acuerdo de paz.;;;;;;;;;x;
PO_PD_10;Вы одержали победу. Враг, скорее всего, примет белый мир или выполнение хотя бы ограниченной цели войны в мирном урегулировании.;Vous avez remporte une victoire. L'ennemi acceptera certainement une paix blanche ou vous concedera au moins un objectif de guerre limite lors des negociations de paix.;Sie haben gesiegt. Der Feind wird in den Friedensverhandlungen mit grosster Wahrscheinlichkeit wohl einen weissen Frieden oder die Erfullung eines eingeschrankten Kriegsziels akzeptieren.;;Has obtenido la victoria. Probablemente, el enemigo aceptaria un cese de hostilidades, o el cumplimiento de, al menos, un objetivo belico limitado en un acuerdo de paz.;;;;;;;;;x;
PO_PD_NEG_25;Враг победил, и нам следует рассмотреть возможность предложения выполнить хотя бы ограниченную цель его войны в обмен на мир.;L'ennemi a gagne. Nous devons donc envisager de lui conceder au moins un de ses objectifs de guerre limites en echange de la paix.;Der Feind hat gewonnen, und wir sollten mit dem Gedanken spielen, im Gegenzug fur den Frieden mindestens ein eingeschranktes Kriegsziel zu erfullen.;;El enemigo ha ganado, y deberiamos pensar en ofrecerle, al menos, uno de sus objetivos belicos limitados a cambio de la paz.;;;;;;;;;x;
PO_PD_NEG_60;Враг одержал полную победу, и нам следует рассмотреть возможность предложить ему выполнение хотя бы одной из его главных военных целей.;L'ennemi a remporte une victoire totale. Nous devons donc envisager de lui conceder au moins un de ses principaux objectifs de guerre.;Der Feind hat einen totalen Sieg erzielt, und wir sollten mit dem Gedanken spielen, im Gegenzug fur den Frieden die Erfullung mindestens eines grossen Kriegsziels anzubieten.;;El enemigo ha conseguido una victoria total y deberiamos pensar en ofrecerle, como minimo, uno de sus objetivos belicos principales.;;;;;;;;;x;
PO_PD_NEG_99;Враг одержал сокрушительную победу, и мы можем ожидать, что он потребует выполнения ряда военных целей в ходе мирных переговоров.;L'ennemi a remporte une victoire ecrasante. Il risque de nous demander de conceder plusieurs objectifs de guerre lors des negociations de paix.;Der Feind hat einen verheerenden Sieg erzielt, und wir konnen damit rechnen, dass sie in den Friedensverhandlungen die Erfullung mehrerer Kriegsziele verlangen werden.;;El enemigo ha conseguido una victoria aplastante, y podemos contar con que nos exija el cumplimiento de varios objetivos belicos durante las negociaciones de paz.;;;;;;;;;x;
TOPBAR_AT_WAR_WITH;Война с §Y$COUNTRY$§W;En guerre contre §Y$COUNTRY$§W;Im Krieg mit §Y$COUNTRY$§W;;En guerra con §Y$COUNTRY$§W;;;;;;;;;x;
tut_7a_8a;Обратите внимание на значок с текстом BUY под ним и ползунок рядом с ним. Это означает, что если вы перетащите ползунок на определенное значение запаса, игра попытается купить товары, пока у вас не будет нужного количества.;Notez l'icone sous laquelle apparaissent le texte VENDRE et le curseur qui l'accompagne. Le jeu achete la quantite de marchandises correspondant a la valeur designee par le curseur.;Beachten Sie das Symbol, unter dem VERKAUFEN steht, und den Schieberegler daneben. Wenn Sie diesen Schieberegler auf einen bestimmten Vorratswert ziehen, versucht die KI, das betreffende Handelsgut so lange einzukaufen, bis der vorgegebene Wert erreicht ist.;;Fijate en el icono con el texto VENDER debajo, y el control deslizante que hay a su lado. Esto significa que si llevas el control deslizante hasta un determinado valor de reserva, el juego intentara vender las mercancias hasta que tengas esa cantidad.;;;;;;;;;x;
EVTOPTA17000;На этом перекрестке не будет избирательного права.;Il n'y aura aucun vote a cette jonction.;Vorerst wird es kein Wahlrecht geben.;;En esta union no habra sufragio;;;;;;;;;x;
EVTOPTB17000;Если бы только эта идея получила народную поддержку...;Si seulement cette idee beneficiait d'un soutien populaire...;Wenn die Bevolkerung nur hinter dieser Idee stehen wurde ...;;Si esta idea contara, al menos, con apoyo popular...;;;;;;;;;x;
