treaty_of_tarbagatai_title;Тарбагатайский договор;;;;;;;;;;;;;;;;;x
treaty_of_tarbagatai_desc;Тарбагатайский договор был пограничным протоколом между Китаем и Россией, который определял большую часть западной части их границы в Центральной Азии, между Внешней Монголией и Кокандским ханством.;;;;;;;;;;;;;;;;;x
IGNORE_DECISION_ON;Это решение установлено так, чтобы НЕ уведомлять игрока, когда оно доступно для принятия. Нажмите, чтобы изменить статус уведомления.!;;;;;;;;;;;;;x;;;;
IGNORE_DECISION_OFF;Это решение установлено для уведомления игрока, когда оно доступно для принятия. Щелкните, чтобы изменить статус уведомления.!;;;;;;;;;;;;;x;;;;
SM_WINDOW;Оконный режим;;;;;;;;;;;;;x;;;;
SM_WINDOWED;С окном;;;;;;;;;;;;;x;;;;
SM_FULLSCREEN;Полноэкранный;;;;;;;;;;;;;x;;;;
SM_BORDERLESS;Безграничный;;;;;;;;;;;;;x;;;;
tribal_monarchy;Племенная монархия;;;;;;;;;x;;;;;;;;
tribal_monarchy_ruler;Король;;;;;;;;;x;;;;;;;;
form_american_republics_title;Образовать Союз Коллективных Американских Штатов.;;;;;;;;x;;;;;;;;;
form_american_republics_desc;Как единственная страна в Северной Америке, которая имеет огромную власть над всеми нашими соседями, а также над всем американским континентом, мы можем предложить сверхгосударство, состоящее из стран всего американского континента в коллективном союзе под нашим руководством.;;;;;;;;;;;;x;;;;;
mormon;мормон;;;;;;;;;x;;;;;;;;
mormon_rebels_title;Мормонские мятежники;x;;;;;;;;;;;;;;;;
mormon_rebels_name;Мормонские мятежники;x;;;;;;;;;;;;;;;;
mormon_rebels_desc;Мормоны-мятежники — это мормоны, которые, чувствуя себя угнетенными протестантским и католическим большинством, восстали на защиту своей религии.;x;;;;;;;;;;;;;;;;
mormon_rebels_army;$COUNTRY_ADJ$ Мормонские мятежники;x;;;;;;;;;;;;;;;;
MIL_FROM_TROOPS;Солдаты и армия;Soldats et ArmA©e;Soldaten & Armee;;;;;;;;;x;;;;;;
establish_a_unified_communist_greece_title;Создать единую коммунистическую Грецию.;;;;;;;;;;;x;;;;;;
establish_a_unified_communist_greece_desc;Теперь, когда пролетариат Греции одержал победу в гражданской войне, мы можем установить полную власть во всей Греции.;;;;;;;x;;;;;;;;;;
persecute_other_religion_title;Преследовать другую религию.;;;;;x;;;;;;;;;;;;
persecute_other_religion_desc;Мы выиграли войну, мы можем избавиться от любых еретических культов, которые противоречат нашим убеждениям и когда-то угнетали нас.;;;;;;x;;;;;;;;;;;
persecute_the_undesirables_title;Преследовать нежелательных.;;;;;;x;;;;;;;;;;;
persecute_the_undesirables_desc;Нежелательная этническая и религиозная группа в наших славных южных штатах усилила потребность нашего населения в устранении и преследовании нежелательных лиц.;;;x;;;;;;;;;;;;;;
reestablish_the_southern_states_title;Восстановить Южные Штаты.;;;;x;;;;;;;;;;;;;
reestablish_the_southern_states_desc;Мы, как дикси, теперь, когда мы одержали победу в нашей войне против янки, были обязаны по воле народа восстановить некогда великие исторические южные штаты КЮА.;;;;;;;x;;;;;;;;;;
reorganize_alaska_title;Реорганизовать Аляску;;;x;;;;;;;;;;;;;;
reorganize_alaska_desc;Были приложены утомительные усилия и усилия для колонизации частей северо-запада Северной Америки, теперь мы можем перестроить регион в соответствии с нашими потребностями.;;;;x;;;;;;;;;;;;;
form_the_kingdom_of_northern_italy_title;Образовать Королевство Северной Италии.;;;x;;;;;;;;;;;;;;
form_the_kingdom_of_northern_italy_desc;Королевство Северной Италии — государство на севере итальянского полуострова, состоящее из североитальянских государств. Теперь, когда нас достаточно, мы можем сформировать его, чтобы объединить наших североитальянских братьев.;;;x;;;;;;;;;;;;;;
EVTNAME6016807;Кризис;;;;;;;;;;;x,,,,,,,,,,,,,,,,,,,,,,;x
EVTDESC6016807;Система кризисов иногда заканчивается странными сценариями в начале игры или слишком рано в игре, как, например, кризис освобождения Греции и Египта в 1640 году. Чтобы противостоять этому, есть возможность удалить неисторические национальные страны на вкладке решений, и кризис (по крайней мере, неколониальный кризис) будет заблокирован, пока кто-то не исследует революцию и контрреволюцию в 1870 году. Если хотите, вы можете изменить это сейчас и с этого момента кризис будет разблокирован, как в оригинальной версии.;;;;;;;;;;;x,,,,,,,,,,,,,,,,,,;x
EVT6016807PTA;Сохраняйте кризис в тайне до 1870 года.;;;;;;;;;;;x,,,,,,,,,,,,,,,,,,,,,,;x
EVT6016807PTB;Пусть отныне кризис будет разблокирован, как в «Ванилле».;;;;;;;;;;;x,,,,,,,,,,,,,,,,,,,,,;x
AGGRESSION_;Агрессивная война;;;;;;;;;;;x;;;;;;
