JAN_reactionary;Партия борьбы;;Strid Partiet;;;;;;;;;;;x;
EXILED_DESC;Этот отряд §Reexiled§!, так как он находится на чужой территории в мирное время без военного доступа. Изгнанные отряды не могут участвовать в бою, и их разведывательные способности снижены, но они могут идти домой через чужую территорию. Верните свой отряд в ближайшую принадлежащую вам провинцию!;;Diese Einheit befindet sich im §RExil§!, da sie sich zu Friedenszeiten ohne Durchmarschrechte in fremdem Territorium aufhalt. Einheiten im Exil konnen nicht an Kampfen teilnehmen und haben reduzierte Sichtweite, durfen aber durch fremdes Territorium nach Hause marschieren. Bewegen sie diese Eineit zu einer Ihrer Provinzen, um den Status aufzuheben!;;;;;;;;;;;x;
TWS_FULFILLED;Выполнено в $PERC$;;Erfullt zu $PERC$;;;;;;;;;;;x;
TWS_NOT_FULFILLED;§RНе выполнено§!;;§RNicht erfullt§!;;;;;;;;;;;x;
TICKING_WARSCORE_DESC_CURR;В настоящее время $VAL$.;;Derzeit $VAL$.;;;;;;;;;;;x;
UNIT_BORROWED;Это подразделение временно находится под нашим командованием.;;Diese Einheit befindet sich zeitweilig unter unserem Kommando.;;;;;;;;;;;x;
DISBAND_TOO_SMALL_UNIT;Расформировать бригады с недостаточным количеством личного состава;;Unterbesetzte Brigaden auflosen;;;;;;;;;;;x;
DISBAND_TOO_SMALL_UNIT_DRO;Этот вариант расформирует все бригады, которые в настоящее время не поддерживаются полноценным солдатским ПОП.;;Diese Option lost alle Brigaden auf, die nicht auf einer vollwertigen Soldaten-Bevolkerung basieren.;;;;;;;;;;;x;
CONFIRM_DISBAND_TOO_SMALL_TITLE;Хотите ли вы расформировать все неукомплектованные бригады?;;Mochten sie alle unterbesetzten Brigaden auflosen?;;;;;;;;;;;x;
CONFIRM_DISBAND_TOO_SMALL_DESC;Это удалит все бригады, которые в настоящее время не поддерживаются POP с полным составом солдат, и вам больше не придется платить за их содержание. Любая рабочая сила, оставшаяся в этих бригадах, будет возвращена в пул.;;Dies entfernt alle Brigaden, die gegenwartig von einer zu kleinen Soldaten Bevolkerung verstarkt werden. Sie mussen keine Instandhaltungskosten mehr fur sie bezahlen und alle in den Brigaden verbleibenden Soldaten kommen in den Mannstarke-Vorrat zuruck.;;;;;;;;;;;x;
MODIFIER_RESEARCH_POINTS_ON_CONQUER;Бонус очков исследования при завоевании;;Forschungspunkte Bonus durch Eroberung;;;;;;;;;;;x;
colonial_negotiations;Колониальные переговоры;;Koloniale Verhandlungen;;;;;;;;;;;x;
colonial_negotiations_desc;Что бы ни случилось, у нас есть \nпулемет Максим, а у них нет\n\nПулеметы позволяли армиям уничтожать неприятеля, используя тактику массированной атаки, что было особенно полезно, когда речь шла о победе над «нецивилизованными» нациями, возражавшими против колонизации.;;Was auch immer passiert, wir haben das \nThe Maxim-Maschinengewehr, und die nicht'\n\n Die Verwendung von Maschinengewehren ermoglichte es Armeen feindliche Massenangriffe anzuwehren, eine Fahigkeit die besonders gegen die 'unzivilisierte' Nationen wirksam war, welche sich kolonialen Anspruchen widersetzten.;;;;;;;;;;;x;
PRODUCTION_BONUS_POSSIBLE;Возможный бонус от:;;Mogliche Boni durch:;;;;;;;;;;;x;
COLONIZE_PHASE_INITIAL_INTEREST;Отправить экспедицию;;Expedition entsenden;;;;;;;;;;;x;
COLONIZE_PHASE_INITIAL_INTEREST_DESC;Первый шаг влияния на территорию — отправить экспедицию. Если ее не оспорить в течение §Y$DAYS$§! дней, это позволит вам создать протекторат;;Der erste Schritt um Einfluss in einer Region zu erlangen ist das Entsenden einer Expedition. Falls keine andere Nation innerhalb von §Y$DAYS$§! Tagen ebenfalls Interesse anmeldet, konnen wir sofort ein Protektorat errichten.;;;;;;;;;;;x;
INITIAL_COLONIZE_DEFAULT_TIME;Если никто не конкурирует с вашей экспедицией до §Y$DATE$§!, вы можете сразу перейти к созданию протектората;;Wenn keine andere Nation bis zum §Y$DATE$§! mit unserer Expedition konkurriert, konnen wir sofort ein Protektorat errichten.;;;;;;;;;;;x;
COUNTRYALERT_ColonialGood_protectorate;§GМы можем создать протекторат в §!§Y$REGION$§!;;§GWir konnen ein Protektorat in §!§Y$REGION$§ errichten!;;;;;;;;;;;x;
COUNTRYALERT_ColonialGood_colony;§GМы можем создать колонию в §!§Y$REGION$§!;;§GWir konnen eine Kolonie in §!§Y$REGION$§ errichten!;;;;;;;;;;;x;
COUNTRYALERT_ColonialGood_state;§GМы можем создать штат в §!§Y$REGION$§!;;§GWir konnen einen Nationalstaat §!§Y$REGION$§! Grunden!;;;;;;;;;;;x;
COUNTRYALERT_ColonialBad_colonizationtimer;§RНам нужно создать протекторат в §!§Y$REGION$§!§R до §Y$DATE$§!§R или мы его потеряем.§!;;§RWir mussen ein Protektorat in §!§Y$REGION$§!§R vor dem §Y$DATE$§!§R errichten oder wir werden diese Region verlieren.§!;;;;;;;;;;;x;
COUNTRYALERT_ColonialBad_influence;§RМы проигрываем гонку в §!§Y$REGION$§!;;§RWir verlieren den Wettlauf um §!§Y$REGION$§!;;;;;;;;;;;x;
NON_COLONIAL_POWER;Мы пока не являемся страной второго ранга или великой державой, поэтому у нас нет колониальной власти.;;Wir sind derzeit weder Sekundarmacht noch Grossmacht und haben daher keinerlei koloniale Einflusspunkte.;;;;;;;;;;;x
CRISIS_DESCRIPTION_COLONIZE;Кризис вокруг права на колонизацию.;;Koloniale Krise;;;;;;;;;;;x;
colonial_competition;Обеспечить соблюдение колониальных требований;;Koloniale Anspruche druchsetzen;;;;;;;;;;;x;
colonial_competition_desc;Приобретите §Yколониальный регион§!;;Erhalte §YKoloniale Region§!;;;;;;;;;;;x;
colonial_competition_short;Приобретение колонии $REGION$;;Erhalte die Kolonie $REGION$;;;;;;;;;;;x;
colonial_competition_setup;Приобретение колонии $REGION$;;Erhalte die Kolonie $REGION$;;;;;;;;;;;x;
CB_COLONY_CLAIMS;Обеспечить соблюдение колониальных требований;;Koloniale Anspruche druchsetzen;;;;;;;;;;;x;
COLONY_TENSION_DRIFT;Дрифт: §Y$VAL$§!;;Veranderung: §Y$VAL$§!;;;;;;;;;;;x;
COLONY_IN_CRISIS;В настоящее время вовлечен в колониальный кризис;;Derzeit in einer kolonialen Krise involviert.;;;;;;;;;;;x;
