EVTDESC90005;Хотя мы хотим помочь $CB_TARGET_NAME$ только добавив их в нашу сферу влияния, они очень разволновались по этому поводу. Хотя это и неприлично для всех вовлеченных, их поведение скорее настроило международное мнение против того, чтобы настойчиво просить их присоединиться к нам в нашем процветании.;;;;;;;;;;;;;;;;;;;;;;;;;;;;;;;;;;;x,,,,,,,,,,,,,,,,,,,,,,
EVTNAME4661019;Статус-кво;;;;;;;;;;;;;x,,,,,,,,,,,,,,,,,,,,,,;x
EVTDESC4661019;Последняя война завершилась статус-кво, и Энтре-Риос свободен. Ничто не мешает Буэнос-Айресу доминировать в Аргентинской Конфедерации.;;;;;;;;;;;;;x,,,,,,,,,,,,,,,,,,,,,,;x
EVTOPT4661019A;Начинается господство Портено.;;;;;;;;;;;;;x,,,,,,,,,,,,,,,,,,,,,,;x
EVTNAME600074;Уругвай побежден;;;;;;;;;;;;;x,,,,,,,,,,,,,,,,,,,,,,;x
EVTDESC600074;Президент Ривера проиграл войну, которую он начал, и теперь мы можем назначить Орибе, настоящего президента, в правительство Уругвая.;;;;;;;;;;;;;x,,,,,,,,,,,,,,,,,,,,,,;x
EVTOPT600074A;Назначьте Орибе президентом, но больше не вмешивайтесь.;;;;;;;;;;;;;x,,,,,,,,,,,,,,,,,,,,,,;x
EVTOPT600074B;Назначьте Орибе президентом и проследите, чтобы он там и остался.;;;;;;;;;;;;;x,,,,,,,,,,,,,,,,,,,,,,;x
EVTOPT600074C;Назначить Орибе президентом и принять меры по установлению контроля над Уругваем.;;;;;;;;;;;;;x,,,,,,,,,,,,,,,,,,,,,,;x
EVTOPT600074D;Не вмешивайтесь в дела Уругвая.;;;;;;;;;;;;;x,,,,,,,,,,,,,,,,,,,,,,;x
EVTNAME600075;Росас побежден;;;;;;;;;;;;;x,,,,,,,,,,,,,,,,,,,,,,;x
EVTDESC600075;Росас потерпел поражение и бежал из Аргентины в Соединенное Королевство. Орибе потерял все претензии на пост президента и также бежал из страны, но это не остановит проблемы с партией Бланко.;;;;;;;;;;;;;x,,,,,,,,,,,,,,,,,,,,,,;x
EVTOPT600075A;Помогите унитарианцам организовать Аргентину.;;;;;;;;;;;;;x,,,,,,,,,,,,,,,,,,,,,,;x
EVTOPT600075B;Не вмешивайся больше.;;;;;;;;;;;;;x,,,,,,,,,,,,,,,,,,,,,,;x
EVTNAME600076;Перемирие $YEAR$;;;;;;;;;;;;;x,,,,,,,,,,,,,,,,,,,,,,;x
EVTDESC600076;Уругвай и Аргентина договорились о перемирии, и мирные переговоры привели к сохранению статус-кво. Наша война за изгнание Росаса не увенчалась успехом.;;;;;;;;;;;;;x,,,,,,,,,,,,,,,,,,,,,,;x
EVTOPT600076A;Проклятие.;;;;;;;;;;;;;x,,,,,,,,,,,,,,,,,,,,,,;x
EVTNAME45103;Доминиканская независимость;;;;;;;;;;;;;x,,,,,,,,,,,,,,,,,,,,,,;x
EVTDESC45103;Общество La Trinitaria победило, и наша независимость теперь полная. Мы оставались независимыми достаточно долго, чтобы мир признал нас как суверенное государство!;;;;;;;;;;;;;x,,,,,,,,,,,,,,,,,,,,,,;x
EVT45103OPTA;Вива ла Республика Доминиканская!;;;;;;;;;;;;;x,,,,,,,,,,,,,,,,,,,,,,;x
EVTNAME203770;Численность рабов растет;;;;;;;;;;;;;x;;;;;;;;;;;;;;;;;;;;;;
EVTDESC203770;Несмотря на то, что работорговля уже некоторое время находится под запретом, что является прямым результатом давления Соединенного Королевства, численность рабов в нашей стране растет, причем не за счет торговли, а за счет роста населения.;;;;;;;;;;;;;x;;;;;;;;;;;;;;;;;;;;;;
EVTOPTA203770;Хорошо, хорошо.;;;;;;;;;;;;;x;;;;;;;;;;;;;;;;;;;;;;
EVTNAME600050;Польское восстание;;;;;;;;;;;;;X,,,,,,,,,,,;x
EVTDESC600050;Когда в начале 1846 года в Галиции (австрийская Польша) и Кракове вспыхнуло польское восстание, многие австрийцы считали, что независимый статус Кракова дал стимул, а также форум для планирования польских восстаний. Однако мы по-прежнему связаны Венским договором и нашим управлением Краковом с Пруссией и Россией.;;;;;;;;;;x,,,,,,,;x
EVT600050OPTA;Направить дипломатов для начала переговоров.;;;;;;;;;;;;;X,,,,,,,,,,,;x
EVT600050OPTB;Нам все равно, согласны ли Пруссия и Россия по этому вопросу, мы должны действовать сейчас.;;;;;;;;;;;;;;;;X,,,,,,,,,,;x
EVT600050OPTC;Не обращайте внимания на бунт. Они безвредны.;;;;;;;;;;;;;;;;X,,,,,,,,,,;x
EVTNAME600051;Краковское восстание;;;;;;;;;;;;;;;;X,,,,,,,,,,;x
EVTDESC600051;Польские дворяне и ученые в нашем великом городе начинают великую революцию, чтобы восстановить Польшу и положить конец крепостному праву на наших землях. Это демократическое движение набирает силу и может в любой момент вырваться наружу через оккупированные польские земли.;;;;;;;;;;;;;;;;;;;;;;;;;;;;;x,,,,,,,,,,,,,,,,,,,;x
EVT600051OPTA;Пусть революционеры возьмут город. Объединяйте Польшу!;;;;;;;;;;;;;;;;;;;;;x,,,,,,,,,,,,,,,,,,,;x
EVT600051OPTB;Подавляйте революционеров, иначе австрийцы могут принять ответные меры.;;;;;;;;;;;;;;;;;;;;;;;x,,,,,,,,,,,,,,,,,,,;x
EVTNAME600052;Польский вопрос;;;;;;;;;;;;;;;;;x,,,,,,,,,,,,,,,,,,,;x
EVTDESC600052;Польская революция началась в Кракове, и она грозит распространиться подобно лесному пожару по нашей великой стране. Австрия просит нашего согласия на подавление Кракова, утверждая, что вольный город является средоточием польской национальности и мятежа, и что подавление города может положить конец будущим польским восстаниям. Наши дипломаты обеспокоены тем, что это восстание может разрастись, если мы не поддержим австрийцев. Что мы скажем австрийскому посланнику?;;;;;;;;;;;;;;;;;;;;;;x,,,,,,,,,,,,,,,,,,,;x
EVT600052OPTA;Дайте понять австрийцам, что мы поддерживаем их в этом вопросе.;;;;;;;;;;;;;;;;;;;;;;x,,,,,,,,,,,,,,,,,,,;x
EVT600052OPTB;Венский договор необходимо соблюдать. Мы не поддерживаем австрийцев.;;;;;;;;;;;;;;;;;;;;;;x,,,,,,,,,,,,,,,,,,,;x
EVTNAME600053;Польский вопрос;;;;;;;;;;;;;;;;;x,,,,,,,,,,,,,,,,,,,;x
EVTDESC600053;Польская революция началась в Кракове, и она грозит распространиться подобно лесному пожару по нашей великой стране. Австрия просит нашего согласия на подавление Кракова, утверждая, что вольный город является средоточием польской национальности и мятежа, и что подавление города может положить конец будущим польским восстаниям. Наши дипломаты обеспокоены тем, что это восстание может разрастись, если мы не поддержим австрийцев. Что мы скажем австрийскому посланнику?;;;;;;;;;;;;;;;;;;;;;;;;x,,,,,,,,,,,,,,,,,,,;x
EVT600053OPTA;Дайте понять австрийцам, что мы поддерживаем их в этом вопросе.;;;;;;;;;;;;;;;;;;;;x,,,,,,,,,,,,,,,,,,,;x
EVT600053OPTB;Венский договор необходимо соблюдать. Мы не поддерживаем австрийцев.;;;;;;;;;;;;;;;;;;;;;;x,,,,,,,,,,,,,,,,,,,;x
EVTNAME600054;Судьба Кракова;;;;;;;;;;;;;;;;;;;;;x,,,,,,,,,,,,,,,,,,,;x
EVTDESC600054;Россия и Пруссия согласились с нашим предложенным решением. С согласия трех стран наши войска готовы к развертыванию и подавлению польского мятежа.;;;;;;;;;;;;;;;;;;;;;x,,,,,,,,,,,,,,,,,,,;x
EVT600054OPTA;В Краков! За кайзера!;;;;;;;;;;;;;;;;;;;;;;;x,,,,,,,,,,,,,,,,,,,;x
EVT600054OPTB;Если подумать, мы сейчас не можем позволить себе войну.;;;;;;;;;;;;;;;;;;;;;;;x,,,,,,,,,,,,,,,,,,,;x
EVTNAME600055;Судьба Кракова;;;;;;;;;;;;;;;;;;;;x,,,,,,,,,,,,,,,,,,,;x
EVTDESC600055;Одна или несколько держав не согласны с нашим решением для польских повстанцев. Действовать сейчас может их разозлить, но бездействие может сделать поляков еще смелее.;;;;;;;;;;;;;;;;;;;;;x,,,,,,,,,,,,,,,,,,,;x
EVT600055OPTA;Нам не нужно их одобрение! Мы пойдем на Краков.;;;;;;;;;;;;;;;;;;;;x,,,,,,,,,,,,,,,,,,,;x
EVT600055OPTB;Может быть, разумнее оставить это дело как есть.;;;;;;;;;;;;;;;;;;;;x,,,,,,,,,,,,,,,,,,,;x
EVTNAME600056;Польская национальность;;;;;;;;;;;;;;;;;;;;;x,,,,,,,,,,,,,,,,,,,;x
EVTDESC600056;С успехом Краковской революции город используется как база для операций по срыву нашей деятельности на территории, которую они считают польской, и для подстрекательства польских граждан к восстанию. Наши дипломаты говорят, что это прекратится только с падением города.;;;;;;;;;;X,,,,,,,,;x
EVT600056OPTA;Проклятия!;;;;;;;;;;;;;;;;;;;;;;;x,,,,,,,,,,,,,,,,,,,;x
EVTNAME600057;Колорадо Победа;;;;;;;;;;;;;;;;;;;;;;;x,,,,,,,,,,,,,,,,,,,;x
EVTDESC600057;Повстанцы Колорадо захватили правительство и заставили президента Орибе уйти в отставку. Фруктуосо Ривера, когда-то изгнанный в Бразилию, вернулся и теперь занимает пост временного президента страны до следующих выборов. Мануэль Орибе, бывший президент Бланко, был вынужден бежать из страны в изгнание в Буэнос-Айрес. Ривера распустил парламент, назначил выборы и назначил в верхнюю палату политиков, поддерживающих Колорадо, в то время как каудильо Колорадо складывают оружие и жертвуют все, что могут, чтобы помочь правительству Колорадо. Франция и Великобритания, стремящиеся к свержению Росаса, также направляют помощь.;;;;;;;;;;;;;;;;;;;;;;;x,,,,,,,,,,,,,,,,,,,;x
EVTOPT600057A;Да здравствует Фруктуосо Ривера!;;;;;;;;;;;;;;;;;;;;;;;x,,,,,,,,,,,,,,,,,,,;x
EVTNAME600058;Изгнание Орибе;;;;;;;;;;;;;;;;;;;;;;;x,,,,,,,,,,,,,,,,,,,;x
EVTDESC600058;Президент Мануэль Орибе из Уругвая был свергнут партией Колорадо и бежал из страны в Буэнос-Айрес. Губернатор Буэнос-Айреса и президент Аргентинской Конфедерации Хуан Мануэль де Росас принял его как конституционного президента и вскоре предложил ему командование армиями Аргентинской Конфедерации. Ривера, временный президент Уругвая и лидер Колорадо, крайне враждебно настроен к Росасу и Конфедерации из-за того, что Росас и другие аргентинцы-федералисты также поддерживали Орибе в прошлом из-за идеологических разногласий. Теперь Ривера укрывает аргентинских изгнанников, которые могут создать проблемы в будущем.;;;;;;;;;;;;;;;;;;;;;;;x,,,,,,,,,,,,,,,,,,,;x
EVTOPT600058A;Аргентина никогда не признает Риверу президентом.;;;;;;;;;;;;;;;;;;;;;;;x,,,,,,,,,,,,,,,,,,,;x
EVTOPT600058B;Лучше не рисковать конфликтом.;;;;;;;;;;;;;;;;;;;;;;;x,,,,,,,,,,,,,,,,,,,;x
EVTNAME600059;Возвышение Колорадо;;;;;;;;;;;;;;;;;;;;;;;x,,,,,,,,,,,,,,,,,,,;x
EVTDESC600059;Политическая сцена Уругвая в 1830-х годах раскололась между двумя партиями: консервативными Бланкос («белые») и либеральными Колорадос (буквально «цветные», чаще «красные»). Колорадос возглавлял Фруктуосо Ривера, и они представляли деловые интересы Монтевидео. Бланкос возглавлял Мануэль Орибе, который заботился об интересах сельского хозяйства в сельской местности и пропагандировал протекционизм. Две группы получили свои названия от цвета повязок, которые они носили. Первоначально Колорадос носили синий цвет, но когда он выцветал на солнце, они заменили его на красный. \n \n Уругвайская конституция 1830 года не предусматривала разделения политической власти между партиями, что вынудило меньшинства прибегнуть к революции.;;;;;;;;;;;;;;;;;;;;;;;x,,,,,,,,,,,,,,,,,,,;x
EVTOPT600059A;Они все смутьяны.;;;;;;;;;;;;;;;;;;;;;;;x,,,,,,,,,,,,,,,,,,,;x
EVTNAME600060;Армия Орибе;;;;;;;;;;;;;;;;;;;;;;;x,,,,,,,,,,,,,,,,,,,;x
EVTDESC600060;Уничтожив нашу армию, Орибэ воспользовался возможностью захватить сельскую местность. Теперь они идут на захват столицы.;;;;;;;;;;;;;;;;;;;;;;;x,,,,,,,,,,,,,,,,,,,;x
EVTOPT600060A;Это не может закончиться для нас добром.;;;;;;;;;;;;;;;;;;;;;;;x,,,,,,,,,,,,,,,,,,,;x
EVTNAME6000061;Аргентинские унитарианцы;;;;;;;;;;;;;;;;;;;;;;;x,,,,,,,,,,,,,,,,,,,;x
EVTDESC6000061;Долгое время Аргентину разделяли два проекта страны. Унитаристы или унитарии были сторонниками концепции унитарного государства (централизованного правительства) в Буэнос-Айресе, и их возглавлял Хуан Лавалье. Они выступали против аргентинских федералистов, которые хотели федерации независимых провинций, возглавляемых Хуаном Мануэлем де Росасом. Унитарии, симпатизирующие нашему правительству, бежали из Аргентины в изгнание после поражения в 1831 году. Росас, так называемый Восстановитель законов, слишком долго контролировал Аргентинскую Конфедерацию под своим деспотическим правлением. Они укрывают Орибе, который утверждает, что все еще является президентом, а их правительство враждебно по отношению к нашему. Наши самые доверенные каудильо утверждают, что пришло время готовиться к войне, и для этого мы можем ослабить Конфедерацию, используя наших друзей-унитариев.;;;;;;;;;;;;;;;;;;;;;;;x,,,,,,,,,,,,,,,,,,,;x
EVTOPT6000061A;Свяжитесь с Хенаро Бероном де Астрада, губернатором Корриентес.;;;;;;;;;;;;;;;;;;;;;;;x,,,,,,,,,,,,,,,,,,,;x
EVTOPT600061B;Пусть будет так, Росас больше не будет вмешиваться в дела Уругвая.;;;;;;;;;;;;;;;;;;;;;;;x,,,,,,,,,,,,,,,,,,,;x
EVTNAME600062;Аргентинские федералисты;;;;;;;;;;;;;;;;;;;;;;;x,,,,,,,,,,,,,,,,,,,;x
EVTDESC600062;Долгое время Аргентину разделяли два проекта страны. Унитаристы или унитарии были сторонниками концепции унитарного государства (централизованного правительства) в Буэнос-Айресе, и их возглавлял Хуан Лавалье. Они выступали против аргентинских федералистов, которые хотели федерации независимых провинций, возглавляемых Хуаном Мануэлем де Росасом. Унитарии, симпатизировавшие нашему правительству, бежали из Аргентины в изгнание после поражения в 1831 году. Росас, так называемый Восстановитель законов, слишком долго контролировал Аргентинскую конфедерацию под своим деспотическим правлением. Теперь наши друзья в Уругвае победили Бланкос и обещают поддержать нас, если мы будем бороться с федералистами, чтобы положить конец деспотическому правителю Росаса.;;;;;;;;;;;;;;;;;;;;;;;x,,,,,,,,,,,,,,,,,,,;x
EVTOPT600062A;Скажите им, что мы готовы к войне, когда они будут готовы.;;;;;;;;;;;;;;;;;;;;;;;x,,,,,,,,,,,,,,,,,,,;x
EVTNAME600063;Большая война;;;;;;;;;;;;;;;;;;;;;;;x,,,,,,,,,,,,,,,,,,,;x
EVTDESC600063;Хенаро Берон де Астрада, губернатор Корриентеса, пообещал поддержать нас в нашей борьбе против Росаса. Настал момент избавить мир от тирана. Если мы отступим сейчас, наше правительство может показаться слабым. Франция и Соединенное Королевство, которые долгое время находились в состоянии истощения с Росасом, наверняка помогут нам в нашей борьбе.;;;;;;;;;;;;;;;;;;;;;;;x,,,,,,,,,,,,,,,,,,,;x
EVTOPT600063A;Позовите каудильо. Мобилизуйте войска. Росас падет.;;;;;;;;;;;;;;;;;;;;;;;x,,,,,,,,,,,,,,,,,,,;x
EVTOPT600063B;Это опасный шаг. Оставьте в покое Бланкос и Росас.;;;;;;;;;;;;;;;;;;;;;;;x,,,,,,,,,,,,,,,,,,,;x
EVTOPT600063C;Подождем своего часа.;;;;;;;;;;;;;;;;;;;;;;;x,,,,,,,,,,,,,,,,,,,;x
EVTNAME600064;Ривера отступает;;;;;;;;;;;;;;;;;;;;;;;x,,,,,,,,,,,,,,,,,,,;x
EVTDESC600064;Президент Уругвая отказался от войны с Росасом, но Росас знает о плане. Это, в сочетании с предыдущим истощением с ним, несомненно приведет к войне против него.;;;;;;;;;;;;;;;;;;;;;;;x,,,,,,,,,,,,,,,,,,,;x
EVTOPT600064A;Сражайтесь до последнего человека!;;;;;;;;;;;;;;;;;;;;;;;x,,,,,,,,,,,,,,,,,,,;x
EVTOPT600064B;Пришло время уйти в отставку.;;;;;;;;;;;;;;;;;;;;;;;x,,,,,,,,,,,,,,,,,,,;x
EVTNAME600065;Уругвайская агрессия;;;;;;;;;;;;;;;;;;;;;;;x,,,,,,,,,,,,,,,,,,,;x
EVTDESC600065;Ривера, президент Уругвая, убедил губернатора Хенаро Берона де Астраду поддержать его и Корриентес в восстании против Буэнос-Айреса. Уругвай готовится к войне против нас и стремится свергнуть Росаса.;;;;;;;;;;;;;;;;;;;;;;;x,,,,,,,,,,,,,,,,,,,;x
EVTOPT600065A;Дураки!;;;;;;;;;;;;;;;;;;;;;;;x,,,,,,,,,,,,,,,,,,,;x
EVTNAME600066;Итальянский легион;;;;;;;;;;;;;;;;;;;;;;;x,,,,,,,,,,,,,,,,,,,;x
EVTDESC600066;Джузеппе Гарибальди переехал к своей жене и уже некоторое время живет в Монтевидео. Присягнувший борец с тиранией, он теперь предложил свою помощь в создании обороны Монтевидео против Орибе и Росаса и предложил возглавить Итальянский легион, состоящий из иностранных солдат, которые помогут нам в борьбе против тирании Росаса. Более того, нам рекомендовали поступить так, как планируют сделать Бланкос, и отменить рабство в Уругвае, чтобы у нас было больше солдат для войны.;;;;;;;;;;;;;;;;;;;;;;;x,,,,,,,,,,,,,,,,,,,;x
EVTOPT600066A;Мы приветствуем его и его солдат.;;;;;;;;;;;;;;;;;;;;;;;x,,,,,,,,,,,,,,,,,,,;x
EVTOPT600066B;Нам не нужна никакая помощь.;;;;;;;;;;;;;;;;;;;;;;;x,,,,,,,,,,,,,,,,,,,;x
EVTNAME600067;Оборона Монтевидео;;;;;;;;;;;;;;;;;;;;;;;x,,,,,,,,,,,,,,,,,,,;x
EVTDESC600067;Итальянский легион Гарибальди завершил строительство форта и баррикад по всему городу. Это, без сомнения, поможет нам в войне.;;;;;;;;;;;;;;;;;;;;;;;x,,,,,,,,,,,,,,,,,,,;x
EVTOPT600067A;Замечательный!;;;;;;;;;;;;;;;;;;;;;;;x,,,,,,,,,,,,,,,,,,,;x
EVTNAME600068;Гарибальди захватывает провинцию;;;;;;;;;;;;;;;;;;;;;;;x,,,,,,,,,,,,,,,,,,,;x
EVTDESC600068;Итальянский легион разгромил врага в провинции и захватил ее обратно, вернув нам.;;;;;;;;;;;;;;;;;;;;;;;x,,,,,,,,,,,,,,,,,,,;x
EVTOPT600068A;Великолепный!;;;;;;;;;;;;;;;;;;;;;;;x,,,,,,,,,,,,,,,,,,,;x
EVTNAME600069;Падение Бланкос;;;;;;;;;;;;;;;;;;;;;;;x,,,,,,,,,,,,,,,,,,,;x
EVTDESC600069;После многих лет борьбы Бланкос теряют свою силу. Наша страна, когда-то раздираемая гражданской войной, начинает объединяться, и пламя революций угасает.;;;;;;;;;;;;;;;;;;;;;;;x,,,,,,,,,,,,,,,,,,,;x
EVTOPT600069A;Окончательно.;;;;;;;;;;;;;;;;;;;;;;;x,,,,,,,,,,,,,,,,,,,;x
EVTNAME600070;Бразильское вмешательство;;;;;;;;;;;;;;;;;;;;;;;x,,,,,,,,,,,,,,,,,,,;x
EVTDESC600070;Война с Аргентиной и Бланкос уже обошлась слишком дорого, и наш народ хочет мира, внутреннего и внешнего. Бразильцы проявляют определенный интерес к конфликту и нашей стране, и они очень помогли бы нам в борьбе с Росасом и Орибе. Наши дипломаты начали переговоры, и условия, которые требуют бразильцы, это свободное судоходство по реке Уругвай, налоги и торговые льготы, отказ от наших претензий на границе с Риу-Гранди-ду-Сул и признание права Бразилии вмешиваться в наши внутренние дела. \n \n Получение бразильской помощи, несомненно, склонит войну в нашу пользу, и это лучше, чем рисковать еще одним правительством Бланкос.;;;;;;;;;;;;;;;;;;;;;;;x,,,,,,,,,,,,,,,,,,,;x
EVTOPT600070A;Я уверен, что проблем не будет. Попросите их о помощи.;;;;;;;;;;;;;;;;;;;;;;;x,,,,,,,,,,,,,,,,,,,;x
EVTOPT600070B;Мы можем справиться с этой войной самостоятельно.;;;;;;;;;;;;;;;;;;;;;;;x,,,,,,,,,,,,,,,,,,,;x
EVTNAME600071;Уругвай просит нашей помощи;;;;;;;;;;;;;;;;;;;;;;;x,,,,,,,,,,,,,,,,,,,;x
EVTDESC600071;Уругвай давно погрузился в хаос. Он воюет с «Бланкос», которые нас не слишком любят, и с аргентинцами, которые нас тоже не слишком любят. Но война у них не складывается, и они просят нашей помощи. В обмен на нашу помощь они предлагают нашей стране ряд выгод, таких как договоры о свободном судоходстве по реке Уругвай, налоги и торговые льготы, отказ от претензий на границе с Риу-Гранди-ду-Сул и признание права Бразилии вмешиваться во внутренние дела Уругвая. Это, несомненно, сблизит наши страны и может послужить началом бразильской гегемонии на юге континента.;;;;;;;;;;;;;;;;;;;;;;;x,,,,,,,,,,,,,,,,,,,;x
EVTOPT600071A;Согласен с этими условиями.;;;;;;;;;;;;;;;;;;;;;;;x,,,,,,,,,,,,,,,,,,,;x
EVTOPT600071B;Сейчас мы не можем себе позволить им помочь.;;;;;;;;;;;;;;;;;;;;;;;x,,,,,,,,,,,,,,,,,,,;x
EVTNAME600072;Сферы влияния;;;;;;;;;;;;;;;;;;;;;;;x,,,,,,,,,,,,,,,,,,,;x
EVTDESC600072;После многих лет борьбы за власть и Колорадо, и Бланко устали от хаоса. В $YEAR$ они пришли к соглашению об определении сфер влияния: Колорадо будут контролировать Монтевидео и прибрежный регион, Бланко будут управлять внутренними районами с их сельскохозяйственными угодьями. Кроме того, Бланко получили единовременную денежную компенсацию за потерю своей доли в Монтевидео.;;;;;;;;;;;;;;;;;;;;;;;x,,,,,,,,,,,,,,,,,,,;x
EVTOPT600072A;Наконец-то мы можем обрести покой.;;;;;;;;;;;;;;;;;;;;;;;x,,,,,,,,,,,,,,,,,,,;x
EVTOPT600072B;Ненужно. Наше нынешнее правительство всегда будет иметь власть.;;;;;;;;;;;;;;;;;;;;;;;x,,,,,,,,,,,,,,,,,,,;x
EVTNAME600073;Сферы влияния;;;;;;;;;;;;;;;;;;;;;;;x,,,,,,,,,,,,,,,,,,,;x
EVTDESC600073;Бланкос и Колорадос наконец научились делить политическую власть. Это значительно сократит мятеж и агрессию между партиями.;;;;;;;;;;;;;;;;;;;;;;;x,,,,,,,,,,,,,,,,,,,;x
EVTOPT600073A;Уругвай может отдохнуть;;;;;;;;;;;;;;;;;;;;;;;x,,,,,,,,,,,,,,,,,,,;x
EVTNAME700000;Смерть Франсии;;;;;;;;;;;;;;;;;;;;;;;x,,,,,,,,,,,,,,,,,,,;x
EVTDESC700000;Верховный диктатор Парагвая Хосе Гаспар Родригес де Франсиа принял ряд мер предосторожности против покушений. Он сам запирал двери дворца, разворачивал сигары, которые делала его сестра, чтобы убедиться, что в них нет яда, сам готовил себе мате и спал с пистолетом под подушкой. Никто не мог приблизиться к нему ближе, чем на шесть шагов, или даже носить трость рядом с ним. Всякий раз, когда он выезжал верхом, он выкорчевывал все кусты и деревья вдоль маршрута, чтобы убийцы не могли спрятаться. Все ставни должны были быть закрыты, а пешеходы должны были падать ниц перед ним, когда он проходил мимо. Чувствуя свою смертность, он уничтожил все свои бумаги и отказался от медицинской помощи, даже набросившись на врача с саблей. В этот день Франсиа испустил дух и скончался. Франсиа оставил государственной казне как минимум вдвое больше денег, чем когда он вступил в должность, включая 36 500 песо его неизрасходованной зарплаты, эквивалентной нескольким годам. После его смерти дочь сожгла всю его мебель.;;;;;;;;;;;;;;;;;;;;;;;x,,,,,,,,,,,,,,,,,,,;x
EVTOPT700000A;Конец эпохи.;;;;;;;;;;;;;;;;;;;;;;;x,,,,,,,,,,,,,,,,,,,;x
EVTNAME700001;Восхождение Карлоса Лопеса;;;;;;;;;;;;;;;;;;;;;;;x,,,,,,,,,,,,,,,,,,,;x
EVTDESC700001;Карлос Антонио Лопес Инсфран, племянник Франсии, вызвал враждебность диктатора и дяди, и был вынужден скрываться в течение нескольких лет. Он был недолгое время секретарем военной хунты, которая правила страной после смерти Франсии, и сегодня, после многих лет смятения и хаоса после смерти Франсии, он был выбран первым консулом страны — пост, эквивалентный посту президента — правящим вместе с Мариано Роке Алонсо.;;;;;;;;;;;;;;;;;;;;;;;x,,,,,,,,,,,,,,,,,,,;x
EVTOPT700001A;Что ждет Парагвай в будущем?;;;;;;;;;;;;;;;;;;;;;;;x,,,,,,,,,,,,,,,,,,,;x
EVTNAME700002;Карлос Лопес приходит к власти;;;;;;;;;;;;;;;;;;;;;;;x,,,,,,,,,,,,,,,,,,,;x
EVTDESC700002;Консул Парагвая Карлос Лопес изгнал Роке и взял на себя диктаторские полномочия. Конгресс одобрил первую парагвайскую конституцию — вероятно, работу самого Лопеса. Несколько месяцев спустя Конгресс изменил его пост с консула на президента и избрал его на новый пост на 10-летний срок. Конституция не только юридически санкционировала диктаторские полномочия Лопеса, но и не включала никаких гарантий гражданских прав. Действительно, слово «свобода» даже не упоминалось в тексте. \n Его правительство теперь направляет энергию на развитие материальных ресурсов и укрепление военной мощи страны. Одним из его первых действий было укрепление контроля Парагвая над регионом Чако путем строительства фортов и основания деревень.;;;;;;;;;;;;;;;;;;;;;;;x,,,,,,,,,,,,,,,,,,,;x
EVTOPT700002A;Во славу Парагвая!;;;;;;;;;;;;;;;;;;;;;;;x,,,,,,,,,,,,,,,,,,,;x
EVTOPT700002B;Попробуйте бороться за демократию!;;;;;;;;;;;;;;;;;;;;;;;x,,,,,,,,,,,,,,,,,,,;x
EVTNAME700003;Иностранная Истощение;;;;;;;;;;;;;;;;;;;;;;;x,,,,,,,,,,,,,,,,,,,;x
EVTDESC700003;Лопес вел крайне агрессивную внешнюю политику, которая часто вызывала напряжение с другими правительствами. В 1853 году он отказался ратифицировать торговый и навигационный договор с Соединенными Штатами и начал конфисковывать имущество американских граждан, проживающих в Парагвае. Из-за спора с Великобританией Лопес закрыл парагвайские воды для иностранных военных кораблей. Сегодня парагвайские солдаты обстреляли американское судно, занимавшееся научным исследованием реки Парана, в результате чего погиб один американский член экипажа.;;;;;;;;;;;;;;;;;;;;;;;x,,,,,,,,,,,,,,,,,,,;x
EVTOPT700003A;Да и кого вообще волнуют «Янкиз»?;;;;;;;;;;;;;;;;;;;;;;;x,,,,,,,,,,,,,,,,,,,;x
EVTOPT700003B;Принести официальные извинения.;;;;;;;;;;;;;;;;;;;;;;;x,,,,,,,,,,,,,,,,,,,;x
EVTNAME700004;Парагвайская экспедиция;;;;;;;;;;;;;;;;;;;;;;;x,,,,,,,,,,,,,,,,,,,;x
EVTDESC700004;Несколько лет назад американский корабль USS Water Witch проводил научную экспедицию на реке Парана, когда парагвайские войска открыли по нему огонь. Этот акт агрессии не был встречен официальными извинениями парагвайского диктатора Карлоса Лопеса. Это оскорбление оставалось без ответа слишком долго. Теперь Конгресс США санкционировал отправку военно-морской эскадры в Парагвай, чтобы добиться возмещения ущерба от Парагвая за обстрел Water Witch, в результате которого погиб американский гражданин, рулевой корабля.;;;;;;;;;;;;;;;;;;;;;;;x,,,,,,,,,,,,,,,,,,,;x
EVTOPT700004A;Пришло время продемонстрировать американскую дипломатию канонерок.;;;;;;;;;;;;;;;;;;;;;;;x,,,,,,,,,,,,,,,,,,,;x
EVTOPT700004B;Бросай это дело, оно того не стоит.;;;;;;;;;;;;;;;;;;;;;;;x,,,,,,,,,,,,,,,,,,,;x
EVTNAME700005;США запрашивают военный доступ;;;;;;;;;;;;;;;;;;;;;;;x,,,,,,,,,,,,,,,,,,,;x
EVTDESC700005;Напряженность между Соединенными Штатами Америки и Парагваем достигла критической точки в этом году, поскольку США планируют добиться извинений за обстрел одного из своих кораблей на реке Парана. Соединенные Штаты Америки запросили у нашего правительства военный доступ, чтобы они могли войти на территорию Парагвая в поисках возмещения.;;;;;;;;;;;;;;;;;;;;;;;x,,,,,,,,,,,,,,,,,,,;x
EVTOPT700005A;Янки могут пройти через нашу территорию.;;;;;;;;;;;;;;;;;;;;;;;x,,,,,,,,,,,,,,,,,,,;x
EVTOPT700005B;Мы не хотим никакого вмешательства в этот вопрос.;;;;;;;;;;;;;;;;;;;;;;;x,,,,,,,,,,,,,,,,,,,;x
EVTNAME700006;Уругвай предоставил нам военный доступ;;;;;;;;;;;;;;;;;;;;;;;x,,,,,,,,,,,,,,,,,,,;x
EVTDESC700006;Правительство Уругвая предоставило нам военный доступ для нашей экспедиции против Парагвая.;;;;;;;;;;;;;;;;;;;;;;;x,,,,,,,,,,,,,,,,,,,;x
EVTOPT700006A;Свяжитесь с флагманом Уильямом Б. Шубриком. Пусть экспедиция начнется.;;;;;;;;;;;;;;;;;;;;;;;x,,,,,,,,,,,,,,,,,,,;x
EVTOPT700006B;Лучше оставить эту проблему позади.;;;;;;;;;;;;;;;;;;;;;;;x,,,,,,,,,,,,,,,,,,,;x
EVTNAME700007;Уругвай отказывается предоставить военный доступ;;;;;;;;;;;;;;;;;;;;;;;x,,,,,,,,,,,,,,,,,,,;x
EVTDESC700007;Правительство Уругвая отказывается предоставить нам военный доступ для нашей экспедиции против Парагвая.;;;;;;;;;;;;;;;;;;;;;;;x,,,,,,,,,,,,,,,,,,,;x
EVTOPT700007A;Экспедиция так или иначе состоится.;;;;;;;;;;;;;;;;;;;;;;;x,,,,,,,,,,,,,,,,,,,;x
EVTOPT700007B;Лучше оставить этот вопрос позади.;;;;;;;;;;;;;;;;;;;;;;;x,,,,,,,,,,,,,,,,,,,;x
EVTNAME700008;Экспедиция США;;;;;;;;;;;;;;;;;;;;;;;x,,,,,,,,,,,,,,,,,,,;x
EVTDESC700008;Соединенные Штаты Америки отправили экспедицию, чтобы получить официальные извинения за наше нападение на один из их кораблей. Ходят слухи о кораблях янки на побережье и о том, что уругвайцы пропустят янки через свою территорию, и если они это сделают, мы можем столкнуться с поражением, которое пошатнет наше правительство.;;;;;;;;;;;;;;;;;;;;;;;x,,,,,,,,,,,,,,,,,,,;x
EVTOPT700008A;Отправьте им официальные извинения и выплатите компенсацию.;;;;;;;;;;;;;;;;;;;;;;;x,,,,,,,,,,,,,,,,,,,;x
EVTOPT700008B;Парагвайцы никогда не сдадутся!;;;;;;;;;;;;;;;;;;;;;;;x,,,,,,,,,,,,,,,,,,,;x
EVTOPT700008C;Давайте выждем время.;;;;;;;;;;;;;;;;;;;;;;;x,,,,,,,,,,,,,,,,,,,;x
EVTNAME700009;Экспедиция заканчивается;;;;;;;;;;;;;;;;;;;;;;;x,,,,,,,,,,,,,,,,,,,;x
EVTDESC700009;Парагвай согласился принести официальные извинения и выплатить компенсацию за смерть нашего моряка.;;;;;;;;;;;;;;;;;;;;;;;x,,,,,,,,,,,,,,,,,,,;x
EVTOPT700009A;Справедливость восторжествовала.;;;;;;;;;;;;;;;;;;;;;;;x,,,,,,,,,,,,,,,,,,,;x
EVTOPT700009B;Мы уже получили репарации? Отлично! Теперь продолжайте войну.;;;;;;;;;;;;;;;;;;;;;;;x,,,,,,,,,,,,,,,,,,,;x
EVTNAME700010;Парагвай оккупирует Мисьонес;;;;;;;;;;;;;;;;;;;;;;;x,,,,,,,,,,,,,,,,,,,;x
EVTDESC700010;Парагвайский диктатор за одну ночь построил форт и оккупировал провинцию Мисьонес, заявив, что этническое большинство здесь составляют гуарани, и поэтому он должен ими править.;;;;;;;;;;;;;;;;;;;;;;;x,,,,,,,,,,,,,,,,,,,;x
EVTOPT700010A;Не имеет значения, Парагвай — провинция Аргентины.;;;;;;;;;;;;;;;;;;;;;;;x,,,,,,,,,,,,,,,,,,,;x
EVTNAME700011;Утопия Франсиа;;;;;;;;;;;;;;;;;;;;;;;x,,,,,,,,,,,,,,,,,,,;x
EVTDESC700011;Доктор Хосе Гаспар Родригес де Франсия и Веласко — парагвайский юрист и диктатор Парагвая. Первоначально профессор философии, он вошел в кабильдо Асунсьона, работая юристом, и вырос до главы кабильдо. После провозглашения Парагвайской Республики он стал важным политическим лидером в Южной Америке и в конечном итоге был назначен верховным лидером, прежде чем был объявлен пожизненным диктатором. \n Вдохновленный французскими революционными идеалами, Франсия стремился создать утопическое государство, основанное на общественном договоре Россо. Хотя он стремился к равенству людей, Франсия безжалостно уничтожал любую оппозицию и создал полицейское государство, заключая в тюрьму всех, кого он считал мятежниками. \n Франсия вел спартанский образ жизни, и, помимо нескольких книг и мебели, его единственным имуществом были табачный футляр и оловянная коробка для кондитерских изделий.;;;;;;;;;;;;;;;;;;;;;;;x,,,,,,,,,,,,,,,,,,,;x
EVTOPT700011A;Да здравствует он долго!;;;;;;;;;;;;;;;;;;;;;;;x,,,,,,,,,,,,,,,,,,,;x
EVTNAME700012;Удар в спину;;;;;;;;;;;;;;;;;;;;;;;x,,,,,,,,,,,,,,,,,,,;x
EVTDESC700012;Получив от нас возмещение ущерба и извинения, о которых мы просили, США решили объявить нам войну. В результате их репутация в глазах мира упала, но каковы будут последствия для нашей страны?;;;;;;;;;;;;;;;;;;;;;;;x,,,,,,,,,,,,,,,,,,,;x
EVTOPT700012A;Предательские ублюдки!;;;;;;;;;;;;;;;;;;;;;;;x,,,,,,,,,,,,,,,,,,,;x
EVTNAME500000;Органический Статут Польши;;;;;;;;;;;;;;;;;;;;;;;x,,,,,,,,,,,,,,,,,,,;;;;;;;;;;;;
EVTDESC500000;Органический Статут Царства Польского был Статутом, который заменил Конституцию 1815 года после неудавшегося Ноябрьского восстания в российском разделе. Статут был провозглашен в оккупированной Варшаве в марте 1832 года маршалом Иваном Федоровичем Паскевичем, который назвал себя наместником. Статут, подписанный императором Николаем I, заменил личную унию между Царством Польским и Российской империей на «вечное включение» Польши в состав России. Парламент Королевства был упразднен, а его армия была объединена с русской армией. \n §RПРИМЕЧАНИЕ: Конгрессовая Польша — чрезвычайно сложное для игры субгосударство. Вы не получите никаких солдат, и когда начнется Польское восстание, вы, вероятно, проиграете игру.§W;;;;;;;;;;;;;;;;;;;;;;;x,,,,,,,,,,,,,,,,,,,;;;;;;;;;;;;
EVTOPT500000A;Когда поляки будут свободны?;;;;;;;;;;;;;;;;;;;;;;;x,,,,,,,,,,,,,,,,,,,;x
EVTNAME500001;Польское восстание $YEAR$;;;;;;;;;;;;;;;;;;;;;;;x,,,,,,,,,,,,,,,,,,,;x
EVTDESC500001;После того, как наша страна вышла из последней войны, наши подданные в Царстве Польском и других частях нашей империи стали беспокойными. Восстание началось как стихийный протест молодых поляков против призыва в Императорскую российскую армию. К нему вскоре присоединились высокопоставленные польско-литовские офицеры и различные политики. Только в Вильнюсе в $YEAR$ состоялось 116 демонстраций. Большая часть этих манифестаций в Вильнюсе закончилась столкновениями с Императорской русской армией. Несмотря на вмешательство русской полиции и казаков, на мосту через реку Неман состоялась символическая встреча поляков и литовцев, поющих гимны. Толпа пела «Боже, храни Польшу» на литовском и белорусском языках. Ранее в $YEAR$ русские ввели чрезвычайное положение в Виленской, Ковенской и Гродненской губерниях. Публичные собрания были запрещены, а некоторые общественные деятели были объявлены вне закона.;;;;;;;;;;;;;;;;;;;;;;;x,,,,,,,,,,,,,,,,,,,;x
EVTOPT500001A;Немедленно подавите их.;;;;;;;;;;;;;;;;;;;;;;;x,,,,,,,,,,,,,,,,,,,;x
EVTOPT500001C;Пусть они будут свободны.;;;;;;;;;;;;;;;;;;;;;;;x,,,,,,,,,,,,,,,,,,,;x
EVTNAME500002;Польское восстание;;;;;;;;;;;;;;;;;;;;;;;x,,,,,,,,,,,,,,,,,,,;x
EVTDESC500002;Польские подданные России, вместе с некоторыми другими народами на территории бывшей Речи Посполитой, начали всеобщее восстание против русских. Есть крики некоторых слоев нашего населения в поддержку польской свободы, но не было бы никаких проблем, если бы мы оставались нейтральными и в этом вопросе.;;;;;;;;;;;;;;;;;;;;;;;x,,,,,,,,,,,,,,,,,,,;x
EVTOPT500002A;Помогите полякам всем, чем сможем.;;;;;;;;;;;;;;;;;;;;;;;x,,,,,,,,,,,,,,,,,,,;x
EVTOPT500002B;Осудить действия России.;;;;;;;;;;;;;;;;;;;;;;;x,,,,,,,,,,,,,,,,,,,;x
EVTOPT500002C;Сохраняйте нейтралитет в этом вопросе.;;;;;;;;;;;;;;;;;;;;;;;x,,,,,,,,,,,,,,,,,,,;x
EVTOPT500002D;Выразить нашу поддержку России.;;;;;;;;;;;;;;;;;;;;;;;x,,,,,,,,,,,,,,,,,,,;x
EVTNAME500003;Восстание подавлено;;;;;;;;;;;;;;;;;;;;;;;x,,,,,,,,,,,,,,,,,,,;x
EVTDESC500003;Траугутт, генерал восстания, и четыре других члена польского правительства были схвачены русскими войсками и казнены в Варшавской цитадели. Война, в ходе которой произошло 650 сражений и стычек и погибло двадцать пять тысяч поляков, быстро завершилась в $YEAR$. Царь принял законы и указы, чтобы сделать землю неотъемлемой частью территории России, и решил, как поступить с мятежниками.;;;;;;;;;;;;;;;;;;;;;;;x,,,,,,,,,,,,,,,,,,,;x
EVTOPT500003A;Будут суровые репрессии.;;;;;;;;;;;;;;;;;;;;;;;x,,,,,,,,,,,,,,,,,,,;x
EVTOPT500003B;Будьте снисходительны к ним.;;;;;;;;;;;;;;;;;;;;;;;x,,,,,,,,,,,,,,,,,,,;x
EVTNAME132002;Правительство свергнуто в $FROMCOUNTRY$;;;;;;;;;;;;;;;;;;;;;;;x,,,,,,,,,,,,,,,,,,,;x
EVTDESC132002;Наше марионеточное правительство в $FROMCOUNTRY$ было свергнуто, и новое правительство заявило, что не будет выполнять никаких наших приказов!;;;;;;;;;;;;;;;;;;;;;;;x,,,,,,,,,,,,,,,,,,,;x
EVTNAME4661006;Договор о боливийско-аргентинской границе;;;;;;;;;;;;;;;;;;;;;;;x,,,,,,,,,,,,,,,,,,,;x
EVTDESC4661006;Граница между Боливией и Аргентиной долгое время находилась под влиянием каудильо из обеих стран, провинции подвергались набегам и завоеваниям много раз. Боливийцы захватили Кочиноку, аргентинскую провинцию, используя попытку остановить аргентинских каудильо от набегов на сельскую местность Боливии в качестве оправдания. После недавней войны Аргентина заняла Кочиноку и Тариху, последняя была заявлена некоторыми аргентинскими северными каудильо как часть Аргентины, но эта провинция долгое время находилась под властью Боливии и имеет в основном боливийское население. Теперь, с послевоенными мирными переговорами, наши дипломаты предложили нам поднять вопрос об урегулировании границ между Боливией и Аргентиной. Лучшая сделка, которую мы можем получить по расчетам наших дипломатов, это предложить отказаться от всех наших претензий на Кочиноку, Укию, Жужуй и Сальту в обмен на возвращение Тарихи и их отказ от своих претензий на эту провинцию.;;;;;;;;;;;;;;;;;;;;;;;x,,,,,,,,,,,,,,,,,,,;x
EVTOPT4661006A;Сделайте предложение.;;;;;;;;;;;;;;;;;;;;;;;x,,,,,,,,,,,,,,,,,,,;x
EVTOPT4661006B;Мы не откажемся от своих требований.;;;;;;;;;;;;;;;;;;;;;;;x,,,,,,,,,,,,,,,,,,,;x
EVTDESC4661007;Граница между Боливией и Аргентиной долгое время находилась под влиянием каудильо из обеих стран, провинции подвергались многочисленным набегам и завоеваниям. Боливийцы захватили Кочиноку, аргентинскую провинцию, используя попытку остановить аргентинских каудильо от набегов на сельскую местность Боливии в качестве оправдания. После недавней войны мы заняли Кочиноку и Тариху, последняя, по заявлениям некоторых северных каудильо, являлась частью Аргентины, но эта провинция долгое время находилась под властью Боливии и в ней в основном проживает боливийское население. Теперь, в ходе послевоенных мирных переговоров, вопрос об урегулировании границ между Боливией и Аргентиной был поднят боливийским правительством. Они предлагают отказаться от всех своих претензий на Кочиноку, Укию, Жужуй и Сальту в обмен на возвращение Тарихи и наш отказ от наших претензий на эту провинцию.;;;;;;;;;;;;;;;;;;;;;;;x,,,,,,,,,,,,,,,,,,,;x
EVTOPT4661007A;Мы согласны с их предложением.;;;;;;;;;;;;;;;;;;;;;;;x,,,,,,,,,,,,,,,,,,,;x
EVTOPT4661007B;Мы не откажемся от наших военных трофеев.;;;;;;;;;;;;;;;;;;;;;;;x,,,,,,,,,,,,,,,,,,,;x
EVTNAME4661008;Аргентина соглашается;;;;;;;;;;;;;;;;;;;;;;;x,,,,,,,,,,,,,,,,,,,;x
EVTDESC4661008;Аргентинцы согласились на наше предложение, и Тариха возвращается нам.;;;;;;;;;;;;;;;;;;;;;;;x,,,,,,,,,,,,,,,,,,,;x
EVTOPT4661008A;Отличные новости!;;;;;;;;;;;;;;;;;;;;;;;x,,,,,,,,,,,,,,,,,,,;x
EVTNAME97051;Новая столица!;;;;;;;;;;;;;;;;;;;;;;;x,,,,,,,,,,,,,,,,,,,;x
EVTDESC97051;Новый президент Боливии после распада федерации провозгласил закон, назвав город Чукисака столицей Боливии и переименовав его в честь революционного лидера Антонио Хосе де Сукре.;;;;;;;;;;;;;;;;;;;;;;;x,,,,,,,,,,,,,,,,,,,;x
EVT970501PTA;Во славу Боливии!!;;;;;;;;;;;;;;;;;;;;;;;x,,,,,,,,,,,,,,,,,,,;x
EVTPDII50000;Республиканский переворот;;;;;;;;x,,,,,,,,,,;x
EVTDESC50000;Отмена рабства привела к явному переходу поддержки республиканизма со стороны богатых и влиятельных фермеров, выращивающих кофе, которые обладали большой политической, экономической и социальной властью в стране. Чтобы предотвратить ответную реакцию республиканцев, правительство приняло ряд кредитных и военных политик и реформ, чтобы умиротворить землевладельцев. Меры, принятые правительством, встревожили гражданских республиканцев и позитивистов в военном корпусе. Они увидели, что это подорвет поддержку их собственных целей, и воодушевились на дальнейшие действия. Для них это стало вопросом «сейчас или никогда». Хотя в Бразилии большинство населения не желало менять форму правления, гражданские республиканцы начали оказывать давление на офицеров-позитивистов, чтобы свергнуть монархию. Позитивисты совершили государственный переворот и попытались учредить республику 15 ноября 1889 года. Во время всего испытания Педру II не проявлял никаких эмоций, как будто его не волновал исход. Он только прокомментировал:;;;;;;;;;;;;;;;;;;;X,,,,,,,,,,,,,,,,,,,,;x
EVTOPTA50000;Если так, то я уйду на пенсию. Я слишком много работал и устал. Теперь отдохну.;;;;;;x,,,,,,,,,,;x
EVTOPTB50000;Подавить восстание!;;;;;;x,,,,,,,,,,,,,,,,,,,,,,,,,,,,,,,,;x
goldentitle;Золотой Закон;;;;;;;;;x,,,,,,,,,,,;x
goldendesc;Lei Вurea (Золотой закон) был одобрен Изабеллой, императорской принцессой Бразилии, которая была регентом в то время, когда ее отец, император Педру II, находился в Европе. Он был подписан 13 мая 1888 года и был законом, отменившим рабство в Бразилии. Он состоял всего из двух статей. Краткость закона была призвана прояснить, что не было никаких условий для освобождения всех рабов. Помимо деятельности аболиционистов, было несколько причин для подписания закона: рабство больше не было выгодным, так как заработная плата европейских иммигрантов, чьи условия труда были плохими, стоила меньше, чем содержание рабов, и сокращение прибытия новых рабов — Бразилия была последней страной в западном мире, отменившей рабство. Бразильское правительство также находилось под давлением со стороны Великобритании, которая стремилась положить конец работорговле, чтобы расширить производство в своих собственных колониях.;;;;;;;;x,,,,,,,,,,,,,;x
goldenopt2;Освободить рабов?! В *моей* стране? Отмените этот бесполезный закон!;;;;;;;;;;;;;;;;;;;;;x,,,,,,,,,,,,,;x
goldenopt1;Статья 1: С этой даты рабство в Бразилии объявляется отмененным.;;;;;;;;;;;;x,,,,,,,,,,,;x
vargastitle;Возвышение Жетулиу Варгаса;;;;;;;;;;;;;;;;;;;;;;;;;;;;x,,,,,,,,,,,,,,;x
vargasdesc;Варгас родился в штате Риу-Гранди-ду-Сул в семье видных политических деятелей штата. К 1922 году он быстро поднялся в политике штата и был избран в Национальный конгресс, в котором прослужил четыре года. В 1926 году Варгас стал министром финансов в кабинете президента Вашингтона Луиша Перейры ди Соузы, и занимал эту должность до своего избрания губернатором Риу-Гранди-ду-Сул в 1928 году. Со своей должности губернатора штата Варгас безуспешно вел кампанию в качестве кандидата-реформатора на пост президента Бразилии в 1930 году. Хотя, казалось бы, он смирился с поражением, в октябре того же года Варгас возглавил революцию, организованную его друзьями, которая свергла олигархическую республику. В течение следующих 15 лет Варгас в значительной степени взял на себя диктаторские полномочия, правя большую часть этого времени без конгресса. Он обладал единоличной властью в качестве временного президента с 3 ноября 1930 года по 17 июля 1934 года, когда он был избран президентом учредительным собранием.;;;;;;;;;;;;;;;;;;;;;;x,,,,,,,,,,,,;x
vargasopt1;Сегодня ты в правительстве, завтра ты будешь правительством.;;;;;;;;;;;;;;;;;;;;;;x,,,,,,,,,,,,,,;x
vargasopt2;Кофейная политика восторжествует! Подавите этот возмутительный переворот!;;;;;;;;;;;;;;;;;;;;;;;;x,,,,,,,,,,,,;x
EVTNAME50009;Возвышение андинос;;;;;;;;;;;;;;;;;;;;;;X,,,,,,,,,,,,,,,,,,;x
EVTDESC50009;Ход истории Венесуэлы заметно изменился на рубеже 20-го века. В 1899 году генерал Сиприано Кастро, каудильо из андского штата Тачира, прибыл в Каракас со своей провинциальной армией и захватил президентство. В результате пять последовательных военных лидеров из Тачиры, известных как андинос, контролировали страну в течение следующих 59 лет, за исключением перерыва в 1945–1948 годах. Самым долгим было правление генерала Хуана Висенте Гомеса. Гомес был эффективным, хотя и безжалостным, диктатором. Манипулируя выборами, отменяя всю организованную политическую деятельность и монополизируя назначаемые полномочия, он создал полностью подчиненную законодательную и судебную структуру.;;;;;;;;;;;;;;;;;;;;;;x,,,,,,,,,,,,,,,,,,;x
EVTNAME50009OPTA;Мы не можем устоять перед могущественными каудильо.;;;;;;;;;;;;;;;;;;;;;;X,,,,,,,,,,,,,,,,,,;x
EVTNAME50009OPTB;Федерация должна противостоять этому перевороту!;;;;;;;;;;;;;;;;;;;;;;X,,,,,,,,,,,,,,,,,,;x
