AI_FEARS_US_TITLE1;$TAG_0_0_UPPER$ БОИТСЯ НАШЕЙ МОЩИ!;;$TAG_0_0_upper$ FURCHTET UNSERE MACHT!;;;;;;;;x;;;
AI_FEARS_US_DESC1_LONG;Сообщения о слухах поступают от нашего корреспондента в $TAG_0_0$. Неназванный источник сообщает, что в их столице за последние несколько месяцев прошла серия встреч с участием высших военных офицеров. Главной темой этих встреч является возможный вымышленный сценарий, когда объявляется война и наши военные вторгаются в их страну. Обсуждались меры контратаки и, при необходимости, даже методы партизанской войны. По-видимому, высшее командование армии $TAG_0_0_ADJ$ готовится к худшему. Кажется, они нас боятся!;;Geruchte erreichen unseren Korrespondenten in $TAG_0_0$. Eine anonyme Quelle bestatigt, dass in den letzten Monaten mehrere Treffen mit hochrangigen Militaroffizieren in ihrer Hauptstadt stattfanden. Das Hauptthema dieser Treffen drehte sich um ein fiktionales Szenario der Kriegserklarung und einer Invasion durch unser Militar. Es wurden mogliche Gegenangriffe und sogar Guerillakampfe diskutiert. Scheinbar bereitet sich die $TAG_0_0_ADJ$e Armee auf das Schlimmste vor. Sie scheinen Angst vor uns zu haben!;;;;;;;;x;;;
AI_FEARS_US_DESC1_MEDIUM;Неназванный источник в $TAG_0_0$ сообщает, что правительство там готовится к худшему. Фиктивный сценарий, включающий объявление войны нашей страной против них, считается возможным, а высшие военные чины считают нашу военную мощь пугающей!;;Eine anonyme Quelle in $TAG_0_0$ meldet, dass sich die dortige Regierung auf das Schlimmste vorbereitet. Ein fiktionales Szenario einer Kriegserklarung durch unser Land wird fur moglich gehalten, und ihre hochrangigen Militaroffiziere furchten unsere militarische Starke!;;;;;;;;x;;;
AI_FEARS_US_DESC1_SHORT;Из неназванного источника в $TAG_0_0$ поступают сообщения о серии военных встреч в их столице. Похоже, они считают вторжение наших войск серьезной возможностью!;;Eine anonyme Quelle in $TAG_0_0$ berichtet von einer Reihe von militarischen Treffen in ihrer Hauptstadt. Wie es scheint, halten sie eine Invasion durch unsere Truppen durchaus fur moglich!;;;;;;;;x;;;
AI_FEARS_US_TITLE2;$TAG_0_0$ боится нашего приближения!;;$TAG_0_0$ furchtet unseren Einmarsch!;;;;;;;;x;;;
AI_FEARS_US_DESC2_LONG;Недавняя статья в газете $TAG_0_0_ADJ$ поразила их нацию! Подробный анализ прохладных отношений между нашими странами и тщательное сравнение наших относительных военных сил привели редактора к выводу, что наши страны вскоре могут оказаться в состоянии войны, и когда этот день наступит, само существование $TAG_0_0$ может оказаться под угрозой. Элита и простые люди, граждане $TAG_0_0$ требуют от своего правительства поиска союза с более могущественной силой, чтобы уменьшить неизбежную угрозу, которую мы представляем.;;Ein kurzlicher Beitrag in der $TAG_0_0_ADJ$en Zeitung brachte ihre Nation in Aufruhr! Eine ausfuhrliche Analyse der frostigen Beziehungen zwischen unseren Landern mit einem Vergleich unserer militarischen Starken brachte den Herausgeber zu dem Schluss, dass unsere Lander sich bald im Kriegszustand befinden konnten. Sollte dieser Tag kommen, ware die Existenz $TAG_0_0$s angeblich gefahrdet. Alle Burger von $TAG_0_0$, Adel wie auch Burgerliche, fordern ihre Regierung auf, ein Bundnis mit einer Grossmacht einzugehen, um die Bedrohung, die wir darstellen, einzudammen.;;;;;;;;x;;;
AI_FEARS_US_DESC2_MEDIUM;Недавняя статья в газете $TAG_0_0_ADJ$ потрясла их страну! Подробный анализ прохладных отношений между нашими странами привел редактора к выводу, что в отсутствие новых гарантий наши страны вскоре могут оказаться в состоянии войны.;;Ein kurzlicher Beitrag in der $TAG_0_0_ADJ$en Zeitung brachte ihre Nation in Aufruhr! Eine ausfuhrliche Analyse der frostigen Beziehungen zwischen unseren Landern brachte den Herausgeber zu dem Schluss, dass unsere Lander sich bald im Kriegszustand befinden konnten.;;;;;;;;x;;;
AI_FEARS_US_DESC2_SHORT;Недавняя статья в газете $TAG_0_0_ADJ$ потрясла их страну! Анализ прохладных отношений между нашими странами привел редактора к выводу, что война может быть неизбежна.;;Ein Beitrag in der $TAG_0_0_ADJ$en Zeitung brachte die Nation ihre Aufruhr! Die Analyse frostiger Beziehungen zw. unseren Landern brachte sie zu dem Schluss, dass ein Krieg unausweichlich sei.;;;;;;;;x;;;
AI_FEARS_US_TITLE3;$TAG_0_0_ADJ$ оскорбления!;;$TAG_0_0_ADJ$e Beleidigungen!;;;;;;;;x;;;
AI_FEARS_US_DESC3_LONG;Предрассудки и ненависть царят в $TAG_0_0$. Растущий хор оскорблений достиг новых минимумов в понедельник, когда министр иностранных дел $TAG_0_0_ADJ$ ударил нашего посла по щеке на лужайке нашего посольства в $TAG_0_0$. Когда его попросили прокомментировать это, наш министр иностранных дел сказал, что это «еще одно доказательство, если оно вообще нужно, что им нельзя доверять в плане цивилизованного поведения. Дикари и хамы правят в $TAG_0_0$, и чем скорее эти негодяи будут искоренены, тем лучше». Дипломатические каналы пока остаются открытыми, но война может быть неизбежна.;;Vorurteile und Hass herrschen in $TAG_0_0$. Die Beleidigungen fanden am Montag einen neuen Tiefpunkt, als der $TAG_0_0_ADJ$e Aussenminister unseren Botschafter auf dem Rasen unserer Botschaft in $TAG_0_0$ ohrfeigte. Auf Anfrage sagte unser Aussenminister, dass dies 'weitere Beweise sind, falls wir noch welche brauchten, dass man von ihnen kein zivilisiertes Verhalten erwarten kann. Wilde und Proleten herrschen in $TAG_0_0$ und je eher wir sie ausmerzen, desto besser.' Diplomatische Kontakte werden weiterhin aufrechterhalten, doch Krieg scheint unvermeidbar.;;;;;;;;x;;;
AI_FEARS_US_DESC3_MEDIUM;Предрассудки и ненависть царят в $TAG_0_0$. В понедельник министр иностранных дел $TAG_0_0_ADJ$ дал пощечину нашему послу. Наш министр иностранных дел сказал, что «в $TAG_0_0$ правят дикари и хамы, и чем скорее эти негодяи будут искоренены, тем лучше».;;Vorurteile und Hass herrschen in $TAG_0_0$ vor. Am Montag gab der $TAG_0_0_ADJ$e Aussenminister unserem Botschafter eine Ohrfeige. Unser Aussenminister sagt, dass 'Wilde und Proleten in $TAG_0_0$ regieren, je eher wir sie ausmerzen, desto besser.';;;;;;;;x;;;
AI_FEARS_US_DESC3_SHORT;В понедельник министр иностранных дел $TAG_0_0_ADJ$ дал пощечину нашему послу. В $TAG_0_0$ правят дикари и негодяи, и чем скорее эти негодяи будут выкорчеваны, тем лучше.;;Am Montag gab der $TAG_0_0_ADJ$e Aussenminister unserem Botschafter eine Ohrfeige. Wilde und Schurken regieren in $TAG_0_0$ und je eher wir sie ausmerzen, desto besser.;;;;;;;;x;;;
AI_FEARS_OTHER_TITLE1;Страхи $TAG_0_0$;;Angst in $TAG_0_0$;;;;;;;;x;;;
AI_FEARS_OTHER_DESC1_LONG;Недавняя статья в газете $TAG_0_0_ADJ$ потрясла их нацию! Подробный анализ их прохладных отношений с $TAG_0_1$ и сравнение их относительной военной мощи привели редактора к выводу, что обе страны вскоре могут оказаться в состоянии войны, и когда этот день наступит, само существование $TAG_0_0$ может оказаться под угрозой. Элита и простые люди, граждане $TAG_0_0$ требуют от своего правительства искать союзы, чтобы уменьшить неизбежную угрозу, которую представляет $TAG_0_1_ADJ$.;;Ein Beitrag in einer $TAG_0_0_ADJ$en Zeitung beunruhigte ihre Nation! Eine ausfuhrliche Analyse der frostigen Beziehungen mit $TAG_0_1$ und ein Vergleich der militarischen Starken brachte den Herausgeber zu dem Schluss, dass beide Lander sich bald im Kriegszustand befinden konnten. Sollte dieser Tag kommen, ware die Existenz $TAG_0_0$s gefahrdet. Alle Burger von $TAG_0_0$, Adel wie auch Burgerliche, fordern ihre Regierung auf, Bundnisse einzugehen, um die $TAG_0_1_ADJ$e Bedrohung einzudammen.;;;;;;;;x;;;
AI_FEARS_OTHER_DESC1_MEDIUM;Недавняя статья в газете $TAG_0_0_ADJ$ потрясла их страну! Подробный анализ их прохладных отношений с $TAG_0_1$ привел редактора к выводу, что в отсутствие новых гарантий обе страны вскоре могут оказаться в состоянии войны.;;Ein Beitrag in einer $TAG_0_0_ADJ$en Zeitung beunruhigte ihre Nation! Eine ausfuhrliche Analyse der frostigen Beziehungen mit $TAG_0_1$ brachte den Herausgeber zu dem Schluss, dass beide Lander sich bald im Kriegszustand befinden konnten.;;;;;;;;x;;;
AI_FEARS_OTHER_DESC1_SHORT;Недавняя статья в газете $TAG_0_0_ADJ$ потрясла их нацию! Анализ их прохладных отношений с $TAG_0_1$ привел к выводу, что война может быть неизбежна.;;Ein Beitrag in einer $TAG_0_0_ADJ$en Zeitung beunruhigte ihre Nation! Eine ausfuhrliche Analyse der frostigen Beziehungen mit $TAG_0_1$ deutet an, dass ein Krieg unvermeidlich sein konnte.;;;;;;;;x;;;
AI_FEARS_OTHER_TITLE2;Страх $TAG_0_0_ADJ$;;Die $TAG_0_0_ADJ$e Angst;;;;;;;;x;;;
AI_FEARS_OTHER_DESC2_LONG;Согласно сообщениям из внутренних кругов правительства $TAG_0_0_ADJ$, преобладающее настроение всех высших должностных лиц — это глубокое опасение и страх. Многие предсказывают, что соперничество между $TAG_0_1$ и ими вызовет международный конфликт, который $TAG_0_0$ вполне может проиграть. Поэтому ходят слухи, что они рассматривают возможность того, что война может прийти к ним на порог, и делают конкретные приготовления, если это произойдет. Страх, похоже, распространяется и на население, которое ожидает худшего: жестокого поражения.;;Laut Meldungen aus dem Fuhrungszirkel der $TAG_0_0_ADJ$en Regierung, uberwiegt in Regierungskreisen eine Stimmung der Sorge und Angst. Viele befurchten, dass die Rivalitaten mit $TAG_0_1$ einen internationalen Konflikt auslosen konnten, den $TAG_0_0$ sehr wohl verlieren konnte. Geruchten zufolge wird die Moglichkeit des Krieges vor ihrer Tur erwogen und es werden entsprechende Vorbereitungen getroffen. Angst breitet sich auch in der Bevolkerung aus, die mit dem Schlimmsten rechnet: einer grausamen Niederlage.;;;;;;;;x;;;
AI_FEARS_OTHER_DESC2_MEDIUM;Настроение чиновников $TAG_0_0_ADJ$ - это пугающее опасение, когда дело доходит до действий $TAG_0_1$. Будучи всегда бдительными к их действиям, многие опасаются, что возможная война между двумя странами приведет к жестокому поражению $TAG_0_0$.;;Die Stimmung unter $TAG_0_0_ADJ$en Offiziellen ist angesichts der Aktionen von $TAG_0_1$ von Angst und Sorge gepragt. Viele befurchten einen moglichen Krieg zwischen beiden Landern, der mit der grausamen Niederlage von $TAG_0_0$ enden konnte.;;;;;;;;x;;;
AI_FEARS_OTHER_DESC2_SHORT;По сообщениям местной прессы, население и правительство $TAG_0_0_ADJ$, похоже, страдают от широко распространенного страха перед военной мощью $TAG_0_1$. Подробнее на странице 4.;;Lokale Pressestimmen melden die weitverbreitete Angst der $TAG_0_0_ADJ$en Bevolkerung und Regierung vor der militarischen Starke von $TAG_0_1$. Mehr dazu auf Seite 4.;;;;;;;;x;;;
AI_LOVES_US_TITLE1;$TAG_0_0$: Наш лучший друг;;$TAG_0_0$: Unser bester Freund;;;;;;;;x;;;
AI_LOVES_US_DESC1_LONG;Вы когда-нибудь считали своих соотечественников $TAG_0_0_ADJ$ лучшими друзьями? Возможно. Однако, похоже, они определенно считают нас целью, не для борьбы, а для дружбы! Ряд дипломатов и посланников в нашей столице открыто высказались в поддержку союза между нашими двумя великими странами, если разразится война. «Неудивительно, что мы должны обещать друг другу поддержку в эти смутные времена. Когда все вокруг тебя готовы перегрызть друг другу глотки, друг в нужде — действительно друг!» — сказал дипломат в интервью.;;Sehen Sie $TAG_0_0_ADJ$e Burger als Ihre besten Freunde an? Vielleicht. Scheinbar sehen diese uns jedoch als Ziel, doch nicht als Kriegsziel, sondern als Verbundete! Diplomaten und Abgesandte beschworen in unserer Hauptstadt ein Bundnis unserer beiden Grossmachte herauf, falls ein Krieg ausbrechen sollte. 'In diesen schweren Zeiten ist es unsere Pflicht, uns gegenseitig zu unterstutzen. Wenn sich alle um einen herum gegenseitig an die Kehle wollen, sind Freunde unerlasslich.' sagte ein Diplomat in einem Interview.;;;;;;;;x;;;
AI_LOVES_US_DESC1_MEDIUM;$TAG_0_0_ADJ$ дипломаты в нашей столице открыто высказываются в поддержку союза между нашими двумя великими странами. Согласно правительственным источникам, отношения между нами и ими находятся на самом высоком уровне и могут даже привести к взаимному обещанию военной поддержки в ближайшее время.;;$TAG_0_0_ADJ$e Diplomaten betonen in unserer Hauptstadt ihren Wunsch eines Bundnisses unserer beiden Grossmachte. Regierungskreise bezeichnen die Beziehungen als hervorragend, was bald zu einer gegenseitigen Verpflichtung zur militarischen Unterstutzung fuhren konnte.;;;;;;;;x;;;
AI_LOVES_US_DESC1_SHORT;Отношения между правительством $TAG_0_0_ADJ$ и нашим никогда не были лучше. Политические аналитики говорят, что они рассматривают нас как потенциального союзника и друга для мира и войны.;;Die Beziehungen zwischen der $TAG_0_0_ADJ$ Regierung und uns konnten besser nicht sein. Laut politischen Analysten sehen sie uns als moglichen Verbundeten und Freund im Krieg und Frieden.;;;;;;;;x;;;
AI_LOVES_US_TITLE2;$TAG_0_0$ с нами!;;$TAG_0_0$ steht an unserer Seite!;;;;;;;;x;;;
AI_LOVES_US_DESC2_LONG;Статья в газете $TAG_0_0_ADJ$ рисует картину дружественных отношений между нашими странами. Приведя многочисленные примеры мирного сотрудничества, основанного на доверии и дружбе, редактор заявил, что обе наши страны являются друзьями и братьями. Используя такие слова, как «заслуживающий доверия», «надежный» и «стойкий» для описания наших отношений, газета призвала правительство $TAG_0_0$ продолжать следовать нашей политике, чтобы преследовать общие интересы и цели, а также укреплять взаимные гарантии и заверения.;;Ein Beitrag in einer $TAG_0_0_ADJ$en Zeitung zeichnet ein Bild der freundschaftlichen Beziehungen zwischen unseren Landern. Unter Aufzahlung mehrerer Beispiele friedlicher, auf Vertrauen und Freundschaft basierender Kooperation, sieht der Herausgeber uns als Freunde und Bruder. Mit Worten wie 'vertrauenswurdig', 'zuverlassig' und 'standhaft' umschreibt die Zeitung unsere Beziehungen und ruft die Regierung von $TAG_0_0$ dazu auf, diese weiter auszubauen, um gemeinsame Interessen und Ziele zu verfolgen und den gegenseitigen Ruckhalt zu starken.;;;;;;;;x;;;
AI_LOVES_US_DESC2_MEDIUM;Статья в газете $TAG_0_0_ADJ$ рисует картину дружественных отношений между нашими странами. Приведя многочисленные примеры мирного сотрудничества, основанного на доверии и дружбе, редактор заявил, что обе наши нации являются друзьями и братьями.;;Ein Beitrag in einer $TAG_0_0_ADJ$en Zeitung zeichnet ein Bild der freundschaftlichen Beziehungen zwischen unseren Landern. Unter Aufzahlung mehrerer Beispiele friedlicher, auf Vertrauen und Freundschaft basierender Kooperation, sieht der Herausgeber uns als Freunde und Bruder.;;;;;;;;x;;;
AI_LOVES_US_DESC2_SHORT;Статья в газете $TAG_0_0_ADJ$ рисует картину дружественных отношений между нашими странами. Редактор призвал их правительство продолжать следовать нашей политике.;;Ein Beitrag in einer $TAG_0_0_ADJ$en Zeitung zeichnet ein Bild der freundschaftlichen Beziehungen zwischen unseren Landern. Herausgeber ruft ihre Regierung dazu auf, diese weiter auszubauen.;;;;;;;;x;;;
AI_LOVES_US_TITLE3;$TAG_0_0$ знает свое место!;;$TAG_0_0$ nicht ubermutig!;;;;;;;;x;;;
AI_LOVES_US_DESC3_LONG;Здравый смысл — это порядок дня в $TAG_0_0$, поскольку их правительство и народ продолжают быть очарованными всем, что связано с $OURCOUNTRY_ADJ$. В политической, военной и культурной сферах наше явное превосходство с готовностью признается хнычущими негодяями. Министр иностранных дел $TAG_0_0_ADJ$, в позорной попытке снискать расположение наших элит, сказал: «Мы приветствуем отеческую и направляющую руку $OURCOUNTRY_ADJ$. Пусть дружба наших стран продлится долго, к нашей взаимной выгоде». Так ли это будет, еще предстоит выяснить.;;"Gesunder Menschenverstand herrscht in $TAG_0_0$, wo Regierung und Bevolkerung alles $OURCOUNTRY_ADJ$e hoch schatzen. Diese wehleidigen Schufte erkennen nur allzu gerne unsere offensichtliche Uberlegenheit in allen politischen, militarischen und kulturellen Belangen an. Auf schamlose Weise biedert sich der $TAG_0_0_ADJ$e Aussenminister unseren Eliten an und sagt ""Wir begrussen die vaterliche und wegweisende $OURCOUNTRY_ADJ$e Hand. Moge die Freundschaft unserer Lander ewig zum gegenseitigen Vorteil wahren."" Es bleibt abzuwarten, ob dies der Fall sein wird.";x
AI_LOVES_US_DESC3_MEDIUM;Здравый смысл - это порядок дня в столице $TAG_0_0_ADJ$, поскольку их правительство и народ продолжают быть очарованными всем, что связано с $OURCOUNTRY_ADJ$. В политической, военной и культурной сферах наше очевидное превосходство признано этими негодяями.;;Gesunder Menschenverstand herrscht in der $TAG_0_0_ADJ$en Hauptstadt, wo Regierung und Bevolkerung alles $OURCOUNTRY_ADJ$e hoch schatzen. Diese Schufte erkennen nur allzu gern unsere offensichtliche Uberlegenheit in allen politischen, militarischen und kulturellen Belangen an.;;;;;;;;x;;;
AI_LOVES_US_DESC3_SHORT;Правительство и народ $TAG_0_0_ADJ$ продолжают быть очарованными $OURCOUNTRY$. Во всех сферах наше очевидное превосходство легко признается.;;$TAG_0_0_ADJ$e Regierung und Bevolkerung schatzen weiterhin alles $OURCOUNTRY_ADJ$e sehr. Nur allzu gern erkennen sie unsere offensichtliche Uberlegenheit in allen Belangen an.;;;;;;;;x;;;
AI_LOVES_OTHER_TITLE1;$TAG_0_0$'s отношения;;$TAG_0_0$s Beziehungen;;;;;;;;x;;;
AI_LOVES_OTHER_DESC1_LONG;Статья в газете $TAG_0_0_ADJ$ рисует картину их дружеских отношений с $TAG_0_1$. Приведя многочисленные примеры мирного сотрудничества, основанного на доверии и дружбе, редактор заявил, что обе нации являются друзьями и братьями. Используя такие слова, как «достойный доверия», «стойкий» и «надежный», чтобы описать их отношения, газета призвала правительство $TAG_0_0$ продолжать следовать политике $TAG_0_1$, чтобы преследовать общие интересы и укреплять взаимные гарантии и заверения.;;Ein Beitrag in einer $TAG_0_0_ADJ$en Zeitung zeichnet ein Bild der freundschaftlichen Beziehungen mit $TAG_0_1$. Unter Aufzahlung mehrerer Beispiele friedlicher, auf Vertrauen und Freundschaft basierender Kooperation, sieht der Herausgeber beide Nationen als Freunde und Bruder. Mit Worten wie 'vertrauenswurdig', 'zuverlassig' und 'standhaft' umschreibt die Zeitung die Beziehungen und ruft die Regierung von $TAG_0_0$ dazu auf, diese weiter mit $TAG_0_1$ auszubauen, um gemeinsame Interessen zu verfolgen und den gegenseitigen Ruckhalt zu starken.;;;;;;;;x;;;
AI_LOVES_OTHER_DESC1_MEDIUM;Статья в газете $TAG_0_0_ADJ$ рисует картину их дружеских отношений с $TAG_0_1$. Приведя многочисленные примеры мирного сотрудничества, основанного на доверии и дружбе, редактор заявил, что обе нации будут друзьями и братьями.;;Ein Beitrag in einer $TAG_0_0_ADJ$en Zeitung zeichnet ein Bild der freundschaftlichen Beziehungen mit $TAG_0_1$. Unter Aufzahlung mehrerer Beispiele friedlicher Kooperation, sieht der Herausgeber beide Nationen als Freunde und Bruder.;;;;;;;;x;;;
AI_LOVES_OTHER_DESC1_SHORT;Статья в газете $TAG_0_0_ADJ$ рисует картину их прекрасных отношений с $TAG_0_1$. Редактор призвал лигу с $TAG_0_1$ сохранить.;;Ein Beitrag in einer $TAG_0_0_ADJ$en Zeitung zeichnet ein Bild der guten Beziehungen mit $TAG_0_1$. Der Herausgeber empfiehlt, den Bund mit $TAG_0_1$ aufrecht zu erhalten.;;;;;;;;x;;;
AI_LOVES_OTHER_TITLE2;$TAG_0_0_ADJ$-$TAG_0_1_ADJ$ отношения;;$TAG_0_0_ADJ$-$TAG_0_1_ADJ$e Beziehungen;;;;;;;;x;;;
AI_LOVES_OTHER_DESC2_LONG;«Хотя история иногда могла сталкивать наши две страны, очевидно, что сама судьба решила свести нас вместе!», — заявил вчера в столице своей страны представитель правительства $TAG_0_0_ADJ$, ссылаясь на недавнее расширение сотрудничества с $TAG_0_1$. Отмена некоторых таможенных пошлин между обеими странами в прошлом году и частые визиты послов из $TAG_0_0$, похоже, показывают, что гарантия дружбы посредством военного союза действительно является надежной возможностью.;;Mit Referenz auf die wachsende Kooperation mit $TAG_0_1$ sagte der Sprecher der $TAG_0_0_ADJ$en Regierung gestern in ihrer Hauptstadt, dass 'es klar ist, dass das Schicksal uns zusammengefuhrt hat, auch wenn es in der Geschichte beider Lander manchmal zu Streitigkeiten gekommen ist!'. Die Abschaffung einiger Zoll-Verpflichtungen zwischen beiden Landern im vergangenen Jahr und die zahlreichen Besuche des Botschafters von $TAG_0_0$ deuten an, dass eine Freundschaft im Rahmen eines militarischen Bundnisses durchaus moglich ist.;;;;;;;;x;;;
AI_LOVES_OTHER_DESC2_MEDIUM;Улыбающиеся дипломаты $TAG_0_0_ADJ$ были замечены вчера на саммите в столице $TAG_0_1_ADJ$. «$TAG_0_1$ — наш естественный союзник», — сказал один из официальных лиц $TAG_0_0_ADJ$. Политические аналитики предсказывают, что пакт о союзе может быть подписан в ближайшее время.;;Lachelnde $TAG_0_0_ADJ$e Diplomaten wurden gestern auf einem Gipfeltreffen in der $TAG_0_1_ADJ$en Hauptstadt gesichtet. '$TAG_0_1$ ist unser naturlicher Verbundeter', sagte ein $TAG_0_0_ADJ$er Offizieller. Politische Analysten sehen die Unterzeichnung eines Bundnisabkommens voraus.;;;;;;;;x;;;
AI_LOVES_OTHER_DESC2_SHORT;«Процветание будущего с нашими братьями $TAG_0_1_ADJ$!» — новейший лозунг правящего сословия $TAG_0_0_ADJ$. Многие говорят, что это указание на будущий военный союз.;;Die neueste Devise der fuhrenden $TAG_0_0_ADJ$en Partei lautet: 'Wohlstand fur die Zukunft mit unseren $TAG_0_1_ADJ$en Brudern!'. Viele sehen Anzeichen eines zukunftigen Militar-Bundnisses.;;;;;;;;x;;;
OTHER_NEW_GP_TITLE1;Подъем $TAG_0_1$;;Der Aufstieg von $TAG_0_1$;;;;;;;;x;;;
OTHER_NEW_GP_DESC_LONG1;После упадка $TAG_0_0$, $TAG_0_1$ занимает более высокое положение среди стран мира, поднимаясь до положения одной из великих держав. За последние месяцы было раскрыто множество доказательств того, что экономика $TAG_0_0$ слаба, армия слабеет, а престиж падает, поскольку их союзники не могли рассчитывать на их помощь, а их правительство стало объектом иностранных уловок. Их падение из рядов достойных идет на пользу $TAG_0_1$, увеличивая их глобальное уважение, доказывая, что природа не терпит пустоты.;;Mit dem Niedergang von $TAG_0_0$ nimmt $TAG_0_1$ eine hohere Stellung unter den Nationen der Welt ein und wird zu einer der Grossmachte. Wir sahen in den letzten Monaten viele Beweise fur $TAG_0_0$s Wirtschaftsprobleme, schwaches Militar und schwindendes Prestige. Verbundete konnten nicht mehr auf den Ruckhalt des Landes setzen und seine Regierung wurde zum Spielball auslandischer Machenschaften. Sein Sturz aus den Rangen der Wurdigen begunstigt $TAG_0_1$, starkt ihr globales Ansehen und beweist, dass die Natur kein Vakuum toleriert.;;;;;;;;x;;;
OTHER_NEW_GP_DESC_MEDIUM1;После продолжающегося упадка $TAG_0_0$, $TAG_0_1$ занимает более высокое положение среди стран мира, поднимаясь до положения одной из великих держав, расширяя свое мировое признание и доказывая, что природа не терпит пустоты.;;Mit dem Niedergang von $TAG_0_0$ nimmt $TAG_0_1$ eine hohere Stellung unter den Nationen der Welt ein und wird zu einer der Grossmachte, starkt ihr globales Ansehen und beweist, dass die Natur kein Vakuum toleriert.;;;;;;;;x;;;
OTHER_NEW_GP_DESC_SHORT1;После продолжающегося упадка $TAG_0_0$, $TAG_0_1$ занимает более высокое положение среди стран мира, поднимаясь до положения одной из великих держав.;;Mit dem Niedergang von $TAG_0_0$ nimmt $TAG_0_1$ eine hohere Stellung unter den Nationen der Welt ein und wird zu einer der Grossmachte.;;;;;;;;x;;;
WE_BECOME_GP_TITLE1;Мы выигрываем от падения $TAG_0_0$;;Wir profitieren von $TAG_0_0$s Niedergang;;;;;;;;x;;;
WE_BECOME_GP_DESC_LONG1;После упадка $TAG_0_0$ мы занимаем законное положение среди стран мира, поднимаясь до положения одной из великих держав. За последние месяцы было раскрыто множество доказательств того, что экономика $TAG_0_0$ слаба, армия слабеет, а престиж слабеет, поскольку их союзники не могли рассчитывать на их помощь, а их правительство стало объектом иностранных уловок. Их уход из рядов достойных идет нам на пользу, поскольку наше мировое влияние и лидерство заменяют их, доказывая, что природа не терпит пустоты.;;Mit dem Niedergang von $TAG_0_0$ nehmen wir unsere rechtmassige Stellung unter den Nationen dieser Welt als eine der Grossmachte ein. Wir sahen in den letzten Monaten viele Beweise fur $TAG_0_0$s Wirtschaftsprobleme, schwaches Militar und schwindendes Prestige. Verbundete konnten nicht mehr auf den Ruckhalt des Landes setzen und seine Regierung wurde zum Spielball auslandischer Machenschaften. Ihr Sturz aus den Rangen der Wurdigen ermoglichte es uns, ihren globalen Einfluss und ihre Fuhrung durch unsere zu ersetzen und beweist, dass die Natur kein Vakuum toleriert.;;;;;;;;x;;;
WE_BECOME_GP_DESC_MEDIUM1;После упадка $TAG_0_0$ мы принимаем наше законное положение среди наций мира, поднимаясь на позицию одной из великих держав. Их падение из рядов достойных идет нам на пользу, поскольку наше глобальное влияние заменяет их.;;Mit dem Niedergang von $TAG_0_0$ nehmen wir unsere rechtmassige Stellung unter den Nationen dieser Welt als eine der Grossmachte ein. Ihr Sturz aus den Rangen der Wurdigen ermoglichte es uns, ihren globalen Einfluss durch den unseren zu ersetzen.;;;;;;;;x;;;
WE_BECOME_GP_DESC_SHORT1;После упадка $TAG_0_0$ мы занимаем свое законное положение среди стран мира, поднимаясь до положения одной из великих держав.;;Mit dem Niedergang von $TAG_0_0$ nehmen wir unsere rechtmassige Stellung unter den Nationen dieser Welt als eine der Grossmachte ein.;;;;;;;;x;;;
WE_LOSE_GP_TITLE1;$TAG_0_1$ выигрывает от нашего упадка;;$TAG_0_1$ profitiert von unserem Niedergang;;;;;;;;x;;;
WE_LOSE_GP_DESC_LONG1;После продолжающегося упадка нашей страны, $TAG_0_1$ занимает более высокое положение среди стран мира, поднимаясь на позицию одной из великих держав. За последние месяцы было раскрыто множество доказательств нашей бедственной экономики, слабой армии и убывающего престижа, поскольку наши союзники не могли рассчитывать на нашу помощь, а наше правительство стало объектом иностранных уловок. Наше падение из рядов достойных идет на пользу $TAG_0_1$, увеличивая их глобальное уважение, доказывая, что природа не терпит пустоты.;;Dank unserem fortwahrenden Niedergang nimmt $TAG_0_1$ eine hohere Stellung unter den Nationen dieser Welt als eine der Grossmachte ein. Wir sahen in den letzten Monaten viele Beweise fur unsere Wirtschaftsprobleme, unser schwaches Militar und schwindendes Prestige. Verbundete konnten nicht mehr auf unseren Ruckhalt setzen und unsere Regierung wurde zum Spielball auslandischer Machenschaften. Unser Sturz aus den Rangen der Wurdigen ermoglichte es $TAG_0_1$, ihr globales Ansehen zu starken, und beweist, dass die Natur kein Vakuum toleriert.;;;;;;;;x;;;
WE_LOSE_GP_DESC_MEDIUM1;После продолжающегося упадка нашей страны, $TAG_0_1$ занимает более высокое положение среди стран мира, поднимаясь до положения одной из великих держав, повышая свое мировое уважение и доказывая, что природа не терпит пустоты.;;Dank unserem fortwahrenden Niedergang nimmt $TAG_0_1$ eine hohere Stellung unter den Nationen dieser Welt als eine der Grossmachte ein, starkt ihr globales Ansehen, und beweist, dass die Natur kein Vakuum toleriert.;;;;;;;;x;;;
WE_LOSE_GP_DESC_SHORT1;После продолжающегося упадка нашей страны, $TAG_0_1$ занимает более высокое положение среди стран мира, поднимаясь до положения одной из великих держав.;;Dank unserem fortwahrenden Niedergang nimmt $TAG_0_1$ eine hohere Stellung unter den Nationen dieser Welt als eine der Grossmachte ein.;;;;;;;;x;;;
CRISIS_START_TITLE1;Кризис начался!;;Konflikt in Gang gesetzt!;;;;;;;;x;;;
CRISIS_START_DESC_LONG1;Остается ли еще надежда на мирное решение вопроса, никто не может сказать на данный момент, поскольку великие державы мира заперлись в борьбе за власть начинающегося международного кризиса. Дипломатическое урегулирование вопроса все еще может оставаться достижимым, но время, отведенное на его достижение, быстро истекает, и поскольку воюющие стороны откладывают разрешение, проводя линии на песке и играя мускулами в политике истощения и принуждения, чтобы сократить или избежать уступок, они вскоре могут оказаться в ужасном состоянии войны.;;Niemand kann sagen, ob noch Hoffnung besteht, diese Angelegenheit friedlich zu losen, nun da die Grossmachte der Welt im Machtkampf des beginnenden, internationalen Konflikts Position beziehen. Ein diplomatisches Abkommen konnte noch machbar sein, doch die Zeit lauft davon, und die aggressiven Teilnehmer verzogern eine Losung mit Muskelspielen und Machtspielen in der Politik der Zermurbung und machen Druck, um Zugestandnisse zu verhindern. Sie konnten sich schon bald im gefurchteten Kriegszustand wiederfinden.;;;;;;;;x;;;
CRISIS_START_DESC_MEDIUM1;Великие державы мира запираются в борьбе за власть. Дипломатическое урегулирование вопроса все еще может оставаться в пределах досягаемости, но время, отведенное на его достижение, быстро истекает, поскольку воюющие стороны откладывают разрешение, рисуя линии на песке и играя мускулами.;;Die Grossmachte der Welt beziehen in einem Machtkampf Position. Ein diplomatisches Abkommen konnte noch machbar sein, doch die Zeit lauft davon, und die aggressiven Teilnehmer verzogern eine Losung mit Muskelspielen und Machtspielen in der Politik.;;;;;;;;x;;;
CRISIS_START_DESC_SHORT1;Великие державы мира запираются в борьбе за власть. Дипломатическое урегулирование вопроса все еще может оставаться достижимым, но время, отведенное на его достижение, быстро истекает.;;Die Grossmachte der Welt beziehen in einem Machtkampf Position. Ein diplomatisches Abkommen konnte noch machbar sein, doch die Zeit lauft davon.;;;;;;;;x;;;
CRISIS_END_TITLE1;КРИЗИС ПРЕДОТВРАЩЕН!;;KONFLIKT VERHINDERT!;;;;;;;;x;;;
CRISIS_END_DESC_LONG1;«Это мир для нашего времени», — заявляют великие державы, выходя из переговоров на высшем уровне с дипломатическим разрешением назревающего международного кризиса, который, по утверждениям многих, мог бы ввергнуть их в войну, если бы не был достигнут компромисс. «Мы заявляем, что у наших народов нет желания воевать друг с другом», — заявили соперничающие стороны, хотя внимательные наблюдатели заметили, что одна из сторон может быть воспринята как победитель, оставив другую с горьким послевкусием уступок и потери престижа, что ставит под угрозу долговечность подписанного соглашения.;;Die Grossmachte verkunden 'Frieden in unserer Zeit', nachdem sie in Gipfeltreffen eine diplomatische Losung im beginnenden internationalen Konflikt fanden, der nach Meinung vieler ohne Kompromisse zu einem Krieg gefuhrt hatte. 'Wir erklaren, dass zwischen unseren Volkern keine Kriegsabsicht besteht', ausserten beide Seiten. Wachsame Beobachter deuten an, dass eine Seite durchaus als Sieger hervorging, wahrend die andere bittere Zugestandnisse und heftigen Prestigeverlust hinnehmen musste, was die Langlebigkeit des unterzeichneten Abkommens in Frage stellt.;;;;;;;;x;;;
CRISIS_END_DESC_MEDIUM1;«Это мир для нашего времени», — заявляют великие державы, выйдя из переговоров на высшем уровне с дипломатическим разрешением назревающего международного кризиса, который, по утверждениям многих, мог ввергнуть их в ужасное состояние войны, если бы не был достигнут компромисс.;;Die Grossmachte verkunden 'Frieden in unserer Zeit', nachdem sie in Gipfeltreffen eine diplomatische Losung im beginnenden internationalen Konflikt fanden, der nach Meinung vieler ohne Kompromisse zu einem Krieg gefuhrt hatte.;;;;;;;;x;;;
CRISIS_END_DESC_SHORT1;«Это мир для нашего времени», — заявляют великие державы, достигнув в результате переговоров на высшем уровне дипломатического урегулирования назревающего международного кризиса, предотвратив возможность войны.;;Die Grossmachte verkunden 'Frieden in unserer Zeit', nachdem sie in Gipfeltreffen eine diplomatische Losung im beginnenden internationalen Konflikt fanden und Krieg vermeideten.;;;;;;;;x;;;
RESEARCH_NEWS_TITLE_LARGE2;Прорыв в $TAG_0_0$!;;Erfolg in $TAG_0_0$!;;;;;;;;;x;;
RESEARCH_NEWS_LARGE2;Ученые $TAG_0_0_ADJ$ вчера объявили, что после месяцев целенаправленных и целенаправленных исследований был совершен новый прорыв в области $STRING_0_1$. Ожидается, что предприниматели и правительство $TAG_0_0$ вскоре начнут использовать эти недавно приобретенные знания с пользой, применяя их на практике по всей стране.;;$TAG_0_0_ADJ$e Wissenschaftler verkundeten gestern nach Monaten konzentrierter und engagierter Forschung einen bahnbrechenden Erfolg im $STRING_0_1$-Forschungsfeld. Es wird erwartet, dass Unternehmer und Regierung in $TAG_0_0$ schon bald die neuen Erkenntnisse gewinnbringend in der gesamten Nation einsetzen.;;;;;;;;;x;;
RESEARCH_NEWS_TITLE_MEDIUM2;Прорыв в $TAG_0_0$!;;Erfolg in $TAG_0_0$!;;;;;;;;;x;;
RESEARCH_NEWS_MEDIUM2;Ученые $TAG_0_0_ADJ$ объявили о прорыве в области $STRING_0_1$. Эти новые знания вскоре будут применены на практике, сказал один из исследователей.;;$TAG_0_0_ADJ$e Wissenschaftler verkundeten einen bahnbrechenden Erfolg im $STRING_0_1$-Forschungsfeld. Die neuen Erkenntnisse werten laut einem der Forscher schon bald gewinnbringend eingesetzt werden.;;;;;;;;;x;;
RESEARCH_NEWS_TITLE_SMALL2;Прорыв в $TAG_0_0$!;;Erfolg in $TAG_0_0$!;;;;;;;;;x;;
RESEARCH_NEWS_SMALL2;Ученые $TAG_0_0_ADJ$ недавно объявили о прорыве в области $STRING_0_1$.;;$TAG_0_0_ADJ$e Wissenschaftler verkundeten kurzlich einen bahnbrechenden Erfolg im $STRING_0_1$-Forschungsfeld.;;;;;;;;;x ;;
COMMUNIST_REVOLUTION_NEWS_TITLE_LARGE_COMMUNIST;КОММУНИЗМ ПОБЕДИЛ В $TAG_0_0_UPPER$!;;KOMMUNISMUS TRIUMPHIERT IN $TAG_0_0_UPPER$!;;;;;;;;;;;x
COMMUNIST_REVOLUTION_NEWS_LARGE_COMMUNIST;Пролетарии всех стран, объединяйтесь! В очередной раз наш боевой клич оказался подходящим для такой победоносной революции. Коррумпированные силы капитализма не могут остановить стремление пролетариата к лучшему будущему. Мы получили радостные новости от наших товарищей в $TAG_0_0$, которые сумели поднять восстание против жуликов и воров, которые плохо обращались и эксплуатировали простых людей. Они захватили правительственную власть, вернув ее туда, где она должна быть: в руки народа, представленного народным комитетом: $STRING_0_0$!;;Unser Aufruf 'Proletarier aller Lander, vereinigt Euch!' zeigt sich erneut mehr als passend fur eine so siegreiche Revolution. Die korrupten Machenschaften des Kapitalismus konnen den Wunsch des Proletariats auf eine bessere Zukunft nicht ersticken. Wir erhielten frohe Kunde von unseren Genossen in $TAG_0_0$, deren Rebellion gegen die Gauner und Diebe, die das Volk misshandeln und ausnutzen, sich im Aufwind befindet. Sie haben die Regierungsaufgaben dorthin ubertragen, wo sie hingehoren: in die Hand des Volkes, reprasentiert durch ein Volkskomitee: $STRING_0_0$!;;;;;;;;;;;x
COMMUNIST_REVOLUTION_NEWS_TITLE_MEDIUM_COMMUNIST;КОММУНИЗМ В $TAG_0_0_UPPER$!;;KOMMUNISMUS IN $TAG_0_0_UPPER$!;;;;;;;;;;;x
COMMUNIST_REVOLUTION_NEWS_MEDIUM_COMMUNIST;Пролетарии всех стран, соединяйтесь!» Этот боевой клич можно услышать сегодня по всему $TAG_0_0$, где наши товарищи-коммунисты одержали победу, свергнув правительство и установив единое и истинное Народное Сословие: $STRING_0_0$!;;Der Aufruf 'Proletarier aller Lander, vereinigt Euch!' erschallt heute in ganz $TAG_0_0$, wo unsere kommunistischen Genossen die Regierung erfolgreich sturzten und die einzig wahre Volkspartei etablierten: $STRING_0_0$!;;;;;;;;;;;x
COMMUNIST_REVOLUTION_NEWS_TITLE_SMALL_COMMUNIST;РЕВОЛЮЦИЯ!;;REVOLUTION!;;;;;;;;;;;x
COMMUNIST_REVOLUTION_NEWS_SMALL_COMMUNIST;Пролетарии всех стран, соединяйтесь!» Этот боевой клич можно услышать сегодня по всему $TAG_0_0$, где наши товарищи одержали победу, свергнув коррумпированных капиталистических мошенников!;;Der Aufruf 'Proletarier aller Lander, vereinigt Euch!' erschallt heute in ganz $TAG_0_0$, wo unsere Genossen die korrupten, kapitalistischen Gauner erfolgreich sturzten!;;;;;;;;;;;x
battle_we_lose_large_censored_press;Отчеты с поля боя говорят нам, что $DATE_LONG_0$ наши отважные войска совершили тактическое отступление из битвы против $TAG_0_3$ в $STRING_0_3$. Это было доказано необходимым для максимизации нашего элемента непредсказуемости и неожиданности. $VALUE_INT_0_4$ вражеских солдат были убиты нашими доблестными парнями. Хотя $VALUE_INT_0_2$ наших солдат еще не вернулись на службу, стоит отметить, что многие из наших войск остаются скрытыми, чтобы застать врага врасплох в засаде, демонстрируя настоящее мужество и стойкость!;;Meldungen von der Front berichten, dass unsere tapferen Truppen am $DATE_LONG_0$ einen taktischen Ruckzug vom Kampf gegen $TAG_0_3$ in $STRING_0_3$ antraten. Dies erwies sich zur Maximierung unseres Uberraschungselements und unserer Unberechenbarkeit als notwendig. $VALUE_INT_0_4$ feindliche Soldaten fanden durch unsere wackeren Jungs den Tod. Auch wenn $VALUE_INT_0_2$ unserer Soldaten noch vermisst werden, sollte nicht vergessen werden, dass viele unserer Truppen weiterhin im Hinterhalt auf den Feind lauern und wahre Tapferkeit und Widerstandskraft beweisen.;;;;;;;;;;;x
battle_we_lose_medium_censored_press;$DATE_LONG_0$ тактическое отступление из битвы против $TAG_0_3$ оказалось необходимым, чтобы максимизировать наш элемент неожиданности! Говорят, что $VALUE_INT_0_2$ наших солдат прячутся в засаде, в то время как $VALUE_INT_0_4$ солдат противника были убиты!;;Am $DATE_LONG_0$ erwies sich ein taktischer Ruckzug vom Kampf gegen $TAG_0_3$ zur Maximierung unseres Uberraschungselements als notwendig. Schatzungsweise $VALUE_INT_0_2$ unserer Soldaten verbergen sich weiterhin im Hinterhalt und $VALUE_INT_0_4$ feindliche Truppen fanden den Tod.;;;;;;;;;;;x
battle_we_lose_small_censored_press;$DATE_LONG_0$ было проведено тактическое отступление из боя против $TAG_0_3$. Предполагается, что $VALUE_INT_0_2$ наших войск скрываются, готовясь к засаде!;;Am $DATE_LONG_0$ kam es zum taktischen Ruckzug vom Kampf gegen $TAG_0_3$. Schatzungsweise $VALUE_INT_0_2$ unserer Soldaten verbergen sich weiterhin im Hinterhalt und lauern auf den Feind.;;;;;;;;;;;x 
battle_we_lose_censored_title_large;Прервано продвижение противника в $STRING_0_3$!;;Feindlicher Vorstoss in $STRING_0_3$ verzogert!;;;;;;;;;;;x
battle_we_lose_censored_large;«На некоторых участках фронта их превосходили в сорок раз, и они все еще держали линию», — высокопоставленный военный командир похвалил храбрость наших солдат, которым удалось задержать продвижение противника в $STRING_0_3$ настолько, насколько это было стратегически возможно, и нанести нашим врагам $VALUE_INT_0_2$ потерь. «Мы не готовы публиковать количество потерь с нашей стороны», — ответил правительственный чиновник, когда его спросили о наших собственных потерях. «Наш народ должен сплотиться вокруг правительства, когда речь идет о национальной обороне», — бросил он вызов скептикам.;;Ein hochrangiger militarischer Befehlshaber lobpreiste die Tapferkeit unserer Soldaten, die 'an manchen Frontabschnitten vierzig gegen einen in der Unterzahl waren und dennoch die Stellung hielten' und somit einen feindlichen Vorstoss in $STRING_0_3$ so lange wie strategisch sinnvoll hinauszogerten. $VALUE_INT_0_2$ feindliche Soldaten fanden den Tod. 'Wir haben noch keine Zahlen unserer eigenen Verluste', so ein Regierungssprecher auf unsere diesbezugliche Frage. 'Wir brauchen den Ruckhalt unseres Volkes, wenn es um die nationale Verteidigung geht', forderte er alle Skeptiker heraus.;;;;;;;;;;;x
battle_we_lose_censored_title_medium;Задержанный враг в $STRING_0_3$;;Feind in $STRING_0_3$ aufgehalten;;;;;;;;;;;x
battle_we_lose_censored_medium;Наши храбрые солдаты сумели замедлить продвижение противника на нашу территорию, сражаясь в ожесточенном сражении с превосходящими силами из $TAG_0_2$. «Если мы проиграем все битвы таким образом, то можем выиграть всю эту войну», — прокомментировал высокопоставленный офицер.;;Unsere tapferen Soldaten konnten den feindl. Vorstoss mit Erfolg in offener Feldschlacht gegen die zahlenmassig uberlegenen Truppen von $TAG_0_2$ verzogern. 'Wenn wir jedes Gefecht auf so grossartige Art verlieren, konnen wir den Krieg auch gewinnen', sagte ein hochrangiger Offizier.;;;;;;;;;;;x
battle_we_lose_censored_title_small;Моральная победа в $STRING_0_3$;;Moralischer Sieg in $STRING_0_3$;;;;;;;;;;;x
battle_we_lose_censored_small;$DATE_LONG_0$ мы успешно эвакуировали войска из битвы $STRING_0_3$, нанеся $VALUE_INT_0_2$ потерь, но оставив $TAG_0_2$ контроль над полем боя.;;Am $DATE_LONG_0$ evakuierten wir erfolgreich Truppen aus dem Gefecht in $STRING_0_3$ mit $VALUE_INT_0_2$ gegnerischen Verlusten, mussten jedoch $TAG_0_2$ die Kontrolle des Feldes uberlassen.;;;;;;;;;;;x
war_we_lose_censored_large_title;НАШИ ПАРНИ ВЕРНУЛИСЬ ДОМОЙ.\nМИР С $TAG_2_0_UPPER$ ПОДПИСАН!;;UNSERE JUNGS KEHREN HEIM.\nFRIEDEN MIT $TAG_2_0_UPPER$ UNTERZEICHNET!;;;;;;;;;;;x
war_we_lose_censored_large_desc;$DATE_LONG_1$ наше правительство решило уступить в войне против $TAG_2_0$. Война, известная как $STRING_0_0$, бушевала с $DATE_SHORT_0$ по $STRING_9_0$, и результатом стало $STRINGS_LIST_4$. «Мы не давали пощады, и мы можем гордиться нашими ребятами, мы показали, что мы не слабаки», — прокомментировали правительственные чиновники. «Но в конце концов, это не стоило пролития еще большего количества крови нашей молодежи». Все граждане должны радоваться возвращению наших храбрых сыновей домой, хотя на данный момент никаких официальных торжеств не запланировано.;;Am $DATE_LONG_1$ entschloss sich unsere Regierung, im Krieg gegen $TAG_2_0$ nachzugeben. Der auch als $STRING_0_0$ bekannte Krieg tobte seit $DATE_SHORT_0$ uber $STRING_9_0$ und das Ergebnis war $STRINGS_LIST_4$. 'Wir gaben kein Pardon und konnen stolz auf unsere Jungs sein, wir haben bewiesen, kein leichter Gegner zu sein', kommentierten Regierungsvertreter, 'Doch am Ende war es kein weiteres Blutvergiessen unserer Jugend wert'. Alle Burger sollten die Heimkehr unserer Sohne bejubeln, offizielle Feierlichkeiten wurden allerdings noch nicht datiert.;;;;;;;;;;;x
war_we_lose_censored_medium_title;МИР С $TAG_2_0_UPPER$!;;FRIEDEN MIT $TAG_2_0_UPPER$!;;;;;;;;;;;x
war_we_lose_censored_medium_desc;$DATE_LONG_1$ наше правительство решило уступить в войне против $TAG_2_0$. Война, известная как $STRING_0_0$, бушевала с $DATE_SHORT_0$ по $STRING_9_0$, и результатом было $STRINGS_LIST_4$.;;Am $DATE_LONG_1$ entschloss sich unsere Regierung, im Krieg gegen $TAG_2_0$ nachzugeben. Der auch als $STRING_0_0$ bekannte Krieg tobte seit $DATE_SHORT_0$ uber $STRING_9_0$ und das Ergebnis war $STRINGS_LIST_4$.;;;;;;;;;;;x
war_we_lose_censored_small_title;Мир с $TAG_2_0$;;Frieden mit $TAG_2_0$;;;;;;;;;;;x
war_we_lose_censored_small_desc;$STRING_0_0$ закончился нашей капитуляцией перед неожиданным победителем, $TAG_2_0$.;;$STRING_0_0$ endete mit unserer Kapitulation und dem unerwarteten Sieger $TAG_2_0$.;;;;;;;;;;;x 
CRISIS_START_TITLE2;Напряжение растет!;;Spannungen nehmen zu!;;;;;;;;x;;;
CRISIS_START_DESC_LONG2;После месяцев растущего давления напряженность в $STRING_0_0$ достигла точки, когда мы имеем международный кризис на руках. Великие державы пытаются найти мирное решение, чтобы предотвратить дальнейшую эскалацию, но есть и те, кто стремится увеличить свое влияние. Разворачивается лихорадочная дипломатическая деятельность, поскольку великие державы требуют влияния. Если решение не будет найдено, и если те, кто находится на вторых ролях, займут стороны в споре, инцидент в $STRING_0_0$ имеет потенциал перерасти во всеобщую войну.;;Nach Monaten zunehmendem Drucks haben die Spannungen in $STRING_0_0$ einen Punkt erreicht, der zu einem handfesten internationalen Konflikt wird. Die Grossmachte suchen nach einer friedlichen Losung, um eine weitere Eskalation zu verhindern, doch es gibt auch einige, die ihren Einfluss ausdehnen wollen. Panische diplomatische Handlungen finden statt, wahrend die Grossmachte mehr Einfluss fordern. Wenn keine Losung gefunden wird, wahrend zunehmend Aussenstehende im Disput Seiten einnehmen, kann ein Vorfall in $STRING_0_0$ durchaus einen Krieg auslosen.;;;;;;;;x;;;
CRISIS_START_DESC_MEDIUM2;Великие державы борются за влияние в $STRING_0_0$, и напряженность в регионе резко возросла. Великие державы ищут мирное решение, чтобы избежать дальнейшей эскалации, но еще предстоит увидеть, удастся ли избежать конфликта.;;Grossmachte wetteifern um Einfluss in $STRING_0_0$ und die Spannungen sind in der Region dramatisch angestiegen. Um jede weitere Eskalation zu vermeiden, suchen die Grossmachte nach einer friedlichen Losung, doch noch ist nicht sicher, ob ein Konflikt vermieden werden kann.;;;;;;;;x;;;
CRISIS_START_DESC_SHORT2;Напряженность в $STRING_0_0$ переросла в крупный кризис, поскольку великие державы пытаются получить влияние в регионе. Ведется лихорадочная дипломатическая деятельность, чтобы попытаться предотвратить войну.;;Spannungen in $STRING_0_0$ ufern in Konflikt aus, wahrend Grossmachte in der Region mehr Einfluss anstreben. Panische diplomatische Aktivitaten versuchen, einen Krieg zu verhindern.;;;;;;;;x;;;
CRISIS_END_TITLE2;Напряженность спадает;;Spannungen nehmen ab;;;;;;;;x;;;
CRISIS_END_DESC_LONG2;Всеобщее облегчение наступило после новостей о том, что в $STRING_0_0$, недавно дипломатической горячей точке, было достигнуто мирное решение. <CrisisWinner++++++> удалось увеличить свое влияние, заручившись поддержкой великих держав. Международная конференция успешно положила конец кризису после недель дипломатических маневров. Война пока предотвращена, хотя нет всеобщего удовлетворения результатом, и еще предстоит увидеть, бросит ли другая держава вызов <CrisisWinner++++++> в будущем.;;Weltweite Erleichterung folgt auf die Nachricht, dass eine friedliche Losung im diplomatischen Hexenkessel $STRING_0_0$ gefunden wurde. <CrisisWinner++++++> konnte mit dem Ruckhalt der Grossmachte seinen Einfluss erhohen. Eine internationale Konferenz, nach Wochen voll diplomatischer Manover, beendete den Konflikt erfolgreich. Fur den Augenblick wurde ein Krieg verhindert, auch wenn nicht alle mit dem Ergebnis zufrieden sind. Es bleibt abzuwarten, ob eine andere Macht <CrisisWinner++++++> in der Zukunft herausfordern wird.;;;;;;;;x;;;
CRISIS_END_DESC_MEDIUM2;Международный кризис в $STRING_0_0$ достиг мирного решения после дипломатической конференции великих держав. <CrisisWinner++++++> удалось увеличить свое влияние, не прибегая к войне. Остается увидеть, продлится ли этот мир.;;Der internationale Konflikt in $STRING_0_0$ fand nach einer diplomatischen Konferenz der Grossmachte eine friedliche Losung. <CrisisWinner++++++> konnte seinen Einfluss erhohen, ohne zu Kriegsmitteln greifen zu mussen. Es bleibt abzuwarten, ob der Frieden halten wird.;;;;;;;;x;;;
CRISIS_END_DESC_SHORT2; Война была предотвращена, поскольку кризис в $STRING_0_0$ был разрешен после конференции великих держав. <CrisisWinner++++++> успешно увеличил свое влияние;;Ein Konflikt in $STRING_0_0$ wurde nach einer Konferenz der Grossmachte gelost und Krieg verhindert. <CrisisWinner++++++> konnte erfolgreich seinen Einfluss erhohen.;;;;;;;;x;;;
OTHER_NEW_GP_DESC_LONG2; $TAG_0_1$ рос в статусе в течение ряда лет, и теперь поднялся до того, чтобы считаться одной из мировых Великих держав. Репутация $TAG_0_1_ADJ$, усиленная международным признанием их статуса, значительно выросла, и теперь мы ожидаем, что $TAG_0_1$ будут стремиться расширить свое влияние. $TAG_0_0$ не смогли остановить свой недавний упадок, и теперь широко считаются второстепенной силой в мировых делах. Эта потеря статуса будет остро ощущаться, и их международное влияние уже заметно уменьшилось.;;$TAG_0_1$ hat seinen Status seit einigen Jahren verbessert und zahlt nun zu den Grossmachten der Welt. Die $TAG_0_1_ADJ$e Reputation ist mit der internationalen Akzeptanz des neuen Status rapide gewachsen und es ist damit zu rechnen, dass $TAG_0_1$ seinen Einfluss weiter ausbauen will. $TAG_0_0$ konnte den Niedergang der letzten Zeit nicht aufhalten und wird nur noch als zweitrangige Macht in den Angelegenheiten des Weltgeschehens eingeordnet. Dieser Statusverlust hinterlasst seine Spuren und schon jetzt ist ihr internationaler Einfluss deutlich gesunken.;;;;;;;;x;;;
OTHER_NEW_GP_DESC_MEDIUM2;$TAG_0_1$ был широко признан международным сообществом как Великая держава. Это признает устойчивый рост мощи государства, но не было всеобщего одобрения. $TAG_0_0$ теперь считается всего лишь второстепенной державой, к их большому разочарованию.;;$TAG_0_1$ wird weitgehend von der internationalen Gemeinschaft als Grossmacht akzeptiert. Der stete Wachstum an Macht dieses Staates wird nicht uberall begrusst. $TAG_0_0$ gilt nur noch als zweitrangige Macht, sehr zu ihrem Missfallen.;;;;;;;;x;;;
OTHER_NEW_GP_DESC_SHORT2; Возрождающееся государство $TAG_0_1$ вытеснило $TAG_0_0$ из числа великих держав в глазах международного сообщества в результате изменений в статусе и международном влиянии.;;Der aufstrebende Staat $TAG_0_1$ hat $TAG_0_0$ in den Augen der internationalen Gemeinschaft nach Anderungen in Status und internationalem Einfluss als Grossmacht abgelost.;;;;;;;;x;;;
AI_LOVES_US_TITLE4;Теплые отношения;;Wohlwollende Beziehungen;;;;;;;;x;;;
AI_LOVES_US_DESC4_LONG;Нашему корреспонденту сообщили его источники в Министерстве иностранных дел, что в последние несколько недель лидер $TAG_0_0$ выступил с большой речью перед своим народом, восхваляя нашу нацию и достижения нашего народа. Считается, что эта речь является попыткой $TAG_0_0$ приблизиться к нашей могущественной нации, и мы должны ответить на эти попытки с вежливостью, типичной для народа $TAG_0_1_ADJ$. Мы приветствуем эти попытки и надеемся, что они приведут к продолжительному периоду сотрудничества между нашими двумя славными странами.;;Vertrauliche Quellen des Aussenministeriums sagten unserem Korrespondenten in den letzten Wochen, dass der Herrscher von $TAG_0_0$ vor seinem Volk eine grosse Lobrede auf unsere Nation und die Leistungen unseres Volkes hielt. Man nimmt an, dass $TAG_0_0$ mit dieser Rede naher an unsere grosse Nation heranrucken mochte und wir sollten den Lobeshymnen mit der typischen Hoflichkeit des $TAG_0_1_ADJ$en Volkes begegnen. Wir schatzen diese Absicht sehr und hoffen, dass sie zu einer andauernden Phase der Zusammenarbeit zwischen unseren beiden glorreichen Landern fuhren wird.;;;;;;;;x;;;
AI_LOVES_US_DESC4_MEDIUM;После, как сообщается, очень продуктивной встречи с нашим послом на прошлой неделе представитель народа $TAG_0_0_ADJ$ выступил с речью на ступенях Министерства иностранных дел, восхваляя нашу страну и правительство, открыв дверь новому диалогу сотрудничества и партнерства.;;Nach einem sehr produktiven Treffen mit unserem Botschafter letzte Woche, hielt ein Reprasentant des $TAG_0_0_ADJ$en Volkes auf den Stufen des Aussenministeriums eine Lobrede auf unsere Nation und Regierung. Dies ermoglicht einen neuen Dialog der Zusammenarbeit und Partnerschaft.;;;;;;;;x;;;
AI_LOVES_US_DESC4_SHORT;«Началась новая эра дружбы между нашими народами». Таковы были слова посла $TAG_0_0_ADJ$, собравшегося перед журналистами после переговоров в столице.;;Der  $TAG_0_0_ADJ$e Botschafter sagte zu versammelten Journalisten nach Gesprachen in der Hauptstadt: 'Eine neue Ara der Freundschaft hat zwischen unseren Nationen begonnen'.;;;;;;;;x;;;
RESEARCH_NEWS_TITLE_LARGE2;Прорыв в $TAG_0_0$!;;Durchbruch in $TAG_0_0$!;;;;;;;;;x;;
RESEARCH_NEWS_LARGE2;Ученые $TAG_0_0_ADJ$ вчера объявили, что после месяцев целенаправленных и целенаправленных исследований был совершен новый прорыв в области $STRING_0_1$. Ожидается, что предприниматели и правительство $TAG_0_0$ вскоре начнут использовать эти недавно приобретенные знания с пользой, применяя их на практике по всей стране.;;$TAG_0_0_ADJ$e Wissenschaftler verkundeten gestern nach Monaten konzentrierter und engagierter Forschung einen bahnbrechenden Erfolg im $STRING_0_1$-Forschungsfeld. Es wird erwartet, dass Unternehmer und Regierung in  $TAG_0_0$ schon bald die neuen Erkenntnisse gewinnbringend in der gesamten Nation einsetzen.;;;;;;;;;x;;
RESEARCH_NEWS_TITLE_MEDIUM2;Прорыв в $TAG_0_0$!;;Durchbruch in $TAG_0_0$!;;;;;;;;;x;;
RESEARCH_NEWS_MEDIUM2;Ученые $TAG_0_0_ADJ$ объявили о прорыве в области $STRING_0_1$. Эти новые знания вскоре будут применены на практике, сказал один из исследователей.;;$TAG_0_0_ADJ$e Wissenschaftler verkundeten einen bahnbrechenden Erfolg im $STRING_0_1$-Forschungsfeld. Die neuen Erkenntnisse werten laut einem der Forscher schon bald gewinnbringend eingesetzt werden.;;;;;;;;;x;;
RESEARCH_NEWS_TITLE_SMALL2;Прорыв в $TAG_0_0$!;;Durchbruch in $TAG_0_0$!;;;;;;;;;x;;
RESEARCH_NEWS_SMALL2;Ученые $TAG_0_0_ADJ$ недавно объявили о прорыве в области $STRING_0_1$.;;$TAG_0_0_ADJ$e Wissenschaftler verkundeten kurzlich einen bahnbrechenden Erfolg im $STRING_0_1$-Forschungsfeld.;;;;;;;;;x;;
INVENTION_NEWS_TITLE_LARGE2;Новый патент!;;Neues Patent!;;;;;;;;;;;x
INVENTION_NEWS_LARGE2; Научный отчет: Улучшения и инновации в области $STRING_0_1$ были запатентованы и зарегистрированы исследователями в $TAG_0_0$. Документация этих достижений, хотя в настоящее время и является секретом, хранящимся за закрытыми дверями, как ожидается, будет постепенно распространяться в других странах и со временем способствовать прогрессу науки в мире.;;Forschungsbericht: Verbesserungen und Innovationen im Feld von $STRING_0_1$ wurden von Forschern in $TAG_0_0$ patentiert und eingetragen. Es wird damit gerechnet, dass die Dokumentation dieser Fortschritte trotz bisheriger strenger Geheimhaltung in anderen Landern weite Verbreitung finden wird und dem wissenschaftlichen Fortschritt der gesamten Welt nutzen wird.;;;;;;;;;;;x
INVENTION_NEWS_TITLE_MEDIUM2;Новый патент!;;Neues Patent!;;;;;;;;;;;x
INVENTION_NEWS_MEDIUM2; Усовершенствования и инновации в области $STRING_0_1$ зарегистрированы в Национальном патентном ведомстве $TAG_0_0$.;;Verbesserungen und Innovationen im Feld von $STRING_0_1$ wurden im Nationalen Patentamt in $TAG_0_0$ eingetragen.;;;;;;;;;;;x
INVENTION_NEWS_TITLE_SMALL2;Новый патент!;;Neues Patent!;;;;;;;;;;;x
INVENTION_NEWS_SMALL2;Новые усовершенствования и инновации в области $STRING_0_1$ запатентованы в $TAG_0_0$.;;Neue Verbesserungen und Innovationen im Feld von $STRING_0_1$ wurden in $TAG_0_0$ patentiert.;;;;;;;;;;;x 
EDITORIAL_ABSMON; Редакционная статья: почему правильно и уместно ненавидеть антилегитимистов - само провидение требует этого! Ведь эти бездельники хотели бы, чтобы крестьянская чернь управляла собой (см. стр. 10);;Redaktionelles: warum es richtig und angemessen ist, Anti-Legitimisten zu hassen – die Weitsicht verlangt es!Tunichtgute wurden Bauerngesindel sich selbst regieren lassen (weiter auf S. 10);;;;;;;;;x;;
EDITORIAL_PRUCON;Редакционная статья: почему правильно ненавидеть реформистов всех мастей - естественный порядок требует этого! Почему, эти либеральные спекулянты и космополиты будут управлять нашей страной как публичным домом (см. стр. 10);;Redaktionelles: warum es richtig ist, Reformisten aller Couleur zu hassen – die Natur gebietet es! Liberale Spekulanten und Kosmopoliten wurden unsere Nation wie Bordell fuhren (mehr auf S. 10);;;;;;;;;x;;
EDITORIAL_CONMON;Редакционная статья: почему правильно ненавидеть республиканцев - этого требует стабильность! Почему без номинального лидера, который бы нам благосклонно улыбался, интриги и гильотина уничтожат нас всех (стр. 10);;Redaktionelles: warum es richtig ist, Republikaner zu hassen – Stabilitat verlangt es! Ohne gutig auf uns herablachelnden Reprasentanten werden Intrigen und Guillotine unser Ende sein (S. 10);;;;;;;;;x;;
EDITORIAL_DEMOCRACY;Редакционная статья: почему правильно ненавидеть революционеров всех мастей - потому что их невозможно подкупить! Почему люди с таким рвением и жестким доктринерством не проявляют никакого уважения к верховенству закона (стр. 10);;Redaktionelles: warum es richtig ist, Revolutionare aller Couleur zu hassen – sie sund unbestechlich! Manner mit solchem Eifer und starren Doktrinen haben keinerlei Respekt vor Gesetz (S. 10);;;;;;;;;x;;
EDITORIAL_PRESDICT;Редакционная статья: почему правильно ненавидеть подрывников – этого требует президент! Ведь эти преступники только вчера грубо осквернили мраморную статую его превосходительства в столице (см. стр. 10);;Redaktionelles: warum es richtig ist, Staatsfeinde zu hassen – Prasident verlangt es! Erst gestern haben diese Kriminellen Statue Seiner Exzellenz in Hauptstadt schandlich vandalisiert (S. 10);;;;;;;;;x;;
EDITORIAL_BOURDICT;Редакционная статья: почему правильно ненавидеть бедных – этого требует ваш собственный рациональный личный интерес! Почему эти паразитические люди из ниши выбирают быть бедными. Проявляйте жалость к ним на свой страх и риск. (см. стр. 10);;Redaktionelles: warum es richtig ist, die Armen zu hassen – der rationale Egoismus verlangt es! Dieser parasitare Abschaum hat die Armut gewahlt. Mitleid auf eigenes Risiko. (mehr auf S. 10);;;;;;;;;x;;
EDITORIAL_PROLDICT;Редакционная статья: почему правильно ненавидеть паразитов – этого требует Сословие! Ведь даже самый жалкий деревенский пекарь – эксплуататор масс. Искоренение богатых освободит нас всех (см. стр. 10);;Redaktionelles: warum es richtig ist, Parasiten zu hassen – die Partei verlangt es! Selbst kleinster Dorfbacker nutzt Massen aus. Die Reichen auszumerzen, wird uns befreien (mehr auf S. 10).;;;;;;;;;x;;
EDITORIAL_FASCDICT;Редакционная статья: почему правильно ненавидеть паразитов – этого требует Сословие! Ведь даже самый жалкий деревенский пекарь – эксплуататор масс. Искоренение богатых освободит нас всех (см. стр. 10);;Redaktionelles: warum es richtig ist, Parasiten zu hassen – die Partei verlangt es! Selbst kleinster Dorfbacker nutzt Massen aus. Die Reichen auszumerzen, wird uns befreien (mehr auf S. 10).;;;;;;;;;x;;
FAKE_UNKNOWN;Многообещающий новый писатель Эллис Белл написал захватывающий взгляд на вопросы любви на пустошах Йоркшира в Грозовом перевале. Мы с нетерпением ждем новых работ этого молодого человека.;;Der junge Schriftsteller Ellis Bell schrieb faszinierende Einsichten in Liebesdinge im Moor von Yorkshire in Wuthering Heights. Wir freuen uns auf weitere Arbeiten dieses jungen Mannes.;;;;;;;;;x;;
FAKE_UNKNOWN;Литературный скандал! Автор «Грозового перевала» Эллис Белл на самом деле женщина по имени Эмили Бронте! Популярность романа не ослабевает, пока лондонские юбочки вздыхают по Хитклиффу.;;Literaturskandal! Wuthering Heights Autor Ellis Bell ist in Wirklichkeit eine Frau namens Emily Bronte! Popularitat des Romans ungebrochen, Londons Frauenherzen schmachten nach Heathcliff.;;;;;;;;;x;;
FAKE_UNKNOWN;Переводчик «Тысячи и одной ночи» и «Камасутры» Ричард Фрэнсис Бертон проник в Мекку, совершающую хадж. Его эксклюзивный отчет о путешествиях см. на стр. 10.;;Der Ubersetzer von Tausendundeine Nacht und dem Kamasutra, Richard Francis Burton, infiltrierte den Haddsch in Mekka. Exklusiver Reisebericht auf Seite 10.;;;;;;;;;x;;
FAKE_UNKNOWN;Актриса Вирджиния Рапп найдена мертвой в номере отеля Fatty Arbuckle в Нью-Йорке. Пришло время обуздать голливудских плейбоев и их дегенеративные фильмы, прежде чем они разрушат моральные ценности нашей нации.;;Schauspielerin Virginia Rappe tot in Fatty Arbuckles Hotelsuite in New York aufgefunden. Zeit, die Playboys und dekadenten Filme Hollywoods zu zugeln, oder die Moral der Nation geht zugrunde.;;;;;;;;;x;;
FAKE_UNKNOWN;Новая композиция Джорджа Гершвина «Рапсодия в стиле блюз» сочетает в себе классические и джазовые стили, создавая изысканный, но игривый мост старых и новых звуков, соответствующий нашей современной эпохе.;;George Gershwins neue Komposition Rhapsody in Blue vermischt klassische Elemente mit Jazz, um eine verspielte Brucke zw. alter und neuer Musik zu schlagen, die zu unserer modernen Zeit passt.;;;;;;;;;x;;
FAKE_UNKNOWN;Ф. Скотт и Зельда Фицджеральд покидают Нью-Йорк, чтобы искать светлое будущее в американской общине экспатриантов в Париже. Кажется, все самые талантливые американцы в конечном итоге оказываются в Париже.;;F. Scott und Zelda Fitzgerald verlassen New York, um eine bessere Zukunft in der amerik. Gemeinschaft in Paris zu suchen. Scheinbar landen alle talentierten Amerikaner neuerdings in Paris.;;;;;;;;;x;;
FAKE_UNKNOWN;Еще одним непреднамеренным побочным эффектом запрета алкоголя Законом Вольстеда стало то, что американцы стали пионерами в создании множества новых коктейлей в попытке сделать контрафактный алкоголь приемлемым.;;Ein weiterer Seiteneffekt des Alkoholverbots des Valstead Acts: Amerikaner sind wegweisend in der Erfindung neuer Cocktails, um schwarzgebrannten Alkohol trinkbar zu machen.;;;;;;;;;x;;
FAKE_Cthulhu;П'нглуи мглв'нафх Ктулху Р'льех вга'нагл фхтагн;;Ph'nglui mglw'nafh Cthulhu R'lyeh wgah'nagl fhtagn;;;;;;;;;x;;
some_fake_1836_title_12;Цветение вишни;;Kirschbluten;;;;;;;;;;;x
some_fake_1836_12;Правительство Японии решает, что новым национальным цветом станет цвет вишни, поскольку он лучше всего отражает национальный характер этой чудесной страны. Называть его «розовым» запрещено законом.;;Regierung Japans wahlt die Farbe von Kirschbluten als neue Nationalfarbe, die den wunderbaren Charakter der Nation am besten wiederspiegelt. Es ist verboten, die Farbe 'rosa' zu nennen.;;;;;;;;;;;x 
some_fake_1836_title_13;Добрая река;;Der gute Fluss;;;;;;;;;;;x
some_fake_1836_13;Команда американских картографов-экспертов представляет самые точные на сегодняшний день рисунки «хорошей» реки Огайо, которые будут включены в будущие местные и международные карты. Дальше — больше рек.;;Team amerik. Kartographie-Experten prasentiert aktuellste Zeichnungen des 'guten' Ohio-Flusses, die in nationalen und internationalen Karten verwendet werden. Weitere Flusse werden folgen.;;;;;;;;;;;x
some_fake_1836_title_14;Ян-Майен;;Jan Mayen;;;;;;;;;;;x
some_fake_1836_14;Сообщается, что необъяснимо большое количество мигрантов недавно переместилось на пустынный остров Ян-Майен в Северном Ледовитом океане. «Мы устали от всего этого шума», — признался один из пионеров.;;Unglaublich viele Migranten sind laut Berichten kurzlich auf die karge Insel Jan Mayen im Arktischen Ozean gezogen. 'Wir hatten den Larm satt', sagte einer der Pioniere.;;;;;;;;;;;x 
some_fake_1880_title_8;Закон о сумасшедших;;Geisteskranken-Verordnung;;;;;;;;;;;x
some_fake_1880_8;Недавно принятое законодательство обязывает судовладельцев платить штраф, если их прибывающее судно выгрузит в портах этой страны человека или лиц, признанных сумасшедшими, идиотами или осужденными.;;Neue Gesetzesverordnung belegt Schiffseigner mit einer Geldstrafe, wenn sie Menschen die geisteskrank, Idioten oder Straflinge sind, mit ihrem Schiff in die Hafen dieses Landes entladen.;;;;;;;;;;;x 
some_fake_1890_title_8;Лаки 55;;Die Glucklichen 55;;;;;;;;;;;x
some_fake_1890_8;Пятьдесят четыре подтвержденных победителя государственной лотереи разделят между собой рекордную сумму призовых денег. «Я не могу найти свой билет!» — жалуется несчастный пятьдесят пятый.;;54 bestatigte Gewinner der Staatslotterie teilen sich Rekordgewinn. 'Ich kann mein Los nicht finden!', beklagt der ungluckliche 55. Gewinner.;;;;;;;;;;;x 
some_fake_1910_title_11;Дредноут мистификация;;Schlachtschiff-Humbug;;;;;;;;;;;x
some_fake_1910_11;Группа молодых аристократов, переодевшись в тюрбаны и с зачерненными лицами под видом представителей сословия абиссинских принцев, хитростью проникает на флагманский корабль Королевского флота, чтобы совершить частную экскурсию по судну.;;Gruppe junger Aristokraten, verkleidet als Delegation des abessinischen Prinzen, mit Turbanen und geschwarzten Gesichtern, erschwindelt private Fuhrung durch Flagschiff der konigl. Marine.;;;;;;;;;;;x 
some_fake_1910_title_12;Радио убивает культуру?;;Zerstoren Radios die Kultur?;;;;;;;;;;;x
some_fake_1910_12;Недавно появилось радио, вызывающее опасения, что оно убьет общество и социализацию. Сторонники говорят, что будут рассматриваться только вызывающие размышления и интеллектуальные передачи.;;Mit Einfuhrung des Radios wachst die Sorge um den Fortbestand der Gesellschaft und Sozialisation. Befurworter betonen, dass nur zum Nachdenken anregende, intelligente Sendungen geplant werden.;;;;;;;;;;;x 
some_fake_1910_title_13;Восстание Плети;;Der Peitschen-Aufstand;;;;;;;;;;;x
some_fake_1910_13;Чернокожие моряки бразильского флота бунтуют против своих белых офицеров. Они угрожают обстрелять Рио-де-Жанейро, если расовые оскорбления и физическое насилие в отношении нижних чинов не будут отменены.;;Schwarze Besatzung der brasil. Marine meutert gegen ihre weissen Offiziere. Sie fordern Ende der Rassendiskriminierung und korperlichen Gewalt gg. Untergebene oder Rio de Janeiro werde brennen.;;;;;;;;;;;x 
some_fake_1920_title_13;Реформа мужского платья Estate;;Partei zur Reform von Mannerkleidung;;;;;;;;;;;x
some_fake_1920_13;Новое движение призывает мужчин одеваться более красиво и гигиенично. «Большинство членов хотят шорты, некоторые — килт, почти все ненавидят брюки». MDRP также выступает против ношения шляп.;;Neue Bewegung fordert Manner zu ansehnlicherer und sauberer Kleidung auf. 'Viele Mitglieder wunschen sich kurze Hosen, manche Kilts, fast alle hassen lange Hosen.' MDRP lehnt auch Hute ab.;;;;;;;;;;;x
dino_fake_1830_title_1;Орнитологи?я;;Ornithichnologie;;;;;;;;;; ;x
dino_fake_1830_1;Профессор Хичкок сообщает об ископаемых следах птиц, обнаруженных около реки Коннектикут в Массачусетсе. Некоторые из следов ног указывают на то, что их оставили какие-то огромные виды птиц...;;Prof. Hitchcock meldet Entdeckung von Fossilienspuren von Vogeln nahe des Connecticut-Flusses, Massachusetts. Einige Spuren deuten auf riesige Vogelart hin…;;;;;;;;;;;x
dino_fake_1830_title_2;Платеозавр;;Plateosaurus;;;;;;;;;;;x
dino_fake_1830_2; В честь доктора Энгельгардта, первооткрывателя останков, доктор фон Майер назвал нового гигантского ящера Plateosaurus engelhardti. Похоже, он связан с игуанодоном и мегалозавром.;; Zu Ehren des Entdeckers Dr. Engelhardt nannte Dr. von Meyer einen neuen riesigen Saurier 'Plateosaurus engelhardti'. Er scheint mit Iguanodon und Megalosaurus verwandt zu sein.;;;;;;;;;;;x
dino_fake_1830_title_3;Текодонтозавр;;Thecodontosaurus;;;;;;;;; ;;x
dino_fake_1830_3;По словам доктора Райли и доктора Статчбери, описавших эту ящерицу, зубы у этого необычного ящера находятся в глазницах, а не сращены с челюстью, как у современных рептилий.;;Dieser ungewohnliche Saurier besass Zahne in Zahnhohlen, nicht wie moderne Reptilien direkt mit dem Kiefer verbundene, wie Dr. Rilez und Dr. Stutchbury, Entdecker der Eidechse, sagen.;;;;;;;;;;;x
dino_fake_1830_title_4;Поэкилоплеврон;;Poekilopleuron;;;;;;;;;;; x
dino_fake_1830_4;Доктор Эудес-Делоншам сообщает о новом ящере, известном по позвонкам, ребрам и конечностям. Он считает, что это животное связано с мегалозавром.;;Dr. Eudes-Deslongchamps meldet aufgrund von Wirbel-, Rippen- und Gliedmassen-Funden einen neuen Saurier. Er glaubt, das Tier ist mit dem Megalosaurus verwandt.;;;;;;;;;;;x
dino_fake_1840_title_1;Динозавры;;Dinosauria;;;;;;;;;;;x
dino_fake_1840_1;Dinosauria — это название, которое профессор Оуэн предложил для трибы ящеров, включающей мегалозавра, гилеозавра и игуанодона. Эти динозавры примечательны своими большими размерами.;; Prof. Owen schlug fur die Sauriergattung, der Megalosaurus, Hylaeosaurus und Iguanodon angehoren, den Namen Dinosauria vor. Ihre Grosse ist bemerkenswert.;;;;;;;;;;;x
dino_fake_1840_title_2;Цетиозавр;;Cetiosaurus;;;;;;;;;;;x
dino_fake_1840_2; Была обнаружена новая гигантская ископаемая морская рептилия. Профессор Оуэн назвал ее Cetiosaurus, что означает «китовый ящер».;; Neue Entdeckung eines riesigen, aquatischen Reptil-Fossils. Prof. Owen nannte es Cetiosaurus, was “Wal-Echse” bedeutet.;;;;;;;;;;;x
dino_fake_1840_title_3;Кардиодон;;Cardiodon;;;;;;;;;;;x
dino_fake_1840_3;Один зуб в форме сердца был обнаружен в Уилтшире, Англия. Проанализировав его, профессор Оуэн решил дать ему имя Кардиодон.;;Ein einzelner, herzformiger Zahn wurde in Wiltshire, England entdeckt. Prof. Owen entschloss sich nach seiner Analyse, ihn Cardiodon zu taufen.;;;;;;;;;;;x
dino_fake_1840_title_4;Регнозавр;;Regnosaurus;;;;;;;;;;;x
dino_fake_1840_4;После того, как были обнаружены некоторые челюсти игуанодона, доктор Мантелл предположил свою ошибку, ранее приписывая часть челюсти этому животному, и теперь описал его как отдельный вид.;;Nach dem Fund einiger Kieferknochen des Iguanodons vermutete Dr. Mantell einen Fehler in seiner vorherigen Zuordnung eines Kiefers zu diesem Biest und beschreibt ihn nun als separate Spezies.;;;;;;;;;;;x
dino_fake_1840_title_5;Динозавры?;;Dinosauria?;;;;;;;;;;;x
dino_fake_1840_5;Биолог Ричард Оуэн создает первые в натуральную величину бетонные скульптуры вымерших гигантских рептилий, окаменелости которых были обнаружены в Южной Африке и Новой Зеландии. Он называет их «динозаврами».;;Biologe Richard Owen erstellt erste lebensgrosse Skulpturen von ausgestorbenen, gigantischen Reptilien, deren Fossilien in Sudafrika und Neuseeland entdeckt wurden. Er nennt sie 'Dinosauria'.;;;;;;;;;;;x
dino_fake_1850_title_1;Динозавры в Америке;;Dinosaurier in Amerika;;;;;;;;;;;x
dino_fake_1850_1;Доктор Лейди описал двух новых динозавров из Америки, названных Trachodon и Deinodon. Также были обнаружены другие неопределенные лацертиды, названные Palaeoscincus и Troodon.;;Dr. Leidy beschrieb zwei neue Dinosaurier aus Amerika, namens Trachodon und Deinodon. Weitere untergeordnete Echsen namens Palaeoscincus und Troodon wurden ebenfalls entdeckt.;;;;;;;;;;;x
dino_fake_1850_title_2;Гадрозавр;;Hadrosaurus;;;;;;;;;;;x
dino_fake_1850_2;Этот новый динозавр, по-видимому, связан с игуанодоном. Доктор Лейди подозревает, что животное поддерживало себя в двуногой вертикальной позе.;;Dieser neue Dinosaurier scheint mit dem Iguanodon verwandt zu sein. Dr. Leidy vermutet bei dem Tier einen aufrechten Gang auf zwei Beinen.;;;;;;;;;;;x
dino_fake_1860_title_1;Компсогнат;;Compsognathus;;;;;;;;;;;x
dino_fake_1860_1;Был найден новый вид ящера, названный Compsognathus. Доктор Вагнер говорит, что ящерица чем-то напоминает нам птиц, но такое родство не может быть оправдано.;;Neue Saurierspezies entdeckt und Compsognathus getauft. Dr. Wagner sagt, die Echse erinnere fern an Vogel, doch ein solcher Bezug sei nicht erwiesen.;;;;;;;;;;;x
dino_fake_1860_title_2;Археоптерикс;;Archaeopteryx;;;;;;;;;;;x
dino_fake_1860_2;Было обнаружено прекрасно сохранившееся окаменелое перо, и доктор фон Майер назвал его археоптериксом, что означает древнее перо или крыло.;;Ein perfektes Fossil einer Feder wurde entdeckt und Dr. Wagner taufte sie Archaeopteryx, was fur eine altertumliche Feder oder einen Flugel steht.;;;;;;;;;;;x
dino_fake_1860_title_3;джонстони, астродон джонстони!;;johnstoni, Astrodon johnstoni!;;;;;;;;;;;x
dino_fake_1860_3;После того, как доктор Джонстон назвал некоторые зубы ящеров астродонами, доктор Лейди теперь дополняет название и дает им особый эпитет в его честь.;;Nachdem Dr. Johnston einige Saurierzahne als Astrodon bezeichnete, vollendet Dr. Leidy nun den Namen zu dessen Ehren mit diesem spezifischen Beinamen.;;;;;;;;;;;x
dino_fake_1860_title_4;Лаэлапс;;Laelaps;;;;;;;;;;;x
dino_fake_1860_4;Профессор Коуп объявляет об открытии ужасающего хищного гигантского динозавра, родственного мегалозавру и динодону.;;Professor Cope verkundet die Entdeckung eines furchterregenden, rauberischen, riesigen Dinosauriers, der mit Megalosaurus und Dinodon verwandt ist.;;;;;;;;;;;x
dino_fake_1860_title_5;Эласмозавр;;Elasmosaurus;;;;;;;;;;;x
dino_fake_1860_5;Э. Д. Коуп сообщает о новом эналиозавре, родственном плезиозавру, но с гораздо более длинным хвостом.;;E.D. Cope meldet einen neuen Enaliosaurus, der mit dem Plesiosaurus verwandt ist, aber einen viel langeren Schwanz hat.;;;;;;;;;;;x
dino_fake_1860_title_6;Археоптерикс;;Archaeopteryx;;;;;;;;;;;x
dino_fake_1860_6;В Баварии обнаружены окаменелости археоптерикса. Описанный как «первая птица» и «недостающее звено между динозаврами и птицами», он представляет собой доказательство, необходимое Дарвину для подтверждения его теории.;;Archaeopteryx-Fossilien in Bayern gefunden. Die 'ersten Vogel' bilden 'fehlende Verbindung zwischen Dinosauriern und Vogeln' und liefern den Beweis, den Darwin fur seine Theorie brauchte.;;;;;;;;;;;x
dino_fake_1860_title_7;Гипселозавр;;Hypselosaurus;;;;;;;;;;;x
dino_fake_1860_7;Г-н Матерон сообщает о позвонках и гигантских фрагментах яиц, предположительно, водного ящера, которого он называет Гипселозавром из бассейна Фюво.;;Mr. Matheron meldet Funde von Wirbelknochen und gigantischen Eifragmenten eines womoglich aquatischen Sauriers im Fuveau-Becken, den er Hypselosaurus taufte.;;;;;;;;;;;x
dino_fake_1870_title_1;ВОЙНА!;;KRIEG!;;;;;;;;;;;x
dino_fake_1870_1;После того, как доктор Марш открыто сообщил общественности об ошибке доктора Коупа, поместившего голову эласмозавра в его хвост, они стали заклятыми врагами, и началась жестокая научная конкуренция.;;Dr. Marshs Verofentlichung, dass Dr. Cope den Kopf des Elasmosaurus irrtumlich am Schwanzende anbrachte, machte sie zu Erzrivalen und ein erbitterter wissenschaftl. Wettstreit hat begonnen.;;;;;;;;;;;x
dino_fake_1870_title_2;Подробнее об археоптериксе;;Mehr zum Archaeopteryx;;;;;;;;;;;x
dino_fake_1870_2;Новые окаменелости примитивной птицы археоптерикса демонстрируют шокирующие черты рептилий, такие как когти и зубы. Эволюционисты придают этим открытиям большое значение и называют их недостающим звеном.;;Neue Fossilien des primitiven Vogels Archaeopteryx zeigen schockierende Reptilienmerkmale wie Klauen und Zahne. Evolutionisten reissen sich um die Entdeckung, sie sei ein fehlender Link.;;;;;;;;;;;x
dino_fake_1870_title_3;Безумие профессора Хаксли!;;Prof. Huxleys Wahnsinn!;;;;;;;;;;;x
dino_fake_1870_3;Многие известные палеонтологи опасаются за психическое состояние профессора Хаксли после того, как он выдвинул еще одно нелепое эволюционное утверждение: он утверждает, что рептилии, динозавры и птицы являются родственниками!;;Viele bekannte Palaontologen furchten um Prof. Huxleys Geisteszustand, nachdem er eine weitere lacherliche Evolutionstheorie vortrug: er sagt, reptilische Dinosaurier und Vogel sind verwandt!;;;;;;;;;;;x
dino_fake_1870_title_4;Стегозавр;;Stegosaurus;;;;;;;;;;;x
dino_fake_1870_4;На североамериканском западе был обнаружен новый вид странной и огромной черепахи. Профессор Марш назвал ее Stegosaurus, что означает «крышеванная ящерица».;;Eine neue Art einer merkwurdigen, gigantischen Schildkrote wurde im Westen Nordamerikas entdeckt. Prof. Marsh nennt sie Stegosaurus, was soviel wie uberdachte Eidechse heisst.;;;;;;;;;;;x
dino_fake_1870_title_5;Птеранодон;;Pteranodon;;;;;;;;;;;x
dino_fake_1870_5;Прорывное открытие О. К. Марша. Воздушные существа, окаменелости которых были найдены в Северной Америке, в отличие от других видов птерозавров, по-видимому, полностью лишены зубов.;;Bahnbrechende Entdeckung von O.C. Marsh. In Nordamerika gefundene Fossilien von fliegenden Kreaturen hatten, im Gegensatz zu anderen Pterosaurus-Arten, keine Zahne.;;;;;;;;;;;x
dino_fake_1870_title_6;Агатаумас;;Agathaumas;;;;;;;;;;;x
dino_fake_1870_6;В угольной формации в Вайоминге покоились «остовы одного из принцев среди гигантов», как описал Э. Д. Коуп то, что, несомненно, было самым крупным наземным животным, известным на сегодняшний день.;;Laut E.D. Cope liegt in einer Kohleformation in Wyoming 'das Wrack eines Prinzen unter den Giganten', zweifelsohne das bislang grosste, entdeckte Landtier.;;;;;;;;;;;x
dino_fake_1870_title_7;Работы в бассейне Бриджера;;Arbeiten in Bridger Basin;;;;;;;;;;;x
dino_fake_1870_7;Марш, Коуп и Лейди переносят свои раскопки в район бассейна Бриджер в Вайоминге. Их лагеря находятся всего в нескольких милях друг от друга, и, как сообщается, три ведущих палеонтолога никогда не разговаривают друг с другом.;;Marsh, Cope und Leidy verlagern Ausgrabungsarbeiten nach Bridger Basin, Wyoming. Trotz benachbarter Lager wechseln die drei fuhrenden Palaontologen kein Wort miteinander.;;;;;;;;;;;x
dino_fake_1870_title_8;Вотум недоверия;;Misstrauensvotum;;;;;;;;;;;x
dino_fake_1870_8;Профессор Марш ликует по поводу своего избрания в престижную Национальную академию наук. Сообщается, что профессор Коуп был единственным членом академии, который проголосовал «против».;;Professor Marsh erfreut uber seine Wahl in anerkannte Nationale Akademie der Wissenschaften. Laut Meldungen votierte Professor Cope als einziges Akademiemitglied mit 'Nein'.;;;;;;;;;;;x
dino_fake_1870_title_9;Гесперорнис;;Hesperornis;;;;;;;;;;;x
dino_fake_1870_9;Профессор Марш объявляет об открытии гесперорниса — высокого и почти бескрылого водного волюкрина, передвигающегося с помощью мощных задних ног и использующего свой зубастый клюв для захвата подводной добычи.;;Professor Marsh verkundet Entdeckung des Hesperornis, eine grosse, fast flugellose Seekreatur, mit kraftvollen Hinterlaufen und einem Schnabel mit Zahnen, fur die Beutejagd unter Wasser.;;;;;;;;;;;x
dino_fake_1870_title_10;Болото среди сиу;;Marsh bei den Sioux;;;;;;;;;;;x
dino_fake_1870_10;В своей самой смелой на сегодняшний день вылазке профессор Марш и его поместье пересекают территорию племени сиу, чтобы добраться до самых перспективных мест раскопок в Бедлендсе Уайт-Ривер в Южной Дакоте.;;Bei der bislang gewagtesten Exkursion dringen Prof. Marsh und sein Team in Gebiet der Sioux vor, um vielversprechende Ausgrabungsorte in den White River Badlands, South Dakota, zu erreichen.;;;;;;;;;;;x
dino_fake_1870_title_11;На лагерь Марша совершено нападение!;;Uberfall auf Marshs Lager!;;;;;;;;;;;x
dino_fake_1870_11;Сообщается, что OC Marsh и его группа едва избежали набега индейцев на их лагерь. Их поспешное отступление не помешало изъятию почти двух тонн выкопанных костей.;;Laut Meldungen entkamen O.C. Marsh und seine Gruppe nur knapp einem indianischen Raubzug gegen ihr Lager. Trotz ubereilter Flucht konnten fast 2 Tonnen ausgegrabener Knochen gesichert werden.;;;;;;;;;;;x
dino_fake_1870_title_12;Позвоночные в изобилии;;Wirbeltiere im Uberfluss;;;;;;;;;;;x
dino_fake_1870_12;Профессор Коуп сообщает о событиях в районе реки Сан-Хуан, где он обнаружил десятки новых видов позвоночных после возвращения из геологоразведочной экспедиции, к которой он был прикреплен.;;Prof. Cope berichtet nach seiner Ruckkehr von der geologischen Expedition, an der er teilgenommen hatte, von der Entdeckung dutzender, neuer Wirbeltierarten in der Gegend des San Juan-Flusses.;;;;;;;;;;;x
dino_fake_1870_title_13;Комо Блафф;;Como Bluff;;;;;;;;;;;x
dino_fake_1870_13;О. К. Марш сообщает, что двое его агентов обнаружили кости толщиной и длиной с бревна на раскопках в Комо-Блафф, штат Вайоминг. Диплодок и аллозавр среди многих недавно обнаруженных видов.;;O.C. Marsh meldet die Ausgrabung von Knochen, so dick und lang wie Baumstamme, durch zwei Mitarbeiter in Como Bluff, Wyoming. Neben Diplodocus und Allosaurus auch viele neue Arten.;;;;;;;;;;;x
dino_fake_1880_title_1;Бронтозавр?;;Brontosaurus?;;;;;;;;;;; x
dino_fake_1880_1;Выкопанный и собранный палеонтологом О.К. Маршем, на взгляд неопытного, бронтозавр подозрительно похож на уже известного апатозавра. Однако его череп совершенно другой.;;Der von Palaontologe O.C. Marsh ausgegrabene und zusammengesetzte Brontosaurus sieht dem bekannten Apatosaurus verdachtig ahnlich. Der Schadel ist jedoch komplett anders.;;;;;;;;;;;x
dino_fake_1880_title_2;Мошенничество с лошадьми?;;Pferde-Betrug?;;;;;;;;;;;x
dino_fake_1880_2;Э. Д. Коуп обвиняет О. К. Марша в краже исследований Ковалевски по генеалогии и эволюции лошади. «То, что в нем нового, неверно, то, что верно, не ново», — заключает он.;;E.D. Cope beschuldigt O.C. Marsh, Kowalevskys Forschungen zu Abstammung und Evolution der Pferde gestohlen zu haben. 'Die neuen Informationen sind falsch, die richtigen nicht neu', beklagt er.;;;;;;;;;;;x
dino_fake_1880_title_3;Остроумный ответ Марша;;Marsh kontert;;;;;;;;;;;x
dino_fake_1880_3;«Ковалевский, по крайней мере, был охвачен раскаянием и закончил свою неудачную карьеру, выстрелив себе в голову. Коуп до сих пор живет нераскаявшимся», — пишет О. К. Марш в ответ на нападки своего соперника.;;O.C. Marsh schrieb als Antwort auf die Attacken seiner Rivalen: 'Kowalevsky hat zumindest Gewissensbisse und beendete seine missliche Karriere mit einer Kugel. Cope lebt ohne Reue weiter.';;;;;;;;;;;x
dino_fake_1880_title_4;Библия Коупа;;Copes Bibel;;;;;;;;;;;x
dino_fake_1880_4;Профессор Э. Д. Коуп публикует труд всей своей жизни — «Позвоночные третичных формаций Запада», том объемом в тысячу страниц, предлагающий наиболее полное исследование этой темы.;;Prof. E.D. Cope veroffentlicht sein Lebenswerk – 'Wirbeltiere der Tertiar-Formationen im Westen', eine tausend Seiten umfassende, umfangreiche Untersuchung des Themas.;;;;;;;;;;;x
dino_fake_1880_title_5;Маршиана Коупа;;Copes Marshiana;;;;;;;;;;;x
dino_fake_1880_5;Коуп собирает обширную информацию о научных ошибках и неэтичных действиях Марша, опрашивая его бывших и нынешних сотрудников, чтобы использовать ее для подрыва научной репутации Марша.;;Cope sammelt umfangreiches Material zu Marshs wissenschaftlichen Fehlern und unethischen Praktiken durch Interviews mit fruheren und aktuellen Mitarbeitern, um Marshs Reputation zu ruinieren.;;;;;;;;;;;x
dino_fake_1880_title_6;Игуанодон, игуанодон повсюду!;;Iguanodons, uberall Iguanodons!;;;;;;;;;;;x
dino_fake_1880_6;В городе Берниссар было обнаружено огромное количество этих динозавров. Доктор Долло изучил их и пришел к выводу, что животное было двуногим, как и предполагал доктор Мантелл много лет назад.;;Enorme Anzahl dieser Dinosaurier in der Stadt Bernissart entdeckt. Dr. Dollo kommt in Studien zu dem Schluss, dass das Tier zweibeinig lief, wie Dr. Mantell vor einigen Jahren vermutete.;;;;;;;;;;;x
dino_fake_1880_title_7;Классификация динозавров;;Die Klassifizierung von Dinosauria;;;;;;;;;;;x
dino_fake_1880_7;После некоторых предыдущих классификаций профессор Сили предложил классифицировать динозавров по их тазу. Затем появляются две группы: Saurischia и Ornitischia.;;Nach vorhergehenden Klassifizierungen schlug Prof. Seeley nun vor, Dinosaurier aufgrund ihres Beckenbaus einzuordnen. Dies fuhrt zu zwei Gruppen: Saurischia und Ornitischia.;;;;;;;;;;;x
dino_fake_1880_title_8;Новости о стегозавре;;Neues vom Stegosaurus;;;;;;;;;;;x
dino_fake_1880_8;После того, как было найдено больше материала, подтверждающего существование стегозавра, профессор Марш теперь считает, что это животное представляет собой новый необычный вид динозавра.;;Mit dem Fund weiteren Materials glaubt Prof. Marsh nun, dass der Stegosaurus eine neue, ungewohnliche Dinosaurierart ist.;;;;;;;;;;;x
dino_fake_1880_title_9;Зауроподы;;Sauropoden;;;;;;;;;;;x
dino_fake_1880_9;Эта новая группа динозавров намного превосходит по размерам крупнейших известных наземных животных. Среди них атлантозавр, титанозавр, морозавр, апатозавр и диплодок.;;Diese neue Dinosaurier-Gruppe uberragt alle bekannten Landtiere bei Weitem in Korpergrosse. Atlantosaurus, Titanosaurus, Morosaurus, Apatosaurus und Diplodocus sind einige von ihnen.;;;;;;;;;;;x
dino_fake_1880_title_10;Цератопс;;Ceratops;;;;;;;;;;;x
dino_fake_1880_10;Новый вид рогатого динозавра был обнаружен профессором Маршем. Это животное показывает, что разнообразие этих больших ящеров больше, чем предполагалось.;;Neue Art gehornter Dinosaurier von Prof. Marsh entdeckt. Das Tier beweist, dass die Artenvielfalt dieser riesigen Saurier grosser ist als angenommen.;;;;;;;;;;;x
dino_fake_1880_title_11;Аллозавр;;Allosaurus;;;;;;;;;;;x
dino_fake_1880_11;Этот большой плотоядный динозавр, несомненно, вылез из какого-то кошмара. Череп с большими зубами ужасает, сообщает профессор Марш.;;Dieser grosse, fleischfressende Dinosaurier entsprang sicher einem Albtraum. Der Schadel mit seinen riesigen Zahnen ist angsteinflossend, sagt Prof. Marsh.;;;;;;;;;;;x
dino_fake_1880_title_12;Цератозавр;;Ceratosaurus;;;;;;;;;;;x
dino_fake_1880_12;По словам О.К. Марша, обнаружение анкилозированных (сросшихся) плюсневых костей динозавра цератозавра сближает птиц и динозавров.;;Die Entdeckung ankylosierter (verschmolzener) Mittelfussknochen eines Dinosauriers namens Ceratosaurus bringt Vogel und Dinosaurier, laut O.C. Marsh, naher zusammen.;;;;;;;;;;;x
dino_fake_1880_title_13;Целофизис;;Coelophysis;;;;;;;;;;;x
dino_fake_1880_13;Профессор Коуп сообщает о новом виде динозавров под названием Coelophysis, что означает «полая форма», что является характерной чертой костей динозавров.;;Prof. Cope meldete eine neue Dinosaurierspezies namens Coelophysis, was soviel wie “hohle Form” bedeutet, ein Charaktermerkmal von Dinosaurierknochen.;;;;;;;;;;;x
dino_fake_1880_title_14;Амфикоэлиас ломкий;;Amphicoelias fragillimus;;;;;;;;;;;x
dino_fake_1880_14;Профессор Коуп описал новый вид динозавра под названием Amphicoelias fragillimus. Размеры позвонка и бедренной кости настолько велики, что истинный размер зверя должен остаться неизвестным.;;Prof. Cope beschrieb eine neue Dinosaurierspezies namens Amphicoelias fragillimus. Wirbel- und Oberschenkelknochen sind so riesig, dass die wahre Grosse dieser Bestie nicht erahnt werden kann.;;;;;;;;;;;x
dino_fake_1880_title_15;Камаразавр;;Camarasaurus;;;;;;;;;;;x
dino_fake_1880_15;Этот крупный ящер, описанный Э. Д. Коупом, к счастью, был травоядным, что избавило наш разум от еще больших кошмаров.;;Dieses untersetzte Biest war laut Beschreibungen von E.D. Cope ein grosser Saurier. Glucklicherweise ein Pflanzenfresser, was uns weitere Albtraume erspart.;;;;;;;;;;;x 
dino_fake_1890_title_1;Трицератопс;;Triceratops;;;;;;;;;;;x
dino_fake_1890_1;О. К. Марш объявляет, что рогатый череп вида, который он ранее считал крупным и необычным млекопитающим плиоцена, похожим на бизона, на самом деле принадлежит динозавру, которого он называет трицератопсом.;;Laut O.C. Marsh gehort gehornter Schadel, den er erst einem grossen, ungewohnlichen Saugetier, ahnlich dem Bison, zuordnete, in Wirklichkeit zu einem von ihm Triceratops getauften Dinosaurier.;;;;;;;;;;;x
dino_fake_1890_title_2;Война ученых;;Krieg der Forscher;;;;;;;;;;;x
dino_fake_1890_2;Возмущенный попыткой правительства конфисковать его коллекцию костей, Коуп вдохновляет серию публикаций в «New York Herald», критикуя Марша и его политических союзников в Геологической службе США.;;Eine Reihe von Veroffentlichungen im 'New York Herald' attackieren Marsh und seine politischen Verbundeten im USGS, nach dem Versuch der Regierung, Copes Knochensammlung zu konfiszieren.;;;;;;;;;;;x
dino_fake_1890_title_3;Сокращение финансирования USGS;;USGS-Finanzierung gekurzt;;;;;;;;;;;x
dino_fake_1890_3;В свете недавних сообщений о нецелевом использовании средств и фаворитизме в Геологической службе США Конгресс сокращает финансирование агентства, расформировав офис главного палеонтолога.;;Nach Meldungen von Fordermittel-Missbrauch und Vetternwirtschaft in der United States Geological Survey, kurzt Kongress die Finanzierung der Behorde und schliesst Buro des Chef-Palaontologen.;;;;;;;;;;;x
dino_fake_1890_title_4;Торозавр;;Torosaurus;;;;;;;;;;;x
dino_fake_1890_4;Этот рогатый динозавр обладал одной из самых больших голов среди всех известных животных. Воротник этого вида невероятно удлинен, гораздо больше, чем у трицератопса.;;Dieser gehornte Dinosaurier besitzt einen der grossten Kopfe unter den bekannten Tieren. Die Nackenkrause dieser Spezies ist unglaublich lang gestreckt, weit mehr als beim Triceratops.;;;;;;;;;;;x
dino_fake_1900_title_1;Череп Копа;;Copes Schadel;;;;;;;;;;;x
dino_fake_1900_1;Сообщается, что после смерти Коуп пожертвовал свой череп науке, чтобы сравнить его с черепом Марша и разрешить конфликт, измерив интеллектуальные способности обоих соперников.;;Laut Berichten spendete Cope nach seinem Tod seinen Schadel der Wissenschaft, um mit Marshs Schadel durch Messung des Intellekts beider Rivalen verglichen zu werden und den Streit beizulegen.;;;;;;;;;;;x
dino_fake_1900_title_2;Череп Марша;;Marshs Schadel;;;;;;;;;;;x
dino_fake_1900_2;Марш отвергает последний вызов Коупа, отказываясь пожертвовать свой череп и желая отомстить, обрекает череп своего соперника на вечное хранение в ящике в Пенсильванском университете.;;Marsh verweigert sich Copes letzter Herausforderung. Er spendet seinen Schadel nicht und ubt Rache an seinem Rivalen, indem er Copes Schadel in einer Kiste in der Universitat von Pennsylvania lagern lasst.;;;;;;;;;;;x 
dino_fake_1920_title_1;Велоцираптор;;Velociraptor;;;;;;;;;;;x
dino_fake_1920_1;Новый вид, обнаруженный в Монголии Питером Кайсеном, считается умным стайным охотником. Можно было услышать, как г-н Кайсен называл найденный экземпляр «умной девочкой».;;Diese von Peter Kaisen in der Mongolei entdeckte, neue Spezies war scheinbar ein intelligenter Rudeljager. Mr. Kaisen wird mit den Worten 'ein cleveres Madel' zitiert.;;;;;;;;;;;x
dino_fake_1930_title_1;Ньясазавр;;Nyasasaurus;;;;;;;;;;;x
dino_fake_1930_1;Окаменелости Nyasasaurus, обнаруженные около озера Ньяса в Южной Танзании Фрэнсисом «Рексом» Паррингтоном. Останки крайне неполные, но, как утверждается, они предшествовали любому другому известному динозавру.;;Nyasasaurus-Fossilien am See Nyasa in Sud-Tansania von Francis 'Rex' Parrington entdeckt. Die Uberreste sind sehr unvollstandig, sollen aber alter als alle anderen bekannten Dinosaurier sein.;;;;;;;;;;;x 
KEYNAME;ТЕКСТ;;TEXT;;;;;;;;;x;;
