Metropolia_fall_title;Падение империи.;La Reforme paysanne;Die Bauernreform;;La reforma de los campesinos;;;;;;;;;;x
Metropolia_fall_desc; Захватите все основные провинции империи, и все колонии получат свободу.;Le systeme de servage, une main-d'њuvre privee de liberte rattachee aux terres d'un noble local, une forme d'esclavage feodal, a existe en Russie depuis la Rus' de Kiev du XIe siecle. Au fil du temps, ce systeme a fait l'objet de plusieurs reformes et evolutions, mais les premieres mesures d'abolition ne furent prises que dans les annees 1810, epoque a laquelle il fut aboli dans les domaines russes du Kurland, d'Estonie et de Livonie. Il fallut attendre la reforme agraire de 1861 pour voir l'abolition totale de ce systeme, sous le regne du tsar Alexandre II qui craignait, a l'epoque, un soulevement de la paysannerie russe.;Die Einfuhrung der Leibeigenschaft -- unfreie Landarbeit auf den Landereien eines lokalen Adligen, also eine Art feudaler Sklaverei -- hatte in Russland seit der Kiewer Rus im elften Jahrhundert in verschiedenen Formen existiert. Im Laufe der wurde die Leibeigenschaft mehreren Reformen und Veranderungen unterworfen, aber erste Schritte in Richtung einer vollstandigen Abschaffungen wurden erst in den 1810er Jahren unternommen, als die Leibeigenschaft in den russischen Domanen Kurland, Estland und Livland abgeschafft wurde. Im restlichen Russland wurde sie erst wahrend der Herrschaft von Zar Alexander II. im Zuge der Agrarreform von 1861 abgeschafft. Der Zar befurchtete damals, dass sich die russischen Bauern ansonsten ihre Freiheit durch eine offene Revolution holen wurden.;;La institucion de la servidumbre, que consiste en el trabajo en granjas vinculado a la tierra de un noble local, en la practica una forma de esclavitud feudal, habia existido bajo diversas formulas en Rusia desde la epoca de los rus de Kiev, en el siglo XI. A lo largo de las eras, la institucion habia experimentado varios cambios y reformas, pero los primeros pasos hacia su abolicion real no se dieron hasta la decada de 1810, cuando la institucion fue eliminada en los dominios rusos de Curlandia, Estonia y Livonia. El fin de la institucion no llego hasta la reforma agraria de 1861, durante el reinado del zar Alejandro II, que en ese momento temia que si no ocurria asi, el campesinado ruso buscaria su liberacion a traves de la revolucion abierta.;;;;;;;;;x;
Marionet_title;Сделать куклу.;La Reforme paysanne;Die Bauernreform;;La reforma de los campesinos;;;;;;;;;;x
Marionet_desc; Создать марионетку на землях врага.;Le systeme de servage, une main-d'њuvre privee de liberte rattachee aux terres d'un noble local, une forme d'esclavage feodal, a existe en Russie depuis la Rus' de Kiev du XIe siecle. Au fil du temps, ce systeme a fait l'objet de plusieurs reformes et evolutions, mais les premieres mesures d'abolition ne furent prises que dans les annees 1810, epoque a laquelle il fut aboli dans les domaines russes du Kurland, d'Estonie et de Livonie. Il fallut attendre la reforme agraire de 1861 pour voir l'abolition totale de ce systeme, sous le regne du tsar Alexandre II qui craignait, a l'epoque, un soulevement de la paysannerie russe.;Die Einfuhrung der Leibeigenschaft -- unfreie Landarbeit auf den Landereien eines lokalen Adligen, also eine Art feudaler Sklaverei -- hatte in Russland seit der Kiewer Rus im elften Jahrhundert in verschiedenen Formen existiert. Im Laufe der wurde die Leibeigenschaft mehreren Reformen und Veranderungen unterworfen, aber erste Schritte in Richtung einer vollstandigen Abschaffungen wurden erst in den 1810er Jahren unternommen, als die Leibeigenschaft in den russischen Domanen Kurland, Estland und Livland abgeschafft wurde. Im restlichen Russland wurde sie erst wahrend der Herrschaft von Zar Alexander II. im Zuge der Agrarreform von 1861 abgeschafft. Der Zar befurchtete damals, dass sich die russischen Bauern ansonsten ihre Freiheit durch eine offene Revolution holen wurden.;;La institucion de la servidumbre, que consiste en el trabajo en granjas vinculado a la tierra de un noble local, en la practica una forma de esclavitud feudal, habia existido bajo diversas formulas en Rusia desde la epoca de los rus de Kiev, en el siglo XI. A lo largo de las eras, la institucion habia experimentado varios cambios y reformas, pero los primeros pasos hacia su abolicion real no se dieron hasta la decada de 1810, cuando la institucion fue eliminada en los dominios rusos de Curlandia, Estonia y Livonia. El fin de la institucion no llego hasta la reforma agraria de 1861, durante el reinado del zar Alejandro II, que en ese momento temia que si no ocurria asi, el campesinado ruso buscaria su liberacion a traves de la revolucion abierta.;;;;;;;;;x;
deport_aliens_title;Депортировать иностранных граждан.;La Reforme paysanne;Die Bauernreform;;La reforma de los campesinos;;;;;;;;;;x
deport_aliens_desc; Мы не потерпим всех этих иностранных граждан на нашей земле!;Le systeme de servage, une main-d'њuvre privee de liberte rattachee aux terres d'un noble local, une forme d'esclavage feodal, a existe en Russie depuis la Rus' de Kiev du XIe siecle. Au fil du temps, ce systeme a fait l'objet de plusieurs reformes et evolutions, mais les premieres mesures d'abolition ne furent prises que dans les annees 1810, epoque a laquelle il fut aboli dans les domaines russes du Kurland, d'Estonie et de Livonie. Il fallut attendre la reforme agraire de 1861 pour voir l'abolition totale de ce systeme, sous le regne du tsar Alexandre II qui craignait, a l'epoque, un soulevement de la paysannerie russe.;Die Einfuhrung der Leibeigenschaft -- unfreie Landarbeit auf den Landereien eines lokalen Adligen, also eine Art feudaler Sklaverei -- hatte in Russland seit der Kiewer Rus im elften Jahrhundert in verschiedenen Formen existiert. Im Laufe der wurde die Leibeigenschaft mehreren Reformen und Veranderungen unterworfen, aber erste Schritte in Richtung einer vollstandigen Abschaffungen wurden erst in den 1810er Jahren unternommen, als die Leibeigenschaft in den russischen Domanen Kurland, Estland und Livland abgeschafft wurde. Im restlichen Russland wurde sie erst wahrend der Herrschaft von Zar Alexander II. im Zuge der Agrarreform von 1861 abgeschafft. Der Zar befurchtete damals, dass sich die russischen Bauern ansonsten ihre Freiheit durch eine offene Revolution holen wurden.;;La institucion de la servidumbre, que consiste en el trabajo en granjas vinculado a la tierra de un noble local, en la practica una forma de esclavitud feudal, habia existido bajo diversas formulas en Rusia desde la epoca de los rus de Kiev, en el siglo XI. A lo largo de las eras, la institucion habia experimentado varios cambios y reformas, pero los primeros pasos hacia su abolicion real no se dieron hasta la decada de 1810, cuando la institucion fue eliminada en los dominios rusos de Curlandia, Estonia y Livonia. El fin de la institucion no llego hasta la reforma agraria de 1861, durante el reinado del zar Alejandro II, que en ese momento temia que si no ocurria asi, el campesinado ruso buscaria su liberacion a traves de la revolucion abierta.;;;;;;;;;x;
stop_deportation_title;Остановить депортацию;La Reforme paysanne;Die Bauernreform;;La reforma de los campesinos;;;;;;;;;;x
stop_deportation_desc; Это была ужасная ошибка, мы любим всех людей нашей земли.;Le systeme de servage, une main-d'њuvre privee de liberte rattachee aux terres d'un noble local, une forme d'esclavage feodal, a existe en Russie depuis la Rus' de Kiev du XIe siecle. Au fil du temps, ce systeme a fait l'objet de plusieurs reformes et evolutions, mais les premieres mesures d'abolition ne furent prises que dans les annees 1810, epoque a laquelle il fut aboli dans les domaines russes du Kurland, d'Estonie et de Livonie. Il fallut attendre la reforme agraire de 1861 pour voir l'abolition totale de ce systeme, sous le regne du tsar Alexandre II qui craignait, a l'epoque, un soulevement de la paysannerie russe.;Die Einfuhrung der Leibeigenschaft -- unfreie Landarbeit auf den Landereien eines lokalen Adligen, also eine Art feudaler Sklaverei -- hatte in Russland seit der Kiewer Rus im elften Jahrhundert in verschiedenen Formen existiert. Im Laufe der wurde die Leibeigenschaft mehreren Reformen und Veranderungen unterworfen, aber erste Schritte in Richtung einer vollstandigen Abschaffungen wurden erst in den 1810er Jahren unternommen, als die Leibeigenschaft in den russischen Domanen Kurland, Estland und Livland abgeschafft wurde. Im restlichen Russland wurde sie erst wahrend der Herrschaft von Zar Alexander II. im Zuge der Agrarreform von 1861 abgeschafft. Der Zar befurchtete damals, dass sich die russischen Bauern ansonsten ihre Freiheit durch eine offene Revolution holen wurden.;;La institucion de la servidumbre, que consiste en el trabajo en granjas vinculado a la tierra de un noble local, en la practica una forma de esclavitud feudal, habia existido bajo diversas formulas en Rusia desde la epoca de los rus de Kiev, en el siglo XI. A lo largo de las eras, la institucion habia experimentado varios cambios y reformas, pero los primeros pasos hacia su abolicion real no se dieron hasta la decada de 1810, cuando la institucion fue eliminada en los dominios rusos de Curlandia, Estonia y Livonia. El fin de la institucion no llego hasta la reforma agraria de 1861, durante el reinado del zar Alejandro II, que en ese momento temia que si no ocurria asi, el campesinado ruso buscaria su liberacion a traves de la revolucion abierta.;;;;;;;;;x;
prohibit_emigration_title;Запретить эмиграцию;La Reforme paysanne;Die Bauernreform;;La reforma de los campesinos;;;;;;;;;;x
prohibit_emigration_desc; Ты, предатель, живешь здесь и работаешь на свое правительство!;Le systeme de servage, une main-d'њuvre privee de liberte rattachee aux terres d'un noble local, une forme d'esclavage feodal, a existe en Russie depuis la Rus' de Kiev du XIe siecle. Au fil du temps, ce systeme a fait l'objet de plusieurs reformes et evolutions, mais les premieres mesures d'abolition ne furent prises que dans les annees 1810, epoque a laquelle il fut aboli dans les domaines russes du Kurland, d'Estonie et de Livonie. Il fallut attendre la reforme agraire de 1861 pour voir l'abolition totale de ce systeme, sous le regne du tsar Alexandre II qui craignait, a l'epoque, un soulevement de la paysannerie russe.;Die Einfuhrung der Leibeigenschaft -- unfreie Landarbeit auf den Landereien eines lokalen Adligen, also eine Art feudaler Sklaverei -- hatte in Russland seit der Kiewer Rus im elften Jahrhundert in verschiedenen Formen existiert. Im Laufe der wurde die Leibeigenschaft mehreren Reformen und Veranderungen unterworfen, aber erste Schritte in Richtung einer vollstandigen Abschaffungen wurden erst in den 1810er Jahren unternommen, als die Leibeigenschaft in den russischen Domanen Kurland, Estland und Livland abgeschafft wurde. Im restlichen Russland wurde sie erst wahrend der Herrschaft von Zar Alexander II. im Zuge der Agrarreform von 1861 abgeschafft. Der Zar befurchtete damals, dass sich die russischen Bauern ansonsten ihre Freiheit durch eine offene Revolution holen wurden.;;La institucion de la servidumbre, que consiste en el trabajo en granjas vinculado a la tierra de un noble local, en la practica una forma de esclavitud feudal, habia existido bajo diversas formulas en Rusia desde la epoca de los rus de Kiev, en el siglo XI. A lo largo de las eras, la institucion habia experimentado varios cambios y reformas, pero los primeros pasos hacia su abolicion real no se dieron hasta la decada de 1810, cuando la institucion fue eliminada en los dominios rusos de Curlandia, Estonia y Livonia. El fin de la institucion no llego hasta la reforma agraria de 1861, durante el reinado del zar Alejandro II, que en ese momento temia que si no ocurria asi, el campesinado ruso buscaria su liberacion a traves de la revolucion abierta.;;;;;;;;;x;
legalize_emigration_title;Легализовать эмиграцию;La Reforme paysanne;Die Bauernreform;;La reforma de los campesinos;;;;;;;;;;x
legalize_emigration_desc; Ладно, иди, если хочешь.;Le systeme de servage, une main-d'њuvre privee de liberte rattachee aux terres d'un noble local, une forme d'esclavage feodal, a existe en Russie depuis la Rus' de Kiev du XIe siecle. Au fil du temps, ce systeme a fait l'objet de plusieurs reformes et evolutions, mais les premieres mesures d'abolition ne furent prises que dans les annees 1810, epoque a laquelle il fut aboli dans les domaines russes du Kurland, d'Estonie et de Livonie. Il fallut attendre la reforme agraire de 1861 pour voir l'abolition totale de ce systeme, sous le regne du tsar Alexandre II qui craignait, a l'epoque, un soulevement de la paysannerie russe.;Die Einfuhrung der Leibeigenschaft -- unfreie Landarbeit auf den Landereien eines lokalen Adligen, also eine Art feudaler Sklaverei -- hatte in Russland seit der Kiewer Rus im elften Jahrhundert in verschiedenen Formen existiert. Im Laufe der wurde die Leibeigenschaft mehreren Reformen und Veranderungen unterworfen, aber erste Schritte in Richtung einer vollstandigen Abschaffungen wurden erst in den 1810er Jahren unternommen, als die Leibeigenschaft in den russischen Domanen Kurland, Estland und Livland abgeschafft wurde. Im restlichen Russland wurde sie erst wahrend der Herrschaft von Zar Alexander II. im Zuge der Agrarreform von 1861 abgeschafft. Der Zar befurchtete damals, dass sich die russischen Bauern ansonsten ihre Freiheit durch eine offene Revolution holen wurden.;;La institucion de la servidumbre, que consiste en el trabajo en granjas vinculado a la tierra de un noble local, en la practica una forma de esclavitud feudal, habia existido bajo diversas formulas en Rusia desde la epoca de los rus de Kiev, en el siglo XI. A lo largo de las eras, la institucion habia experimentado varios cambios y reformas, pero los primeros pasos hacia su abolicion real no se dieron hasta la decada de 1810, cuando la institucion fue eliminada en los dominios rusos de Curlandia, Estonia y Livonia. El fin de la institucion no llego hasta la reforma agraria de 1861, durante el reinado del zar Alejandro II, que en ese momento temia que si no ocurria asi, el campesinado ruso buscaria su liberacion a traves de la revolucion abierta.;;;;;;;;;x;
Anshlus_title;Аншлюс!;La Reforme paysanne;Die Bauernreform;;La reforma de los campesinos;;;;;;;;;;x
Anshlus_desc; Готовясь к завоеванию мира, мы решили аннексировать все наши братские народы.;Le systeme de servage, une main-d'њuvre privee de liberte rattachee aux terres d'un noble local, une forme d'esclavage feodal, a existe en Russie depuis la Rus' de Kiev du XIe siecle. Au fil du temps, ce systeme a fait l'objet de plusieurs reformes et evolutions, mais les premieres mesures d'abolition ne furent prises que dans les annees 1810, epoque a laquelle il fut aboli dans les domaines russes du Kurland, d'Estonie et de Livonie. Il fallut attendre la reforme agraire de 1861 pour voir l'abolition totale de ce systeme, sous le regne du tsar Alexandre II qui craignait, a l'epoque, un soulevement de la paysannerie russe.;Die Einfuhrung der Leibeigenschaft -- unfreie Landarbeit auf den Landereien eines lokalen Adligen, also eine Art feudaler Sklaverei -- hatte in Russland seit der Kiewer Rus im elften Jahrhundert in verschiedenen Formen existiert. Im Laufe der wurde die Leibeigenschaft mehreren Reformen und Veranderungen unterworfen, aber erste Schritte in Richtung einer vollstandigen Abschaffungen wurden erst in den 1810er Jahren unternommen, als die Leibeigenschaft in den russischen Domanen Kurland, Estland und Livland abgeschafft wurde. Im restlichen Russland wurde sie erst wahrend der Herrschaft von Zar Alexander II. im Zuge der Agrarreform von 1861 abgeschafft. Der Zar befurchtete damals, dass sich die russischen Bauern ansonsten ihre Freiheit durch eine offene Revolution holen wurden.;;La institucion de la servidumbre, que consiste en el trabajo en granjas vinculado a la tierra de un noble local, en la practica una forma de esclavitud feudal, habia existido bajo diversas formulas en Rusia desde la epoca de los rus de Kiev, en el siglo XI. A lo largo de las eras, la institucion habia experimentado varios cambios y reformas, pero los primeros pasos hacia su abolicion real no se dieron hasta la decada de 1810, cuando la institucion fue eliminada en los dominios rusos de Curlandia, Estonia y Livonia. El fin de la institucion no llego hasta la reforma agraria de 1861, durante el reinado del zar Alejandro II, que en ese momento temia que si no ocurria asi, el campesinado ruso buscaria su liberacion a traves de la revolucion abierta.;;;;;;;;;x;
WorldWideRevlution_title;Мир СССР;La Reforme paysanne;Die Bauernreform;;La reforma de los campesinos;;;;;;;;;;x
WorldWideRevlution_desc; Мир СССР стал реальностью!;Le systeme de servage, une main-d'њuvre privee de liberte rattachee aux terres d'un noble local, une forme d'esclavage feodal, a existe en Russie depuis la Rus' de Kiev du XIe siecle. Au fil du temps, ce systeme a fait l'objet de plusieurs reformes et evolutions, mais les premieres mesures d'abolition ne furent prises que dans les annees 1810, epoque a laquelle il fut aboli dans les domaines russes du Kurland, d'Estonie et de Livonie. Il fallut attendre la reforme agraire de 1861 pour voir l'abolition totale de ce systeme, sous le regne du tsar Alexandre II qui craignait, a l'epoque, un soulevement de la paysannerie russe.;Die Einfuhrung der Leibeigenschaft -- unfreie Landarbeit auf den Landereien eines lokalen Adligen, also eine Art feudaler Sklaverei -- hatte in Russland seit der Kiewer Rus im elften Jahrhundert in verschiedenen Formen existiert. Im Laufe der wurde die Leibeigenschaft mehreren Reformen und Veranderungen unterworfen, aber erste Schritte in Richtung einer vollstandigen Abschaffungen wurden erst in den 1810er Jahren unternommen, als die Leibeigenschaft in den russischen Domanen Kurland, Estland und Livland abgeschafft wurde. Im restlichen Russland wurde sie erst wahrend der Herrschaft von Zar Alexander II. im Zuge der Agrarreform von 1861 abgeschafft. Der Zar befurchtete damals, dass sich die russischen Bauern ansonsten ihre Freiheit durch eine offene Revolution holen wurden.;;La institucion de la servidumbre, que consiste en el trabajo en granjas vinculado a la tierra de un noble local, en la practica una forma de esclavitud feudal, habia existido bajo diversas formulas en Rusia desde la epoca de los rus de Kiev, en el siglo XI. A lo largo de las eras, la institucion habia experimentado varios cambios y reformas, pero los primeros pasos hacia su abolicion real no se dieron hasta la decada de 1810, cuando la institucion fue eliminada en los dominios rusos de Curlandia, Estonia y Livonia. El fin de la institucion no llego hasta la reforma agraria de 1861, durante el reinado del zar Alejandro II, que en ese momento temia que si no ocurria asi, el campesinado ruso buscaria su liberacion a traves de la revolucion abierta.;;;;;;;;;x;
LetsDoKolhoz_title;Организовать колхоз;La Reforme paysanne;Die Bauernreform;;La reforma de los campesinos;;;;;;;;;;x
LetsDoKolhoz_desc; Все в колхоз! Да здравствует революция!;Le systeme de servage, une main-d'њuvre privee de liberte rattachee aux terres d'un noble local, une forme d'esclavage feodal, a existe en Russie depuis la Rus' de Kiev du XIe siecle. Au fil du temps, ce systeme a fait l'objet de plusieurs reformes et evolutions, mais les premieres mesures d'abolition ne furent prises que dans les annees 1810, epoque a laquelle il fut aboli dans les domaines russes du Kurland, d'Estonie et de Livonie. Il fallut attendre la reforme agraire de 1861 pour voir l'abolition totale de ce systeme, sous le regne du tsar Alexandre II qui craignait, a l'epoque, un soulevement de la paysannerie russe.;Die Einfuhrung der Leibeigenschaft -- unfreie Landarbeit auf den Landereien eines lokalen Adligen, also eine Art feudaler Sklaverei -- hatte in Russland seit der Kiewer Rus im elften Jahrhundert in verschiedenen Formen existiert. Im Laufe der wurde die Leibeigenschaft mehreren Reformen und Veranderungen unterworfen, aber erste Schritte in Richtung einer vollstandigen Abschaffungen wurden erst in den 1810er Jahren unternommen, als die Leibeigenschaft in den russischen Domanen Kurland, Estland und Livland abgeschafft wurde. Im restlichen Russland wurde sie erst wahrend der Herrschaft von Zar Alexander II. im Zuge der Agrarreform von 1861 abgeschafft. Der Zar befurchtete damals, dass sich die russischen Bauern ansonsten ihre Freiheit durch eine offene Revolution holen wurden.;;La institucion de la servidumbre, que consiste en el trabajo en granjas vinculado a la tierra de un noble local, en la practica una forma de esclavitud feudal, habia existido bajo diversas formulas en Rusia desde la epoca de los rus de Kiev, en el siglo XI. A lo largo de las eras, la institucion habia experimentado varios cambios y reformas, pero los primeros pasos hacia su abolicion real no se dieron hasta la decada de 1810, cuando la institucion fue eliminada en los dominios rusos de Curlandia, Estonia y Livonia. El fin de la institucion no llego hasta la reforma agraria de 1861, durante el reinado del zar Alejandro II, que en ese momento temia que si no ocurria asi, el campesinado ruso buscaria su liberacion a traves de la revolucion abierta.;;;;;;;;;x;
Enact_title; Бесплатная рабочая сила для государства;Le systeme de servage, une main-d'њuvre privee de liberte rattachee aux terres d'un noble local, une forme d'esclavage feodal, a existe en Russie depuis la Rus' de Kiev du XIe siecle. Au fil du temps, ce systeme a fait l'objet de plusieurs reformes et evolutions, mais les premieres mesures d'abolition ne furent prises que dans les annees 1810, epoque a laquelle il fut aboli dans les domaines russes du Kurland, d'Estonie et de Livonie. Il fallut attendre la reforme agraire de 1861 pour voir l'abolition totale de ce systeme, sous le regne du tsar Alexandre II qui craignait, a l'epoque, un soulevement de la paysannerie russe.;Die Einfuhrung der Leibeigenschaft -- unfreie Landarbeit auf den Landereien eines lokalen Adligen, also eine Art feudaler Sklaverei -- hatte in Russland seit der Kiewer Rus im elften Jahrhundert in verschiedenen Formen existiert. Im Laufe der wurde die Leibeigenschaft mehreren Reformen und Veranderungen unterworfen, aber erste Schritte in Richtung einer vollstandigen Abschaffungen wurden erst in den 1810er Jahren unternommen, als die Leibeigenschaft in den russischen Domanen Kurland, Estland und Livland abgeschafft wurde. Im restlichen Russland wurde sie erst wahrend der Herrschaft von Zar Alexander II. im Zuge der Agrarreform von 1861 abgeschafft. Der Zar befurchtete damals, dass sich die russischen Bauern ansonsten ihre Freiheit durch eine offene Revolution holen wurden.;;La institucion de la servidumbre, que consiste en el trabajo en granjas vinculado a la tierra de un noble local, en la practica una forma de esclavitud feudal, habia existido bajo diversas formulas en Rusia desde la epoca de los rus de Kiev, en el siglo XI. A lo largo de las eras, la institucion habia experimentado varios cambios y reformas, pero los primeros pasos hacia su abolicion real no se dieron hasta la decada de 1810, cuando la institucion fue eliminada en los dominios rusos de Curlandia, Estonia y Livonia. El fin de la institucion no llego hasta la reforma agraria de 1861, durante el reinado del zar Alejandro II, que en ese momento temia que si no ocurria asi, el campesinado ruso buscaria su liberacion a traves de la revolucion abierta.;;;;;;;;;x;
Enact_desc;Страна нуждается в том, чтобы вы работали бесплатно ради ее славы.;Le systeme de servage, une main-d'њuvre privee de liberte rattachee aux terres d'un noble local, une forme d'esclavage feodal, a existe en Russie depuis la Rus' de Kiev du XIe siecle. Au fil du temps, ce systeme a fait l'objet de plusieurs reformes et evolutions, mais les premieres mesures d'abolition ne furent prises que dans les annees 1810, epoque a laquelle il fut aboli dans les domaines russes du Kurland, d'Estonie et de Livonie. Il fallut attendre la reforme agraire de 1861 pour voir l'abolition totale de ce systeme, sous le regne du tsar Alexandre II qui craignait, a l'epoque, un soulevement de la paysannerie russe.;Die Einfuhrung der Leibeigenschaft -- unfreie Landarbeit auf den Landereien eines lokalen Adligen, also eine Art feudaler Sklaverei -- hatte in Russland seit der Kiewer Rus im elften Jahrhundert in verschiedenen Formen existiert. Im Laufe der wurde die Leibeigenschaft mehreren Reformen und Veranderungen unterworfen, aber erste Schritte in Richtung einer vollstandigen Abschaffungen wurden erst in den 1810er Jahren unternommen, als die Leibeigenschaft in den russischen Domanen Kurland, Estland und Livland abgeschafft wurde. Im restlichen Russland wurde sie erst wahrend der Herrschaft von Zar Alexander II. im Zuge der Agrarreform von 1861 abgeschafft. Der Zar befurchtete damals, dass sich die russischen Bauern ansonsten ihre Freiheit durch eine offene Revolution holen wurden.;;La institucion de la servidumbre, que consiste en el trabajo en granjas vinculado a la tierra de un noble local, en la practica una forma de esclavitud feudal, habia existido bajo diversas formulas en Rusia desde la epoca de los rus de Kiev, en el siglo XI. A lo largo de las eras, la institucion habia experimentado varios cambios y reformas, pero los primeros pasos hacia su abolicion real no se dieron hasta la decada de 1810, cuando la institucion fue eliminada en los dominios rusos de Curlandia, Estonia y Livonia. El fin de la institucion no llego hasta la reforma agraria de 1861, durante el reinado del zar Alejandro II, que en ese momento temia que si no ocurria asi, el campesinado ruso buscaria su liberacion a traves de la revolucion abierta.;;;;;;;;;x;
provocate_comi_title;Спровоцируйте коммунистический мятеж!;La Reforme paysanne;Die Bauernreform;;La reforma de los campesinos;;;;;;;;;;x
provocate_comi_desc; Спровоцировать коммунистическое восстание во вражеской стране. Как выбрать страну для провокации? Будет выбрана некоммунистическая страна с отношением ниже -190. Измените отношения, чтобы выбрать нужную страну.;Le systeme de servage, une main-d'њuvre privee de liberte rattachee aux terres d'un noble local, une forme d'esclavage feodal, a existe en Russie depuis la Rus' de Kiev du XIe siecle. Au fil du temps, ce systeme a fait l'objet de plusieurs reformes et evolutions, mais les premieres mesures d'abolition ne furent prises que dans les annees 1810, epoque a laquelle il fut aboli dans les domaines russes du Kurland, d'Estonie et de Livonie. Il fallut attendre la reforme agraire de 1861 pour voir l'abolition totale de ce systeme, sous le regne du tsar Alexandre II qui craignait, a l'epoque, un soulevement de la paysannerie russe.;Die Einfuhrung der Leibeigenschaft -- unfreie Landarbeit auf den Landereien eines lokalen Adligen, also eine Art feudaler Sklaverei -- hatte in Russland seit der Kiewer Rus im elften Jahrhundert in verschiedenen Formen existiert. Im Laufe der wurde die Leibeigenschaft mehreren Reformen und Veranderungen unterworfen, aber erste Schritte in Richtung einer vollstandigen Abschaffungen wurden erst in den 1810er Jahren unternommen, als die Leibeigenschaft in den russischen Domanen Kurland, Estland und Livland abgeschafft wurde. Im restlichen Russland wurde sie erst wahrend der Herrschaft von Zar Alexander II. im Zuge der Agrarreform von 1861 abgeschafft. Der Zar befurchtete damals, dass sich die russischen Bauern ansonsten ihre Freiheit durch eine offene Revolution holen wurden.;;La institucion de la servidumbre, que consiste en el trabajo en granjas vinculado a la tierra de un noble local, en la practica una forma de esclavitud feudal, habia existido bajo diversas formulas en Rusia desde la epoca de los rus de Kiev, en el siglo XI. A lo largo de las eras, la institucion habia experimentado varios cambios y reformas, pero los primeros pasos hacia su abolicion real no se dieron hasta la decada de 1810, cuando la institucion fue eliminada en los dominios rusos de Curlandia, Estonia y Livonia. El fin de la institucion no llego hasta la reforma agraria de 1861, durante el reinado del zar Alejandro II, que en ese momento temia que si no ocurria asi, el campesinado ruso buscaria su liberacion a traves de la revolucion abierta.;;;;;;;;;x;
provocate_liberals_title;Спровоцируйте либеральный бунт!;La Reforme paysanne;Die Bauernreform;;La reforma de los campesinos;;;;;;;;;;x
provocate_liberals_desc; Спровоцировать либеральное восстание во вражеской коммунистической стране. Как выбрать страну для провокации? Будет выбрана коммунистическая страна с отношением ниже -190. Измените отношения, чтобы выбрать нужную страну.;Le systeme de servage, une main-d'њuvre privee de liberte rattachee aux terres d'un noble local, une forme d'esclavage feodal, a existe en Russie depuis la Rus' de Kiev du XIe siecle. Au fil du temps, ce systeme a fait l'objet de plusieurs reformes et evolutions, mais les premieres mesures d'abolition ne furent prises que dans les annees 1810, epoque a laquelle il fut aboli dans les domaines russes du Kurland, d'Estonie et de Livonie. Il fallut attendre la reforme agraire de 1861 pour voir l'abolition totale de ce systeme, sous le regne du tsar Alexandre II qui craignait, a l'epoque, un soulevement de la paysannerie russe.;Die Einfuhrung der Leibeigenschaft -- unfreie Landarbeit auf den Landereien eines lokalen Adligen, also eine Art feudaler Sklaverei -- hatte in Russland seit der Kiewer Rus im elften Jahrhundert in verschiedenen Formen existiert. Im Laufe der wurde die Leibeigenschaft mehreren Reformen und Veranderungen unterworfen, aber erste Schritte in Richtung einer vollstandigen Abschaffungen wurden erst in den 1810er Jahren unternommen, als die Leibeigenschaft in den russischen Domanen Kurland, Estland und Livland abgeschafft wurde. Im restlichen Russland wurde sie erst wahrend der Herrschaft von Zar Alexander II. im Zuge der Agrarreform von 1861 abgeschafft. Der Zar befurchtete damals, dass sich die russischen Bauern ansonsten ihre Freiheit durch eine offene Revolution holen wurden.;;La institucion de la servidumbre, que consiste en el trabajo en granjas vinculado a la tierra de un noble local, en la practica una forma de esclavitud feudal, habia existido bajo diversas formulas en Rusia desde la epoca de los rus de Kiev, en el siglo XI. A lo largo de las eras, la institucion habia experimentado varios cambios y reformas, pero los primeros pasos hacia su abolicion real no se dieron hasta la decada de 1810, cuando la institucion fue eliminada en los dominios rusos de Curlandia, Estonia y Livonia. El fin de la institucion no llego hasta la reforma agraria de 1861, durante el reinado del zar Alejandro II, que en ese momento temia que si no ocurria asi, el campesinado ruso buscaria su liberacion a traves de la revolucion abierta.;;;;;;;;;x;
ExcludeFromSOI_title;Исключить из вашего SOI.;La Reforme paysanne;Die Bauernreform;;La reforma de los campesinos;;;;;;;;;;x
ExcludeFromSOI_desc;Исключить страну из сферы своего влияния. Как выбрать страну для исключения? Будет выбрана страна с отношением ниже -190. Измените отношения, чтобы выбрать нужную страну.;Le systeme de servage, une main-d'њuvre privee de liberte rattachee aux terres d'un noble local, une forme d'esclavage feodal, a existe en Russie depuis la Rus' de Kiev du XIe siecle. Au fil du temps, ce systeme a fait l'objet de plusieurs reformes et evolutions, mais les premieres mesures d'abolition ne furent prises que dans les annees 1810, epoque a laquelle il fut aboli dans les domaines russes du Kurland, d'Estonie et de Livonie. Il fallut attendre la reforme agraire de 1861 pour voir l'abolition totale de ce systeme, sous le regne du tsar Alexandre II qui craignait, a l'epoque, un soulevement de la paysannerie russe.;Die Einfuhrung der Leibeigenschaft -- unfreie Landarbeit auf den Landereien eines lokalen Adligen, also eine Art feudaler Sklaverei -- hatte in Russland seit der Kiewer Rus im elften Jahrhundert in verschiedenen Formen existiert. Im Laufe der wurde die Leibeigenschaft mehreren Reformen und Veranderungen unterworfen, aber erste Schritte in Richtung einer vollstandigen Abschaffungen wurden erst in den 1810er Jahren unternommen, als die Leibeigenschaft in den russischen Domanen Kurland, Estland und Livland abgeschafft wurde. Im restlichen Russland wurde sie erst wahrend der Herrschaft von Zar Alexander II. im Zuge der Agrarreform von 1861 abgeschafft. Der Zar befurchtete damals, dass sich die russischen Bauern ansonsten ihre Freiheit durch eine offene Revolution holen wurden.;;La institucion de la servidumbre, que consiste en el trabajo en granjas vinculado a la tierra de un noble local, en la practica una forma de esclavitud feudal, habia existido bajo diversas formulas en Rusia desde la epoca de los rus de Kiev, en el siglo XI. A lo largo de las eras, la institucion habia experimentado varios cambios y reformas, pero los primeros pasos hacia su abolicion real no se dieron hasta la decada de 1810, cuando la institucion fue eliminada en los dominios rusos de Curlandia, Estonia y Livonia. El fin de la institucion no llego hasta la reforma agraria de 1861, durante el reinado del zar Alejandro II, que en ese momento temia que si no ocurria asi, el campesinado ruso buscaria su liberacion a traves de la revolucion abierta.;;;;;;;;;x;
FreeVassal_title;Освободи своего вассала.;La Reforme paysanne;Die Bauernreform;;La reforma de los campesinos;;;;;;;;;;x
FreeVassal_desc;Освободите своего вассала или субгосударство. Как выбрать вассала для освобождения? Вассал или субгосударство с отношением ниже -190 будет выбрано. Измените отношения, чтобы выбрать нужную страну.;Le systeme de servage, une main-d'њuvre privee de liberte rattachee aux terres d'un noble local, une forme d'esclavage feodal, a existe en Russie depuis la Rus' de Kiev du XIe siecle. Au fil du temps, ce systeme a fait l'objet de plusieurs reformes et evolutions, mais les premieres mesures d'abolition ne furent prises que dans les annees 1810, epoque a laquelle il fut aboli dans les domaines russes du Kurland, d'Estonie et de Livonie. Il fallut attendre la reforme agraire de 1861 pour voir l'abolition totale de ce systeme, sous le regne du tsar Alexandre II qui craignait, a l'epoque, un soulevement de la paysannerie russe.;Die Einfuhrung der Leibeigenschaft -- unfreie Landarbeit auf den Landereien eines lokalen Adligen, also eine Art feudaler Sklaverei -- hatte in Russland seit der Kiewer Rus im elften Jahrhundert in verschiedenen Formen existiert. Im Laufe der wurde die Leibeigenschaft mehreren Reformen und Veranderungen unterworfen, aber erste Schritte in Richtung einer vollstandigen Abschaffungen wurden erst in den 1810er Jahren unternommen, als die Leibeigenschaft in den russischen Domanen Kurland, Estland und Livland abgeschafft wurde. Im restlichen Russland wurde sie erst wahrend der Herrschaft von Zar Alexander II. im Zuge der Agrarreform von 1861 abgeschafft. Der Zar befurchtete damals, dass sich die russischen Bauern ansonsten ihre Freiheit durch eine offene Revolution holen wurden.;;La institucion de la servidumbre, que consiste en el trabajo en granjas vinculado a la tierra de un noble local, en la practica una forma de esclavitud feudal, habia existido bajo diversas formulas en Rusia desde la epoca de los rus de Kiev, en el siglo XI. A lo largo de las eras, la institucion habia experimentado varios cambios y reformas, pero los primeros pasos hacia su abolicion real no se dieron hasta la decada de 1810, cuando la institucion fue eliminada en los dominios rusos de Curlandia, Estonia y Livonia. El fin de la institucion no llego hasta la reforma agraria de 1861, durante el reinado del zar Alejandro II, que en ese momento temia que si no ocurria asi, el campesinado ruso buscaria su liberacion a traves de la revolucion abierta.;;;;;;;;;x;
DestroyEnemyIndystry_title;Уничтожить промышленность противника.;La Reforme paysanne;Die Bauernreform;;La reforma de los campesinos;;;;;;;;;;x
DestroyEnemyIndystry_desc; Уничтожить вражескую промышленность на оккупированных территориях.;Le systeme de servage, une main-d'њuvre privee de liberte rattachee aux terres d'un noble local, une forme d'esclavage feodal, a existe en Russie depuis la Rus' de Kiev du XIe siecle. Au fil du temps, ce systeme a fait l'objet de plusieurs reformes et evolutions, mais les premieres mesures d'abolition ne furent prises que dans les annees 1810, epoque a laquelle il fut aboli dans les domaines russes du Kurland, d'Estonie et de Livonie. Il fallut attendre la reforme agraire de 1861 pour voir l'abolition totale de ce systeme, sous le regne du tsar Alexandre II qui craignait, a l'epoque, un soulevement de la paysannerie russe.;Die Einfuhrung der Leibeigenschaft -- unfreie Landarbeit auf den Landereien eines lokalen Adligen, also eine Art feudaler Sklaverei -- hatte in Russland seit der Kiewer Rus im elften Jahrhundert in verschiedenen Formen existiert. Im Laufe der wurde die Leibeigenschaft mehreren Reformen und Veranderungen unterworfen, aber erste Schritte in Richtung einer vollstandigen Abschaffungen wurden erst in den 1810er Jahren unternommen, als die Leibeigenschaft in den russischen Domanen Kurland, Estland und Livland abgeschafft wurde. Im restlichen Russland wurde sie erst wahrend der Herrschaft von Zar Alexander II. im Zuge der Agrarreform von 1861 abgeschafft. Der Zar befurchtete damals, dass sich die russischen Bauern ansonsten ihre Freiheit durch eine offene Revolution holen wurden.;;La institucion de la servidumbre, que consiste en el trabajo en granjas vinculado a la tierra de un noble local, en la practica una forma de esclavitud feudal, habia existido bajo diversas formulas en Rusia desde la epoca de los rus de Kiev, en el siglo XI. A lo largo de las eras, la institucion habia experimentado varios cambios y reformas, pero los primeros pasos hacia su abolicion real no se dieron hasta la decada de 1810, cuando la institucion fue eliminada en los dominios rusos de Curlandia, Estonia y Livonia. El fin de la institucion no llego hasta la reforma agraria de 1861, durante el reinado del zar Alejandro II, que en ese momento temia que si no ocurria asi, el campesinado ruso buscaria su liberacion a traves de la revolucion abierta.;;;;;;;;;x;
comi_coup_title;Коммунистический переворот.;La Reforme paysanne;Die Bauernreform;;La reforma de los campesinos;;;;;;;;;;x
comi_coup_desc; Организуйте прокоммунистический военный переворот. Подготовьте сильную армию для борьбы с разозленными гражданами. Это будет трудно.;Le systeme de servage, une main-d'њuvre privee de liberte rattachee aux terres d'un noble local, une forme d'esclavage feodal, a existe en Russie depuis la Rus' de Kiev du XIe siecle. Au fil du temps, ce systeme a fait l'objet de plusieurs reformes et evolutions, mais les premieres mesures d'abolition ne furent prises que dans les annees 1810, epoque a laquelle il fut aboli dans les domaines russes du Kurland, d'Estonie et de Livonie. Il fallut attendre la reforme agraire de 1861 pour voir l'abolition totale de ce systeme, sous le regne du tsar Alexandre II qui craignait, a l'epoque, un soulevement de la paysannerie russe.;Die Einfuhrung der Leibeigenschaft -- unfreie Landarbeit auf den Landereien eines lokalen Adligen, also eine Art feudaler Sklaverei -- hatte in Russland seit der Kiewer Rus im elften Jahrhundert in verschiedenen Formen existiert. Im Laufe der wurde die Leibeigenschaft mehreren Reformen und Veranderungen unterworfen, aber erste Schritte in Richtung einer vollstandigen Abschaffungen wurden erst in den 1810er Jahren unternommen, als die Leibeigenschaft in den russischen Domanen Kurland, Estland und Livland abgeschafft wurde. Im restlichen Russland wurde sie erst wahrend der Herrschaft von Zar Alexander II. im Zuge der Agrarreform von 1861 abgeschafft. Der Zar befurchtete damals, dass sich die russischen Bauern ansonsten ihre Freiheit durch eine offene Revolution holen wurden.;;La institucion de la servidumbre, que consiste en el trabajo en granjas vinculado a la tierra de un noble local, en la practica una forma de esclavitud feudal, habia existido bajo diversas formulas en Rusia desde la epoca de los rus de Kiev, en el siglo XI. A lo largo de las eras, la institucion habia experimentado varios cambios y reformas, pero los primeros pasos hacia su abolicion real no se dieron hasta la decada de 1810, cuando la institucion fue eliminada en los dominios rusos de Curlandia, Estonia y Livonia. El fin de la institucion no llego hasta la reforma agraria de 1861, durante el reinado del zar Alejandro II, que en ese momento temia que si no ocurria asi, el campesinado ruso buscaria su liberacion a traves de la revolucion abierta.;;;;;;;;;x;
fashi_coup_title;Фашистский переворот.;La Reforme paysanne;Die Bauernreform;;La reforma de los campesinos;;;;;;;;;;x
fashi_coup_desc; Организуйте профашистский военный переворот. Подготовьте сильную армию для борьбы с разозленными гражданами. Будет очень жарко.;Le systeme de servage, une main-d'њuvre privee de liberte rattachee aux terres d'un noble local, une forme d'esclavage feodal, a existe en Russie depuis la Rus' de Kiev du XIe siecle. Au fil du temps, ce systeme a fait l'objet de plusieurs reformes et evolutions, mais les premieres mesures d'abolition ne furent prises que dans les annees 1810, epoque a laquelle il fut aboli dans les domaines russes du Kurland, d'Estonie et de Livonie. Il fallut attendre la reforme agraire de 1861 pour voir l'abolition totale de ce systeme, sous le regne du tsar Alexandre II qui craignait, a l'epoque, un soulevement de la paysannerie russe.;Die Einfuhrung der Leibeigenschaft -- unfreie Landarbeit auf den Landereien eines lokalen Adligen, also eine Art feudaler Sklaverei -- hatte in Russland seit der Kiewer Rus im elften Jahrhundert in verschiedenen Formen existiert. Im Laufe der wurde die Leibeigenschaft mehreren Reformen und Veranderungen unterworfen, aber erste Schritte in Richtung einer vollstandigen Abschaffungen wurden erst in den 1810er Jahren unternommen, als die Leibeigenschaft in den russischen Domanen Kurland, Estland und Livland abgeschafft wurde. Im restlichen Russland wurde sie erst wahrend der Herrschaft von Zar Alexander II. im Zuge der Agrarreform von 1861 abgeschafft. Der Zar befurchtete damals, dass sich die russischen Bauern ansonsten ihre Freiheit durch eine offene Revolution holen wurden.;;La institucion de la servidumbre, que consiste en el trabajo en granjas vinculado a la tierra de un noble local, en la practica una forma de esclavitud feudal, habia existido bajo diversas formulas en Rusia desde la epoca de los rus de Kiev, en el siglo XI. A lo largo de las eras, la institucion habia experimentado varios cambios y reformas, pero los primeros pasos hacia su abolicion real no se dieron hasta la decada de 1810, cuando la institucion fue eliminada en los dominios rusos de Curlandia, Estonia y Livonia. El fin de la institucion no llego hasta la reforma agraria de 1861, durante el reinado del zar Alejandro II, que en ese momento temia que si no ocurria asi, el campesinado ruso buscaria su liberacion a traves de la revolucion abierta.;;;;;;;;;x;
DemandPassage_title;Требуйте прохода для наших армий.;La Reforme paysanne;Die Bauernreform;;La reforma de los campesinos;;;;;;;;;;x
DemandPassage_desc; Требуйте прохода от какой-либо страны. Как выбрать страну для требования? Будет выбрана страна с отношением ниже -190. Измените отношения, чтобы выбрать нужную страну. Если они откажутся от нашего предложения, мы получим военный CB.;Le systeme de servage, une main-d'њuvre privee de liberte rattachee aux terres d'un noble local, une forme d'esclavage feodal, a existe en Russie depuis la Rus' de Kiev du XIe siecle. Au fil du temps, ce systeme a fait l'objet de plusieurs reformes et evolutions, mais les premieres mesures d'abolition ne furent prises que dans les annees 1810, epoque a laquelle il fut aboli dans les domaines russes du Kurland, d'Estonie et de Livonie. Il fallut attendre la reforme agraire de 1861 pour voir l'abolition totale de ce systeme, sous le regne du tsar Alexandre II qui craignait, a l'epoque, un soulevement de la paysannerie russe.;Die Einfuhrung der Leibeigenschaft -- unfreie Landarbeit auf den Landereien eines lokalen Adligen, also eine Art feudaler Sklaverei -- hatte in Russland seit der Kiewer Rus im elften Jahrhundert in verschiedenen Formen existiert. Im Laufe der wurde die Leibeigenschaft mehreren Reformen und Veranderungen unterworfen, aber erste Schritte in Richtung einer vollstandigen Abschaffungen wurden erst in den 1810er Jahren unternommen, als die Leibeigenschaft in den russischen Domanen Kurland, Estland und Livland abgeschafft wurde. Im restlichen Russland wurde sie erst wahrend der Herrschaft von Zar Alexander II. im Zuge der Agrarreform von 1861 abgeschafft. Der Zar befurchtete damals, dass sich die russischen Bauern ansonsten ihre Freiheit durch eine offene Revolution holen wurden.;;La institucion de la servidumbre, que consiste en el trabajo en granjas vinculado a la tierra de un noble local, en la practica una forma de esclavitud feudal, habia existido bajo diversas formulas en Rusia desde la epoca de los rus de Kiev, en el siglo XI. A lo largo de las eras, la institucion habia experimentado varios cambios y reformas, pero los primeros pasos hacia su abolicion real no se dieron hasta la decada de 1810, cuando la institucion fue eliminada en los dominios rusos de Curlandia, Estonia y Livonia. El fin de la institucion no llego hasta la reforma agraria de 1861, durante el reinado del zar Alejandro II, que en ese momento temia que si no ocurria asi, el campesinado ruso buscaria su liberacion a traves de la revolucion abierta.;;;;;;;;;x;
BLR;Белоруссия;OK;OK;OK;Aceptar;OK;Rendben;OK;;;;;;x;
BLR_ADJ;Белорусский;OK;OK;OK;Aceptar;OK;Rendben;OK;;;;;;x;
EVTNAME999981;Системное событие. Рекомендую отключить всплывающие окна незначительных событий в настройках сообщений.;OK;OK;OK;Aceptar;OK;Rendben;OK;;;;;;x;
EVTDESC999981;Проверяет вопросы рабства.;OK;OK;OK;Aceptar;OK;Rendben;OK;;;;;;x;
EVTNAME999982;Конец века $FROMCOUNTRY_ADJ$.;OK;OK;OK;Aceptar;OK;Rendben;OK;;;;;;x;
EVTDESC999982;$FROMCOUNTRY$ прекращает свое существование.;OK;OK;OK;Aceptar;OK;Rendben;OK;;;;;;x;
EVTNAME999983;Колонии $FROMCOUNTRY_ADJ$ вырастут.;OK;OK;OK;Aceptar;OK;Rendben;OK;;;;;;x;
EVTDESC999983;Поскольку $FROMCOUNTRY$ была оккупирована, все колонии $FROMCOUNTRY_ADJ$ восстанут.;OK;OK;OK;Aceptar;OK;Rendben;OK;;;;;;x;
EVTNAME999984;Конец Империи.;OK;OK;OK;Aceptar;OK;Rendben;OK;;;;;;x;
EVTDESC999984;$FROMCOUNTRY$ решила покончить с нашей Империей.;OK;OK;OK;Aceptar;OK;Rendben;OK;;;;;;x;
EVTNAME999985;Бесплатные куклы.;OK;OK;OK;Aceptar;OK;Rendben;OK;;;;;;x;
EVTDESC999985; $FROMCOUNTRY$ решили освободить марионеток на нашей земле. Они за это заплатят!;OK;OK;OK;Aceptar;OK;Rendben;OK;;;;;;x;
EVTNAME999986;Свободная страна.;OK;OK;OK;Aceptar;OK;Rendben;OK;;;;;;x;
EVTDESC999986; Если все пойдет хорошо, $COUNTRY$ обретет свободу.;OK;OK;OK;Aceptar;OK;Rendben;OK;;;;;;x;
EVTNAME999989;Общая инициализация.;OK;OK;OK;Aceptar;OK;Rendben;OK;;;;;;x;
EVTDESC999989;Только это;OK;OK;OK;Aceptar;OK;Rendben;OK;;;;;;x;
EVTNAME999990;Правительство $COUNTRY_ADJ$ падает.;OK;OK;OK;Aceptar;OK;Rendben;OK;;;;;;x;
EVTDESC999990;В связи с недавним поражением $COUNTRY$ присоединится к КОМИНТЕРНУ.;OK;OK;OK;Aceptar;OK;Rendben;OK;;;;;;x;
EVTNAME999991;$FROMCOUNTRY$ рухнул.;OK;OK;OK;Aceptar;OK;Rendben;OK;;;;;;x;
EVTDESC999991;Оккупационное правительство $FROMCOUNTRY$ решило дать свободу порабощенным людям и создать новое правительство свободной $FROMCOUNTRY$.;OK;OK;OK;Aceptar;OK;Rendben;OK;;;;;;x;
EVTNAME999992;$FROMCOUNTRY$ свободный SOI.;OK;OK;OK;Aceptar;OK;Rendben;OK;;;;;;x;
EVTDESC999992;Из-за падения правительства в $FROMCOUNTRY$ их SOI больше не существует.;OK;OK;OK;Aceptar;OK;Rendben;OK;;;;;;x;
EVTNAME999993;$FROMCOUNTRY$ освободите всех кукол.;OK;OK;OK;Aceptar;OK;Rendben;OK;;;;;;x;
EVTDESC999993;Из-за падения правительства в $FROMCOUNTRY$ их марионетки получили свободу.;OK;OK;OK;Aceptar;OK;Rendben;OK;;;;;;x;
EVTNAME999994;$COUNTRY_ADJ$ коммунистическое падение.;OK;OK;OK;Aceptar;OK;Rendben;OK;;;;;;x;
EVTDESC999994;Оккупационное правительство $СТРАНЫ$ установило новое правительство свободной $СТРАНЫ$. Коммунизм никогда не был работой.;OK;OK;OK;Aceptar;OK;Rendben;OK;;;;;;x;
EVTNAME999995;$COUNTRY_ADJ$ коммунизм падает.;OK;OK;OK;Aceptar;OK;Rendben;OK;;;;;;x;
EVTDESC999995; Из-за недавнего поражения $COUNTRY_ADJ$ коммунисты были изгнаны и здесь будет править оккупационное правительство. Коммунизм никогда не был работой.;OK;OK;OK;Aceptar;OK;Rendben;OK;;;;;;x;
EVTNAME999996;$COUNTRY_ADJ$ фашизм падает.;OK;OK;OK;Aceptar;OK;Rendben;OK;;;;;;x;
EVTDESC999996;Из-за недавнего поражения $COUNTRY_ADJ$ фашисты были изгнаны и здесь будет править оккупационное правительство. Нацизм - это такая плохая вещь.;OK;OK;OK;Aceptar;OK;Rendben;OK;;;;;;x;
EVTNAME999997;$FROMCOUNTRY_ADJ$ восстание.;OK;OK;OK;Aceptar;OK;Rendben;OK;;;;;;x;
EVTDESC999997;§Y$COUNTRY$§W давайте создадим союз;OK;OK;OK;Aceptar;OK;Rendben;OK;;;;;;x;
EVTNAME999998;тест.;OK;OK;OK;Aceptar;OK;Rendben;OK;;;;;;x;
EVTDESC999998;Хорошо;OK;OK;OK;Aceptar;OK;Rendben;OK;;;;;;x;
EVTNAME999999;§Y$COUNTRY$§W репрессии.;OK;OK;OK;Aceptar;OK;Rendben;OK;;;;;;x;
EVTDESC999999;§Y$COUNTRY$§W репрессировали некоторых людей в своей стране. Кого это волнует?;OK;OK;OK;Aceptar;OK;Rendben;OK;;;;;;x;
EVTOPTA999999;Новая волна репрессий в §Y$COUNTRY$§W.;OK;OK;OK;Aceptar;OK;Rendben;OK;;;;;;x;
EVTNAME999980;$COUNTRY$ вынуждена прекратить войну.;OK;OK;OK;Aceptar;OK;Rendben;OK;;;;;;x;
EVTDESC999980;$FROMCOUNTRY$ заставили $COUNTRY$ прекратить войну со своими друзьями.;OK;OK;OK;Aceptar;OK;Rendben;OK;;;;;;x;
EVTNAME999979;Разрушение промышленности в $COUNTRY$.;OK;OK;OK;Aceptar;OK;Rendben;OK;;;;;;x;
EVTDESC999979;$FROMCOUNTRY$ уничтожил промышленность в провинциях, оккупированных $FROMCOUNTRY$.;OK;OK;OK;Aceptar;OK;Rendben;OK;;;;;;x;
EVTNAME999988;$FROMCOUNTRY_ADJ$ провокация обнаружена!;OK;OK;OK;Aceptar;OK;Rendben;OK;;;;;;x;
EVTNAME999987;Это случилось!;OK;OK;OK;Aceptar;OK;Rendben;OK;;;;;;x;
EVTDESC999987;Это случилось! Что бы это ни было.;OK;OK;OK;Aceptar;OK;Rendben;OK;;;;;;x;
EVTNAME999978;Армии $COUNTRY_ADJ$ уничтожены.;OK;OK;OK;Aceptar;OK;Rendben;OK;;;;;;x;
EVTDESC999978; Из-за недавнего поражения правительство $COUNTRY_ADJ$ вынуждено замолчать.;OK;OK;OK;Aceptar;OK;Rendben;OK;;;;;;x;
EVTNAME999977;$COUNTRY$ получает деинсталляцию коммунизма CB.;OK;OK;OK;Aceptar;OK;Rendben;OK;;;;;;x;
EVTDESC999977;$COUNTRY$ должна свергнуть коммунистическое правительство $FROMCOUNTRY$;OK;OK;OK;Aceptar;OK;Rendben;OK;;;;;;x;
EVTNAME999976;Коммунистическая агрессия;OK;OK;OK;Aceptar;OK;Rendben;OK;;;;;;x;
EVTDESC999976;Революционные орды попытаются свергнуть наш образ жизни;OK;OK;OK;Aceptar;OK;Rendben;OK;;;;;;x;
EVTNAME999975;Фашистская агрессия;OK;OK;OK;Aceptar;OK;Rendben;OK;;;;;;x;
EVTDESC999975;Фашисты напали на нас, стремясь обеспечить дополнительное пространство для роста своего населения.;OK;OK;OK;Aceptar;OK;Rendben;OK;;;;;;x;
EVTNAME999974;Объявлена война.;OK;OK;OK;Aceptar;OK;Rendben;OK;;;;;;x;
EVTDESC999974;$COUNTRY$ атакует $FROMCOUNTRY$;OK;OK;OK;Aceptar;OK;Rendben;OK;;;;;;x;
EVTNAME999973;Получен ультиматум $FROMCOUNTRY_ADJ$.;OK;OK;OK;Aceptar;OK;Rendben;OK;;;;;;x;
EVTDESC999973;$FROMCOUNTRY$ требуют военного прохода из $COUNTRY$.;OK;OK;OK;Aceptar;OK;Rendben;OK;;;;;;x;
EVTOPTA999973;$COUNTRY$ предоставляет военный доступ $FROMCOUNTRY$.;OK;OK;OK;Aceptar;OK;Rendben;OK;;;;;;x;
EVTOPTB999973; Нет, не надо. $COUNTRY$ отклонила ультиматум $FROMCOUNTRY_ADJ$.;OK;OK;OK;Aceptar;OK;Rendben;OK;;;;;;x;
EVTNAME999971;Демократия на марше;OK;OK;OK;Aceptar;OK;Rendben;OK;;;;;;x;
EVTDESC999971;...;OK;OK;OK;Aceptar;OK;Rendben;OK;;;;;;x;
EVTNAME999970;Война закончилась;OK;OK;OK;Aceptar;OK;Rendben;OK;;;;;;x;
EVTDESC999970;$COUNTRY$ останется во власти победителя.;OK;OK;OK;Aceptar;OK;Rendben;OK;;;;;;x;
EVTNAME999969;Борьба за Африку;OK;OK;OK;Aceptar;OK;Rendben;OK;;;;;;x;
EVTDESC999969;Какой-то ГП хочет колонизировать наши земли.;OK;OK;OK;Aceptar;OK;Rendben;OK;;;;;;x;
AntiCommunistIntervention;Удалить коммунизм;;;;;;;;;;;;;x;
AntiCommunistIntervention_desc;Свергните коммунистическое правительство, рабы получат свободу, заплатят репарации и разоружатся.;;;;;;;;;;;;;x;
AntiCommunistIntervention_short;Удалить коммунизм;;;;;;;;;;;;;x;
AntiCommunistIntervention_setup;Свергните коммунистическое правительство, рабы получат свободу, заплатят репарации и разоружатся.;OK;OK;OK;Aceptar;OK;Rendben;OK;;;;;;x;
StopBrownPlague;Удалить фашизм;;;;;;;;;;;;;x;
StopBrownPlague_desc;Свергнуть фашистское правительство, порабощенные люди получат свободу, заплатят репарации и разоружатся.;;;;;;;;;;;;;x;
StopBrownPlague_short;Удалить фашизм;;;;;;;;;;;;;x;
StopBrownPlague_setup;Устранить фашистское правительство, все порабощенные люди получат свободу, заплатят репарации и разоружатся.;OK;OK;OK;Aceptar;OK;Rendben;OK;;;;;;x;
LivingSpace;Жилое пространство;;;;;;;;;;;;;x;
LivingSpace_desc;Нашему народу нужно больше места для жизни. Так давайте его возьмем!;;;;;;;;;;;;;x;
LivingSpace_short;Жилое пространство;;;;;;;;;;;;;x;
LivingSpace_setup;Нашему народу нужно больше места для жизни. Так давайте его возьмем!;OK;OK;OK;Aceptar;OK;Rendben;OK;;;;;;x;
WorldRevolt;Мировая коммунистическая революция;;;;;;;;;;;;;x;
WorldRevolt_desc;Мировая коммунистическая революция — единственное будущее, которого мы хотим. Побежденные присоединятся к КОМИНТЕРНУ.;;;;;;;;;;;;;x;
WorldRevolt_short;Мировая коммунистическая революция;;;;;;;;;;;;;x;
WorldRevolt_setup;Мировая коммунистическая революция — единственное будущее, которого мы хотим. Побежденные присоединятся к КОМИНТЕРНУ.;OK;OK;OK;Aceptar;OK;Rendben;OK;;;;;;x;
reparation;Компенсация военных расходов;;;;;;;;;;;;;x;
reparation_desc;Требуйте возмещения военных расходов.;;;;;;;;;;;;;x;
reparation_short;Компенсация военных расходов;;;;;;;;;;;;;x;
reparation_setup;Требуйте возмещения военных расходов.;OK;OK;OK;Aceptar;OK;Rendben;OK;;;;;;x;
stop_war;Остановить войну;;;;;;;;;;;;;x;
stop_war_desc;Перестань сражаться с моими врагами.;;;;;;;;;;;;;x;
stop_war_short;Остановить войну;;;;;;;;;;;;;x;
stop_war_setup;Перестань сражаться с моими врагами.;OK;OK;OK;Aceptar;OK;Rendben;OK;;;;;;x;
EVTOPTC70000;Расширить рабство и превратить в колонию;;;;;;;;;;;;;x;
EVTOPTD70000;Не распространять рабство и не превращать в колонию;;;;;;;;;;;;;x;
EVTNAME70000;Решите будущее $STATE$!;OK;OK;OK;Aceptar;OK;Rendben;OK;;;;;;x;
EVTDESC70000; Еще одна поразительная победа $COUNTRY$ сегодня, поскольку теперь стало ясно, что $STATE$ будет включен в состав $COUNTRY_ADJ$. \n Сейчас нам нужно решить, какое будущее ждет эту землю. \n (Обратите внимание, что рабство будет работать только в том случае, если оно будет разрешено.);Encore une victoire stupefiante pour $COUNTRY$ aujourd'hui, comme il est maintenant devenu clair que $STATE$ sera, comme cela ete attendu depuis un certain temps, repris dans le patrimoine $COUNTRY_ADJ$ avec tous les droits d'un Etat national. Un point qui reste a regler est, cependant, la question de l'esclavage. L'esclavage ne peut etre etendu dans notre pays, et la question sur la table est de savoir si nous souhaitons proroger l'institution de $STATE$, ou non ? ;Heute hat $COUNTRY$ einen weiteren beeindruckenden Sieg erreicht, da nun feststeht, dass $STATE$, wie bereits seit einiger Zeit erwartet wurde, mit vollen Rechten nationaler Eigenstaatlichkeit in das $COUNTRY_ADJ$ Patrimonium aufgenommen werden wird. Die Sklaverei stellt das einzig noch verbleibende Problem dar. Die Sklaverei konnte in unserem Land weiter verbreitet werden, und die Frage ist, ob wir ihre Institution auf $STATE$ ausdehnen sollen oder nicht.;;Hoy se ha producido otra asombrosa victoria para $COUNTRY$, pues ya ha quedado claro que, como ya se venia esperando, $STATE$ pasara a formar parte de la nacion $COUNTRY_ADJ$ con plenos derechos y condicion de estado nacional. Sin embargo, una cuestion que todavia queda por zanjar es el asunto de la esclavitud. La esclavitud puede expandirse por nuestro pais, y la cuestion sobre la mesa es si queremos que la institucion abarque a $STATE$, o no?;;;;;;;;;x;
NNN;Никогда не приземляйтесь — просто игнорируйте это.;;;;;;;;;;;;;x;
EVTNAME999967;Законченное состояние преобразования в колонию.;;;;;;;;;;;;;x;
EVTDESC999967;У людей в колониях нет прав на голосование, производство продукции, получение социальных благ.;;;;;;;;;;;;;x;
WW1_NAME;Первая мировая война;;;;;;;;;;;;;x;
WW1_DESC;Мир на грани войны. Европа находится в двух союзах: Центральные державы Австро-Венгрии и Германии, и Тройственное согласие Великобритании, Франции и России. В Америке Мексика в смятении. США — это сила на подъеме, с сильным лидером Вудро Вильсоном и процветающей экономикой. В Азии Япония — еще одна восходящая держава, стремящаяся навязать свое правление и увеличить свои колониальные владения по всей Азии. Россия — медведь Европы, но недавно подверглась восстанию, вызванному катастрофической войной с Японией. Однако они по-прежнему представляют угрозу, с которой нужно считаться, поскольку их армия является одной из крупнейших, что компенсирует ее технологическую и тактическую отсталость. Германия — лучшая военная машина на планете, но ее тянет вниз угасающая держава, Австро-Венгрия. Балканы, регион, полный расовых беспорядков и напряженности, в последние годы почти довели Европу до войны и вполне могут стать искрой, которая зажжет огонь, надвигающийся на рассвете.;Besoins satisfaits a moins de;Erfullte Bedurfnisse weniger als;;Necesidades satisfechas a menos de;;;;;;;;x;;
british;Английский;Britannique;Britisch;;Britanica;;;;;;;;;x;
EVTNAME999968;1914 г. Инициализация продолжается.;;;;;;;;;;;;;x;
EVTDESC999968;;;;;;;;;;;;;;x;
EVTNAME999966;1914 г. Начало инициализации.;;;;;;;;;;;;;x;
EVTDESC999966;;;;;;;;;;;;;;x;
EVTNAME999965;Немецкие мелкие ядра удалены.;;;;;;;;;;;;;x;
EVTDESC999965;В результате объединения Германии мелкие германские государства пришли в упадок.;;;;;;;;;;;;;x;
EVTNAME999964;1914 г. Инициализация завершена.;;;;;;;;;;;;;x;
EVTDESC999964;;;;;;;;;;;;;;x;
WW14_NAME; Первая мировая война началась;;;;;;;;;;;;;x;
WW14_DESC; Альфа версия;;;;;;;;;;;;;x;
EVTNAME999963;Революционная Армия;;;;;;;;;;;;;x;
EVTDESC999963;Мы больше не коммунисты. Революционная армия расформирована;;;;;;;;;;;;;x;
EVTNAME999962;$COUNTRY$ решает будущее созданных ими марионеточных правительств.;;;;;;;;;;;;;x;
EVTDESC999962;Аннексировать их или нет? Они наша добыча.;;;;;;;;;;;;;x;
OPTA999962;Присоединить их;;;;;;;;;;;;;x;
OPTB999962;Оставьте все как есть;;;;;;;;;;;;;x;
EVTNAME999961;Эпоха деколонизации;;;;;;;;;;;;;x;
EVTDESC999961;После Второй мировой войны колонизированные народы были разочарованы своим статусом. Это приведет к массовым освободительным движениям;;;;;;;;;;;;;x;
EVTNAME999960;Настраивать;;;;;;;;;;;;;x;
EVTDESC999960;Только это;;;;;;;;;;;;;x;
EVTNAME999959;Коричневая чума;;;;;;;;;;;;;x;
EVTDESC999959;Мы больше не фашисты. Наша страна будет демилитаризована.;;;;;;;;;;;;;x;
heavy_industry_focus;Тяжелая промышленность;;;;;;;;;;;;;x;
consumer_goods_focus;Потребительские товары;;;;;;;;;;;;;x;
immigration_colonization_focus;Иммиграция и колонизация;;;;;;;;;;;;;x;
inner_immigration;Внутренняя миграция;;;;;;;;;;;;;x;
mechanical_industry_focus;Машиностроительная промышленность;;;;;;;;;;;;;x;
oil_focus;Нефтяная промышленность;;;;;;;;;;;;;x;
new_armaments_focus;Новое вооружение;;;;;;;;;;;;;x;
furniture_focus;Мебельная промышленность;;;;;;;;;;;;;x;
bottling_focus;Разливочная промышленность;;;;;;;;;;;;;x;
