spacecolonists;Космические колонисты;;;;;;;;;;;;;x;
create_space_agency_title;Найдено $COUNTRY_ADJ$ Космическое агентство;;;;;;;;;;;;;x;
create_space_agency_desc;У нас есть технологии и ресурсы, чтобы начать исследовать огромные просторы космоса. Кто знает, какие секреты ждут своего открытия там.;;;;;;;;;;;;;x;
start_space_mission_title;Нанимайте космических колонистов;;;;;;;;;;;;;x;
start_space_mission_desc;Чтобы колонизировать другие планеты, нам нужны самые лучшие и самые яркие представители нашей нации.;;;;;;;;;;;;;x;
mars_colony_title;Колонизируйте Марс;;;;;;;;;;;;;x;
mars_colony_desc;У нас есть технологии и ресурсы для создания и поддержания постоянного поселения $COUNTRY_ADJ$ на Марсе, что, несомненно, поможет нашим научным исследованиям, а долгосрочная эксплуатация ресурсов планеты может оказаться чрезвычайно прибыльной.;;;;;;;;;;;;;x;
moon_colony_title;Колонизируйте Луну;;;;;;;;;;;;;x;
moon_colony_desc;У нас есть технологии и ресурсы для создания и поддержания постоянного поселения $COUNTRY_ADJ$ на Луне, что, несомненно, поможет нашим научным исследованиям, а долгосрочная эксплуатация ресурсов спутника может оказаться чрезвычайно прибыльной.;;;;;;;;;;;;;x;
mars_colony_dispute;Спор о марсианской колонии;;;;;;;;;;;;;x;
mars_colony_dispute_desc;Потребуйте, чтобы эта страна удалила всех колонистов с Марса.;;;;;;;;;;;;;x;
mars_colony_dispute_setup;Потребуйте, чтобы эта страна удалила всех колонистов с Марса.;;;;;;;;;;;;;x;
mars_colony_dispute_short;Марсианский спор;;;;;;;;;;;;;x;
moon_colony_dispute;Спор о лунной колонии;;;;;;;;;;;;;x;
moon_colony_dispute_desc;Потребуйте, чтобы эта страна удалила всех колонистов с Луны.;;;;;;;;;;;;;x;
moon_colony_dispute_setup;Потребуйте, чтобы эта страна удалила всех колонистов с Луны.;;;;;;;;;;;;;x;
moon_colony_dispute_short;Лунный спор;;;;;;;;;;;;;x;
walked_on_moon;Ходил по Луне;;;;;;;;;;;;;x;
EVTNAME170003;$COUNTRY_ADJ$ Первый человек на Луне!;;;;;;;;;;;;;x;
EVTDESC170003;Космическое агентство $COUNTRY_ADJ$ успешно высадило первого человека на Луну, человека из $COUNTRY$!;;;;;;;;;;;;;x;
EVTOPTA170003;Это один маленький шаг для человека, но гигантский скачок для человечества.;;;;;;;;;;;;;x;
EVTNAME170001;Космический корабль взрывается при запуске;;;;;;;;;;;;;x;
EVTDESC170001;Космический корабль, предназначенный для отправки астронавтов $COUNTRY_ADJ$ на Луну, взорвался при запуске. Расследование катастрофы показало, что причиной стало неисправное оборудование.;;;;;;;;;;;;;x;
EVTOPTA170001;Попробуйте еще раз;;;;;;;;;;;;;x;
EVTOPTB170001;Давайте сосредоточимся на земных делах.;;;;;;;;;;;;;x;
EVTNAME170002;Миссия по высадке на Луну затерялась на полпути;;;;;;;;;;;;;x;
EVTDESC170002;Взрыв нашего космического корабля, направлявшегося к Луне, привел к его распаду, а экипаж остался умирать одинокой смертью в пустоте космоса.;;;;;;;;;;;;;x;
EVTOPTA170002;Попробуйте еще раз;;;;;;;;;;;;;x;
EVTOPTB170002;Хватит об этом, давайте сосредоточимся на земных делах.;;;;;;;;;;;;;x;
EVTNAME170000;Космическая гонка началась;;;;;;;;;;;;;x;
EVTDESC170000;Технологические достижения открыли новый рубеж - космос. Ученые всех основных стран сейчас реализуют планы по отправке национальных активов на орбиту, чтобы их страна первой смогла воспользоваться преимуществами этих технологий. Самый амбициозный план - пилотируемая миссия на Луну и обратно, которая укрепит наше место в мире, а также предоставит ценные научные данные для наших исследователей.;;;;;;;;;;;;;x;
EVTOPTA170000;Мы выбираем полет на Луну!;;;;;;;;;;;;;x;
EVTOPTB170000;Воздержитесь пока;;;;;;;;;;;;;x;
EVTOPTC170000;Бессмысленное предприятие;;;;;;;;;;;;;x;
EVTNAME170010;Инцидент в колонии $COUNTRY_ADJ$ на Луне;;;;;;;;;;;;;x;
EVTDESC170010;Смутные сообщения о крупном инциденте дошли до нас из нашей колонии на Луне. Сообщается, что многие колонисты погибли, а многие получили ранения. Большинство наших ученых на Земле подозревают, что причиной стал удар астероида или отказ оборудования.;;;;;;;;;;;;;x;
EVTOPTA170010;Отправьте аварийно-спасательные бригады для оценки ущерба и оказания помощи колонии.;;;;;;;;;;;;;x;
EVTOPTB170010;Они предоставлены сами себе;;;;;;;;;;;;;x;
EVTNAME170011;Инцидент в марсианской колонии $COUNTRY_ADJ$;;;;;;;;;;;;;x;
EVTDESC170011;Смутные сообщения о крупном инциденте дошли до нас из нашей колонии на Марсе. Сообщается, что многие колонисты погибли, а многие получили ранения. Большинство наших ученых на Земле подозревают, что причиной стал сильный шторм, марсотрясение или отказ оборудования.;;;;;;;;;;;;;x;
EVTOPTA170011;Отправьте аварийно-спасательные бригады для оценки ущерба и оказания помощи колонии.;;;;;;;;;;;;;x;
EVTOPTB170011;Они предоставлены сами себе;;;;;;;;;;;;;x;
EVTNAME170012;Спор о Луне;;;;;;;;;;;;;x;
EVTDESC170012;Когда иностранец из другой близлежащей лунной колонии был пойман бродящим по коридорам камеры жизнеобеспечения, напряжение быстро возросло. Обвинения, бросаемые туда-сюда, настроили два тесно связанных сообщества друг против друга и привели к смерти молодой женщины $COUNTRY_ADJ$. Теперь она стала мученицей, и многие, включая наших колонистов, открыто призывают изгнать иностранную державу с Луны.;;;;;;;;;;;;;x;
EVTOPTA170012;Это не останется безнаказанным!;;;;;;;;;;;;;x;
EVTOPTB170012;Давайте не будем слишком остро реагировать.;;;;;;;;;;;;;x;
EVTNAME170013;Спор о Марсе;;;;;;;;;;;;;x;
EVTDESC170013;Когда чужестранца из другой близлежащей марсианской колонии поймали бродящим по коридорам камеры жизнеобеспечения, напряжение быстро возросло. Обвинения, бросаемые туда-сюда, настроили два тесно связанных сообщества друг против друга и привели к смерти молодой женщины $COUNTRY_ADJ$. Теперь она стала мученицей, и многие, включая наших колонистов, открыто призывают изгнать иностранную державу с Марса.;;;;;;;;;;;;;x;
EVTOPTA170013;Это не останется безнаказанным!;;;;;;;;;;;;;x;
EVTOPTB170013;Давайте не будем слишком остро реагировать.;;;;;;;;;;;;;x;
MOON_WAR_NAME;$ORDER$Война $ПЕРВОЙ$ Лунной Гегемонии;;;;;;;;;;;;;x;
MARS_WAR_NAME;$ORDER$Война $ПЕРВОЙ$ Марсианской Гегемонии;;;;;;;;;;;;;x;
militarise_mars_title;Милитаризовать Марс;;;;;;;;;;;;;x;
militarise_mars_desc;Наши марсианские колонии стали очень важны для нашей нации на протяжении многих лет, и после инцидентов с другими колониями было предложено создать марсианское подразделение вооруженных сил $COUNTRY_ADJ$. Эта так называемая «Марсианская гвардия» предотвратит дальнейшую эскалацию насилия на планете, но также может оттолкнуть ее жителей.;;;;;;;;;;;;;x;
EVTNAME170004;Основана первая лунная колония;;;;;;;;;;;;;x;
EVTDESC170004;$FROMCOUNTRY_ADJ$ организации сегодня объявили, что они успешно поселили первых людей на Луне. Луна, с ее значительно более низкой гравитацией, отсутствием атмосферы и уникальными геологическими особенностями, может оказаться бесценной для наших ученых, и ее пыльная почва, как говорят, скрывает множество редких ресурсов. Хотя только время покажет, стоило ли предприятие того, так называемые «космические колонисты», как говорят, взволнованы и полны решимости сделать это, это, несомненно, исторический момент!;;;;;;;;;;;;;x;
EVTOPTA170004;$COUNTRY$ правит Луной!;;;;;;;;;;;;;x;
EVTNAME170005;Первая лунная колония, основанная $FROMCOUNTRY$;;;;;;;;;;;;;x;
EVTDESC170005;$FROMCOUNTRY$ сегодня объявила, что организации $FROMCOUNTRY_ADJ$ окончательно поселили первых людей на Луне в рамках так называемой «экономической и научной миссии». Луна, с ее значительно меньшей гравитацией, чем у Земли, отсутствием атмосферы и уникальными геологическими особенностями, может оказаться бесценной для ученых $FROMCOUNTRY_ADJ$, а ее пыльная почва, как говорят, скрывает множество редких ресурсов. Хотя только время покажет, стоило ли предприятие того, так называемые «космические колонисты», как говорят, взволнованы и полны решимости сделать это, это, несомненно, исторический момент!;;;;;;;;;;;;;x;
EVTOPTA170005;Поразительно!;;;;;;;;;;;;;x;
EVTNAME170006;Основана первая марсианская колония;;;;;;;;;;;;;x;
EVTDESC170006;$FROMCOUNTRY_ADJ$ организации сегодня объявили, что они успешно высадили то, что должно стать первым постоянным поселением на Марсе. Марс, с его низкой гравитацией, тонкой атмосферой, уникальными геологическими особенностями и возможностью древней жизни, может оказаться бесценным для наших ученых. И его красная земля, как полагают, скрывает множество редких ресурсов. Хотя только время покажет, стоило ли предприятие того, так называемые «космические колонисты», как говорят, взволнованы и полны решимости сделать это, это, несомненно, исторический момент!;;;;;;;;;;;;;x;
EVTOPTA170006;Марс — это $COUNTRY_ADJ$!;;;;;;;;;;;;;x;
EVTNAME170007;Первая марсианская колония, основанная $FROMCOUNTRY$;;;;;;;;;;;;;x;
EVTDESC170007;$FROMCOUNTRY$ сегодня объявила, что организации $FROMCOUNTRY_ADJ$ успешно высадили то, что должно стать первым постоянным поселением на Марсе в рамках так называемой «экономической и научной миссии». Марс с его низкой гравитацией, разреженной атмосферой, уникальными геологическими особенностями и возможностью древней жизни может оказаться бесценным для ученых $FROMCOUNTRY_ADJ$, а его красная земля, как полагают, скрывает множество редких ресурсов. Хотя только время покажет, стоило ли предприятие того, так называемые «космические колонисты», как говорят, взволнованы и полны решимости сделать это, это, несомненно, исторический момент!;;;;;;;;;;;;;x;
EVTOPTA170007;Впечатляющий;;;;;;;;;;;;;x;
