MYSTRAS_NAME;Византия (Игра «Что если»);;;;;;x;;,,,,,,,,,,,,,,,,,,,,,,,,,,,,,,,,,,;;;;;;;;;;;;;;;;;;;
MYSTRAS_DESC;Прошло ровно 150 лет с момента падения Константинополя под натиском османов в 1453 году. После падения и смерти Константиноса Палеолога его братья заключили сделку с султаном и сумели сохранить свой родной замок в Мистре и отнятые у него земли. Они согласились стать вассалами Османской империи и помогать в ее военных операциях в качестве союзников. В те темные часы Византийская империя была почти забыта греческим населением. Вассальное государство Мистарс было всего лишь замком, а не империей. По крайней мере, так считал султан. Только скромная семья старого императора Константиноса Палеолога продолжала считать себя наследниками престола Константинополя. И то только в своих частных разговорах. Тем не менее, в последующие годы Возрождения и Просвещения им удалось сохранить свою византийскую идентичность и укрепить византийскую идентичность своего народа. Но турки достигли своего предела. С этого момента они могут только спускаться вниз. Австрийцы, поддерживаемые армиями Великой Испанской империи, уже начали возвращать свои территории в центральной Европе. Теперь семья Палеологов ждет подходящего момента....!!;;;;;;x;;,,,,,,,,,,,,,,,,,,,,,,,,,,,,,,,,;;;;;;;;;;;;;;;;;;;
BM_ENLIGHTDESC;В Британии бездетная смерть королевы Елизаветы и восшествие на английский престол Якова VI Шотландского объединили короны Британии, заложив основы для того, что впоследствии стало Соединенным Королевством Великобритании. На континенте бушуют непрерывные религиозные и имперские конфликты, даже когда турки напирают на самые ворота Вены. Впервые в истории европейские войны перенесены за океан, поскольку испанцы, французы, англичане и голландцы соперничают за право стать правителями Нового Света и его безграничных богатств. Тем временем Итальянское Возрождение, продвигаемое на Север и подкрепленное протестантской Реформацией, породило новый образ мышления в Северной Европе, что привело к Просвещению. Новые способы жить, править и вести войну ежедневно открываются величайшими умами в истории. Это век славы, и сейчас, как никогда, удача сопутствует смелым.;x;;;;;;;;;;;;;;;;;;;;;;;;;;
BM_EMPNAME;Империя;;;;;;x;;,,,,,,,,,,,,,,,,,,,,,,,,,,,,,,,,,,;;;;;;;;;;;;;;;;;;;
BM_EMPDESC;Европейские нации сражались друг с другом в течение 14 долгих лет в войне за испанское наследство. Теперь, когда армии и делегации возвращаются домой, раскрывается истинный масштаб имперских амбиций, которые Европа преследовала последние сто лет. Британия, объединенная под одним флагом с 1707 года, выросла из европейской страны с умеренным влиянием в глобальную империю, контролирующую большую часть мировой торговли и, за счет большей части Европы, даже доступ к Средиземному морю. Ее тринадцать американских колоний, возможно, самые густонаселенные имперские территории, доминируют на восточных берегах североамериканского континента и вносят огромный вклад в богатство Британии. Действительно, Атлантический треугольник, в котором торговцы приобретают рабов в Африке для использования на американских плантациях, продукция которых затем отправляется в британские порты, такие как Ливерпуль, оказывается чрезвычайно прибыльным. И все же, несмотря на все свое богатство, Британия все еще не является безраздельно властвующей. Французские владения простираются от Канады на юг до Нового Орлеана, а испанцы и португальцы практически поделили между собой оставшуюся часть Нового Света. Это соревнование и тот факт, что новые территории открываются и колонизируются каждый день, наверняка заставят эти имперские державы снова вступить в войну. И победителю достаются трофеи.;;;;;;x;;,,,,,,,,,,,,,,,,,,,,,,;;;;;;;;;;;;;;;;;;;
AMWI_NAME;Американская революция;;;;;;x;;,,,,,,,,,,,,,,,,,,,,,,,,,,,,,,,,,,;;;;;;;;;;;;;;;;;;;
AMWI_DESC;На дворе 1764 год. После Семилетней войны, которая закончилась всего год назад Парижским мирным договором, Британия получила контроль над большей частью Северной Америки от своих французских и испанских соперников. Несмотря на эту победу Империи, среди жителей Тринадцати колоний растет недовольство. За все их заслуги перед британской короной во время Франко-индейских войн и до них, кажется, что они всегда вознаграждаются только все возрастающим презрением и правовыми ограничениями. Хотя не все разделяют это чувство, для многих свободнорожденных американцев, воспитанных на ценностях британского Просвещения, существует нарастающее противоречие между либеральными идеалами, проповедуемыми в Британии, и политикой, применяемой в колониях. Для других разговоры об аболиционизме в высшем обществе Англии и перспектива мира с коренными американцами, похоже, угрожают образу жизни на американском Юге и фронтире. Идея о том, что колонии, да и американцы, могли бы добиться гораздо большего успеха самостоятельно, начинает распространяться даже среди более привилегированных слоев американского общества. А вот воплотится ли эта идея в реальность, будет ли она забыта или будет использована в других целях, решать вам.;;;;;;x;;,,,,,,,,,,,,,,,,,,,,,,,,,,;;;;;;;;;;;;;;;;;;;
RON_NAME;Возвышение Наполеона;;;;;;x;;,,,,,,,,,,,,,,,,,,,,,,,,,,,,,,,,,,;;;;;;;;;;;;;;;;;;;
RON_DESC;Европа в смятении. Огонь либерализма, который опрокинул тысячелетнюю французскую монархию, поглотил своего хозяина. Французская республика в результате войны и гражданских беспорядков находилась в полном хаосе. Столкнувшись с банкротством, врагами со всех сторон и слабым, непопулярным правительством внутри страны, Франция была готова к захвату любым амбициозным революционером. Это произошло в лице Наполеона Бонапарта, довольно компетентного генерала, который в 1799 году вернулся из своей египетской кампании и был встречен как герой в Париже. Он быстро приступил к свержению правительства и утвердился в качестве диктатора. Хотя Франция больше не была республикой, она не избавилась от своих либеральных притворств. Напротив, при Наполеоне французская армия теперь более решительна и более способна, чем когда-либо, свергнуть то, что ее революционеры считают устаревшими тираническими правительствами по всей Европе. Сцена готова для наполеоновских войн.;;;;;;x;;,,,,,,,,,,,,,,,,,,,,,,;;;;;;;;;;;;;;;;;;;
NAPEUR_NAME;Европа Наполеона;;;;;;x;;,,,,,,,,,,,,,,,,,,,,,,,,,,,,,,,,,,;;;;;;;;;;;;;;;;;;;
NAPEUR_DESC;Цель Наполеона Бонапарта по объединению Европы близка к завершению. Наполеоновская Франция либо аннексировала, либо сделала своими государствами-клиентами большинство стран Европы. Единственными крупными странами, которые остались противостоять Наполеону, являются Австрийская империя, Российская империя, Швеция и Соединенное Королевство. Только время покажет, какая сторона победит.;;;;;;x;;,,,,,,,,,,,,,,,,,,,,,,,,,,,,,,,;;;;;;;;;;;;;;;;;;;
VICERA_NAME;Викторианская эпоха;;;;;;x;;,,,,,,,,,,,,,,,,,,,,,,,,,,,,,,,,,,;;;;;;;;;;;;;;;;;;;
VICERA_DESC;Считалось, что идеалы Французской революции встретили свою окончательную кончину от рук Старых режимов Европы. Пламя революции, возможно, уже погасло, но идеи национализма и либерализма никогда не умрут. В эту новую эру беспрецедентного технологического прогресса будут брошены сомнения на непреложные истины, которые существовали с незапамятных времен. Далеко-далеко, за соленой пеной, манят богатства Азии и Африки. Маэстро, выбирай свой инструмент и дай музыке заиграть.;Le calme est revenu a Waterloo ou les ideaux de la Revolution francaise semblaient avoir pris fin aux mains des anciens regimes d'Europe. Apres les tribulations des guerres napoleoniennes, le consensus etabli au Congres de Vienne permit de retablir un calme relatif sur un continent en proie aux troubles. Bien que les flammes de la revolution aient ete, pour un temps, etouffees, les ideaux de liberte, de nationalisme et de liberalisme ne tarderent pas a se reveler plus vivants que jamais. En Amerique, ces memes ideaux menacent de plonger la jeune republique dans les tumultes d'une guerre civile. La princesse Victoria a 16 ans et va bientot acceder au trone britannique, le plus grand empire industriel que le monde ait jamais connu. Cette accession, pour un regne aussi long que prospere, marque le debut d'une ere qui va durer jusqu'a la Premiere Guerre mondiale. Au cours de cette nouvelle ere de progres technologiques sans precedent, les certitudes de temps immemoriaux laisseront places a des doutes.;Der Staub uber den Feldern von Waterloo, wo die Ideale der franzosischen Revolution vermeintlich durch die Hande der alten europaischen Regimes fielen, hat sich gelegt. Nach den Sorgen der napoleonischen Kriege hat der auf dem Wiener Kongress erreichte Konsens einem aufgewuhlten Kontinent vorubergehend Ruhe verschafft. Obwohl die Flammen der Revolution nun vorerst erloschen sind, werden die Ideen menschliche Freiheit, Nationalismus und Liberalismus sich schon bald lebendiger als je zuvor zeigen. In den Amerikas drohen dieselben Ideen, eine junge Republik in die Verheerungen eines Burgerkriegs zu sturzen. Prinzessin Victoria ist 16 Jahre alt und wird schon bald den Thron Grossbritanniens besteigen, der grossten Industriemacht, die es jemals gegeben hat. Ihre Thronbesteigung, Auftakt einer langen und erfolgreichen Regentschaft, markiert den Beginn eines Zeitalters, das sich bis zum ersten Weltkrieg erstreckt. In dieser Ara unubertroffener technologischer Fortschritte werden vielen althergebrachte Bestimmtheiten angezweifelt werden und neue Dogmen ihre Platze einnehmen. Weit entfernt warten die Reichtumer Asiens und Afrikas und das Herz der Finsternis darauf, endlich auch im Konzert Europas besungen zu werden. Maestro, wahlen Sie Ihr Instrument, und lassen Sie die Musik spielen.;;Parecia que los ideales de la Revolucion Francesa habian encontrado su fin a manos de los estados del Antiguo Regimen de Europa. Las llamas de la revolucion pueden haberse apagado por ahora, pero las ideas del nacionalismo y el liberalismo no moriran nunca. En esta nueva era de progreso tecnologico sin precedentes, se plantearan dudas sobre certezas que han permanecido inalterables desde tiempos inmemoriales. Muy lejos, mas alla del mar, se hallan las riquezas de Asia y Africa. Maestro, elija su instrumento y que empiece la musica.;;;;;;;;;x;;;;;;;;;;;;;;
ACW_NAME;Разделенный дом;Une Maison Divisee;Ein geteiltes Haus;;;;;;;;;;;x,,,,,,,,,,,,,,,,,,,,,,,,,,,,,,,,,,;;;;;;;;;;;;;;
ACW_DESC;Гражданская война бушует в Северной Америке, поскольку Конферентные Штаты пытаются отделиться от Союза. Исход неопределен, но это уже обещает быть новым типом войны, поскольку обе стороны имеют доступ к железным дорогам, телеграфу и многозарядным винтовкам. Тем временем в Европе Великобритания экспериментирует с первым военным кораблем с паровым двигателем в железном корпусе, комбинация, которая обещает произвести революцию в войне на море. Во всем мире промышленная революция набирает обороты, поскольку все больше и больше стран начинают индустриализацию. Времена меняются.;La Guerre Civile fait rage en Amerique du Nord alors que les Etats Confederes tentent de faire secession de l'Union. Le denouement est incertain, mais avec l'acces qu'ont les deux camps aux chemins de fer, aux telegraphes et aux fusils a repetition, ce sera une guerre d'un nouveau type. Pendant ce temps, en Europe, la Grande-Bretagne est en train d’experimenter le premier navire de guerre avec coque en acier et propulsion a vapeur, combinaison qui promet de revolutionner le cours de la guerre navale. Dans le monde entier, la revolution industrielle gagne du terrain et de plus en plus de pays commencent a s'industrialiser. Les temps changent...;Der Sezessionskrieg tobt in Nordamerika, da die konfoderierten Staaten versuchen, sich von der Union abzuspalten. Der Ausgang ist ungewiss, doch es verspricht schon jetzt eine neue Art des Krieges zu werden, da beide Seiten Zugriff auf Eisenbahn, Telegram;;;;;;;;;;;,,,,,,,,,,,,,,,,;x
FRA-PRU_NAME;Франко-прусская война;;;;;;;;x;;,,,,,,,,,,,,,,,,,,,;;;;;;;;;;;;;;;;;
FRA-PRU_DESC;Франко-прусская война или Франко-германская война, часто называемая во Франции войной 1870 года, была конфликтом между двумя великими державами континентальной Европы, Второй Французской империей и немецкими государствами Северогерманского союза во главе с Королевством Пруссия. После Австро-прусской войны 1866 года Пруссия аннексировала многочисленные территории и образовала Северогерманский союз. Это дестабилизировало европейский баланс сил, установленный Венским конгрессом в 1815 году. Конфликт, который начался как простое дипломатическое недоразумение. Превратившись в кровавый конфликт между ними, французский страх за объединенную Германию и растущее требование немцев объединить оставшиеся немецкие государства становятся главной заботой о сохранении длительного мира в Европе, изменение баланса сил еще предстоит узнать, но одно можно сказать наверняка, если какая-либо из сторон победит, будет доминировать в континентальной Европе и навсегда изменит баланс сил.;;;;;;;;;;;;;;;;;;;;;;;;;;x;,,,,,,,,,,,,,,,,,,,,,,,,,
WW1_NAME;Великая война;x;;;;;;;;;;;;;;;;;;;;;;;;;;
WW1_DESC;Состояние мира в Европе сегодня хрупкое. Великие державы 1910 года — Франция, Великобритания, Германия, Австро-Венгрия и Россия — организовали систему союзов, чтобы сохранить баланс сил на континенте. Мощь Германии также значительно возросла с момента их объединения всего за несколько десятилетий до этого, и быстрое развитие этой новой державы хорошо послужило тому, чтобы напугать ее конкурентов. Тем временем в балканских государствах Австро-Венгрия, Сербия и другие страны агрессивно конкурируют за господство в регионе. Это лишь вопрос времени, когда Европа погрузится во тьму войны, и мы должны подготовиться.;x;;;;;;;;;;;;;;;;;;;;;;;;;;
INW_NAME;Межвоенный период;;;;;;x;;,,,,,,,,,,,,,,,,,,,,,,,,,,,,,,,,,,;;;;;;;;;;;;;;;;;;;
INW_DESC;Война 1914 года и гражданская война в России закончились. Германская империя, Австро-Венгерская империя, Османская империя и Российская империя больше не существуют. Современные угрозы миру — это уже не монархические империи. Теперь нам следует беспокоиться о подъеме коммунизма и фашизма.;;;;;;x;;,but ,,,,,,,,,,,,,,,,,,,,,,,,,,,,,,,;;;;;;;;;;;;;;;;;;;
ESP_NAME;Гражданская война в Испании;;;;;;x;;,,,,,,,,,,,,,,,,,,,,,,,,,,,,,,,,,,;;;;;;;;;;;;;;;;;;;
ESP_DESC;Группа генералов испанской армии восстала против Второй Испанской республики. Мятежный переворот был поддержан рядом консервативных групп, включая Испанскую конфедерацию автономного правого крыла, монархистов, таких как карлисты, и фашистскую Фалангу. 19 апреля 1937 года генерал Франсиско Франко сумел объединить Фалангу и монархические партии Карлистов в одну партию под своим правлением.;;;;;;x;;,,,,,,,,,,,,,,,,,,,,,,,,,,,,,,;;;;;;;;;;;;;;;;;;;
WW2_NAME;Вторая мировая война;;;;;;x,,,,,,,,,,,,,,,,,,,,,,,,,,,,,,,,,,;;;;;;;;;;;;;;;;;;;;;
WW2_DESC;Обещания Гитлера оказались бесполезными, и Мюнхенское соглашение, обещавшее мир в наше время, было разорвано в течение 6 месяцев. Западные союзники готовились к войне, в то время как Советский Союз заключил пакт с дьяволом. Нападение Германии на Польшу означало войну. Чемберлен хотел «дожить до того дня, когда гитлеризм будет уничтожен и освобожденная Европа будет восстановлена». Он умрет до конца следующего года — мир займет больше времени.;;;;;;x,,,,,,,,,,,,,,,,,,,,,,,,,,,,,,,,;;;;;;;;;;;;;;;;;;;;;
CWB_NAME;Холодная война;;;;;;x,,,,,,,,,,,,,,,,,,,,,,,,,,,,,,,,,,;;;;;;;;;;;;;;;;;;;;;
CWB_DESC;От Штеттина на Балтике до Триеста на Адриатике железный занавес опустился на континент. За этой линией лежат все столицы древних государств Центральной и Восточной Европы. Варшава, Берлин, Прага, Вена, Будапешт, Белград, Бухарест и София, все эти знаменитые города и население вокруг них находятся в том, что я должен назвать советской сферой, и все они в той или иной форме подчинены не только советскому влиянию, но и очень высокой и, во многих случаях, возрастающей степени контроля со стороны Москвы. Какие бы выводы ни можно было сделать из этих фактов и фактов, это, безусловно, не та Освобожденная Европа, за создание которой мы боролись. И она не содержит в себе основ постоянного мира. -- Слова британского премьер-министра Уинстона Черчилля подчеркивают хрупкость этого нового мирового порядка. Хотя союзники победили нацистскую Германию во Второй мировой войне, теперь между ними и Советской империей существует новое противостояние.;;;;;;x,,,,,,,,,,,,,,,,,,,,,;;;;;;;;;;;;;;;;;;;;;
VIW_NAME;Война во Вьетнаме;;;;;;;;x;;,,,,,,,,,;;;;;;;;;;;;;;;;;
VIW_DESC;В 1963 году участие США во Вьетнаме усилилось после инцидента в Тонкинском заливе. США уже отправили военных советников, чтобы помочь Южному Вьетнаму защитить себя от коммунистического Севера, но в кульминационный момент этого инцидента. Прямое военное участие США начало свои сигналы. Успех был, говорят они, уроки должны быть извлечены во Вьетнаме, и они могут быть самыми болезненными.;;;;;x;;;,,,,,;;;;;;;;;;;;;;;;;;;
MOD_NAME;Новое Тысячелетие;;;;;;x,,,,,,,,,,,,,,,,,,,,,,,,,,,,,,,,,,;;;;;;;;;;;;;;;;;;;;;
MOD_DESC;Нью-Йорк, сердце капитализма. Фейерверки взлетают в небо, чтобы отпраздновать приход нового тысячелетия, полного оптимизма. Но также и конец насыщенного событиями и часто трагического тысячелетия, когда человечество столкнулось с самыми большими проблемами. Несмотря на все препятствия, Соединенные Штаты Америки вышли из 20-го века как единственная в мире сверхдержава. Под их руководством Запад победил фашизм и коммунизм и создал новый порядок, основанный на процветании, росте и свободе для себя. Однако весь мир не находится в мире. От Бейрута до Пекина миллионы людей по-прежнему подвергаются эксплуатации, как своими собственными, так и иностранными интересами. В результате многие испытывают глубокую обиду на этот новый мировой порядок под руководством Америки и его сравнительно беззаботных граждан. Угрозы терроризма и войны становятся все более угрожающими, поскольку технологии и радикализм, похоже, развиваются в том же темпе, и существует множество конфликтов, которые могут стать той роковой искрой, которая воспламенит мир.;;;;;;x,,,,,,,,,,,,,,,,,,,,,,,,,,,,,;;;;;;;;;;;;;;;;;;;;;
ISIS_NAME;Подъем ИГИЛ;;;;;;x,,,,,,,,,,,,,,,,,,,,,,,,,,,,,,,,,,;x
ISIS_DESC;На данный момент эта закладка находится здесь в целях моддинга.;;;;;;x,,,,,,,, ,, ,,,,,,,,,,,,,,,,,,,,,,,,;x
FUT_NAME;Будущее;;;;;;x,,,,,,,,,,,,,,,,,,,,,,,,,,,,,,,,,,;x
FUT_DESC;Всего через 23 года после обещания нового американского века Соединенные Штаты Америки представляют собой лишь тень себя прежнего. Более разделенное население, некомпетентные лидеры и растущий изоляционизм привели некогда великую мировую сверхдержаву к хаотичным нациям на грани новой гражданской войны. Даже тяжелые уроки 1861 года, кажется, почти забыты, поскольку старые различия между более консервативной и прогрессивной частью страны снова всплывают на поверхность. Тем временем за рубежом глобализация сделала капитализм единственным экономическим идеалом. Китай и остальные оставшиеся коммунистические страны Восточной Азии пережили мирную демократическую революцию после того, как их население потребовало большей открытости и большей демократии, и, похоже, Тяньаньмэнь стала основой этой революции. Но в то время как идеологические войны стали далеким воспоминанием, старые племенные конфликты этнического национализма разгораются с новой силой, подпитываемые экспоненциальным ростом новых динамичных экономик.;;;;;;x,,,,,,,,,,,,,,,,,,,,,,,,,,,,,,,;x
Enlightenment;Эпоха Просвещения;;;;;;x;;,,,,,,,,;;;;;;;;
Empire;Эпоха Империй;;;;;;x;;,,,,,,,,;;;;;;;;
GC_NAME;Великая Кампания;;;;;;x;;,,,,,,,,;;;;;;;;
GC_DESC;Классическое начало игры в 1836 году, весь мир открыт для вашей державы.;;;;;;x;;,,,,,,,,;;;;;;;;
