form_iberia_spa_title;Образуем Иберийский союз!;x;;
form_iberia_spa_desc;В течение многих лет Пиренейский полуостров был разделен между двумя странами, третья из которых занимала его самую южную часть, но мы изменили это и объединили иберийские страны в одну, и мы останемся ею, великой державой Европы в самой западной части континента.;x;;
form_iberia_por_title;Образуем Иберийский союз!;x;;
form_iberia_por_desc;В течение многих лет Пиренейский полуостров был разделен между двумя странами, третья из которых занимала его самую южную часть, но мы изменили это и объединили иберийские страны в одну, и мы останемся ею, великой державой Европы в самой западной части континента.;x;;
forming_thirteen_colonies_1_title;Создайте колонию Америка;x;;
forming_thirteen_colonies_1_desc;Захватив наши первые крупные колонии в Новом Свете, мы поняли, что полностью контролировать эти большие популяции из Европы практически невозможно, поэтому нам следует выбрать более простой подход и выбрать губернаторов, которые будут управлять нашими колониями под нашим руководством, конечно.;x;;
forming_thirteen_colonies_2_title;Передача Грузии колониальному руководству;x;;
forming_thirteen_colonies_2_desc;Поскольку мы колонизировали провинцию, которую назвали Джорджией, мы должны передать ее нашему стабильному и функциональному колониальному правительству со столицей в Вирджинии.;x;;
forming_thirteen_colonies_3_title;Передача Северной Каролины колониальному руководству;x;;
forming_thirteen_colonies_3_desc;Поскольку мы колонизировали северную часть провинции, которую назвали Каролиной, мы должны передать ее нашему стабильному и функциональному колониальному правительству со столицей в Вирджинии.;x;;
forming_thirteen_colonies_4_title;Передача Западной Вирджинии колониальному руководству;x;;
forming_thirteen_colonies_4_desc;Поскольку мы колонизировали западную часть Вирджинии, мы должны передать ее нашему стабильному и функциональному колониальному правительству со столицей в Вирджинии.;x;;
forming_thirteen_colonies_5_title;Передача Мэриленда колониальному руководству;x;;
forming_thirteen_colonies_5_desc;Поскольку мы колонизировали провинцию, которую назвали Мэриленд, мы должны передать ее нашему стабильному и функциональному колониальному правительству со столицей в Вирджинии.;x;;
forming_thirteen_colonies_6_title;Передача Пенсильвании колониальному руководству;x;;
forming_thirteen_colonies_6_desc;Поскольку мы колонизировали провинцию, которую назвали Пенсильванией, мы должны передать ее нашему стабильному и функциональному колониальному правительству со столицей в Вирджинии.;x;;
forming_thirteen_colonies_7_title;Передача Нью-Джерси колониальному руководству;x;;
forming_thirteen_colonies_7_desc;Поскольку мы колонизировали провинцию, которую назвали Нью-Джерси, мы должны передать ее нашему стабильному и функциональному колониальному правительству со столицей в Вирджинии.;x;;
forming_thirteen_colonies_8_title;Передача Нью-Йорка колониальному руководству;x;;
forming_thirteen_colonies_8_desc;Поскольку мы колонизировали провинцию, которую назвали Нью-Йорком, мы должны передать ее нашему стабильному и функциональному колониальному правительству со столицей в Вирджинии.;x;;
forming_thirteen_colonies_9_title;Передача Массачусетса колониальному руководству;x;;
forming_thirteen_colonies_9_desc;Поскольку мы колонизировали провинцию, которую назвали Массачусетсом, мы должны передать ее нашему стабильному и функциональному колониальному правительству со столицей в Вирджинии.;x;;
forming_thirteen_colonies_10_title;Передача Новой Англии колониальному руководству;x;;
forming_thirteen_colonies_10_desc;Поскольку мы колонизировали провинцию, которую назвали Новой Англией, мы должны передать ее нашему стабильному и функциональному колониальному правительству со столицей в Вирджинии.;x;;
forming_thirteen_colonies_main_title;Формирование тринадцати колоний;x;;
forming_thirteen_colonies_main_desc;Поскольку мы колонизировали большую часть свободных территорий на восточном побережье новой земли, наше первоначальное колониальное правительство оказалось перегружено контролем над этой огромной колонией, поэтому нам следует попытаться осуществить некоторые изменения и перестроить ее, чтобы она могла выполнять свое предназначение более эффективно, а также обеспечить ей свободное расширение на запад.;x;;
form_france_title; Великая Реставрация;x;;
form_france_desc;Триколор снова вывесили на всех общественных зданиях, и толпы французов со всех улиц государства обновились. В центре Парижа торжественно пронесли парадный штандарт. Viva la France!;x;;
form_danubia_title; Провозглашение Дунайской Федерации;x;;
form_danubia_desc; Наша великая и могучая империя, но в последние годы были очень сильны центробежные тенденции, потому что многие люди чувствовали себя угнетенными. Чтобы империя рухнула под собственной тяжестью, нужно предпринять шаги по децентрализации государственного аппарата и найти компромиссное решение, приемлемое для всех народов;x;;
form_durrani_empire_title; возрождение империи Дуррани;x;;
form_durrani_empire_desc; Хотя империя, созданная Ахмад-шахом, распалась на части, правители небольшого эмирата Ганзи вновь объединили разрозненные племена. Новой объединяющей силой выступил зарождающийся класс капиталистов, который помог правителю устранить мятежных лордов, как, впрочем, и верующих. Сегодня мы провозглашаем воссоздание Дурранийской империи — державы, которая идет в ногу со временем.;x;;
form_caucas_title;Конфедерация народов Кавказа;x;;
form_caucas_desc;Малые кавказские народы вели давнюю кровавую войну друг с другом, но оказавшись между двумя империями - Российской и Османской, народы Кавказа ускоренными темпами стали искать компромисс, который бы устроил всех. Теперь, когда мы контролируем большую часть наших гор, одно кавказское государство может материализоваться из мечты в реальность.;x;;
form_arabia_title; Арабское единство;x;;
form_arabia_desc;Идея панарабизма, выдвинутая мыслителями и религиозными деятелями, всегда волновала умы эмиров и султанов Ближнего Востока. Теперь, когда Османская империя ослабла и не является непреодолимым препятствием, а угроза вторжения христианских захватчиков заставляет забыть о внутреннем конфликте, восстановление единого арабского государства — лишь вопрос времени.;x;;
form_indonesia_title; Создание Индонезии;x;;
form_indonesia_desc;После освобождения Ост-Индии от голландского владычества сразу же возникла угроза со стороны Великобритании, Португалии и Японии, да и дряхлеющая империя Цин была не против легкой добычи. Чтобы сохранить свою независимость, маленькие островные азиаты создали единое государство — Индонезию.;x;;
form_gran_columbia_title; Возрождение Великой Колумбии;x;;
form_gran_columbia_desc; Великая Колумбия была основана в 1819 году южноамериканскими колонистами, положившими конец испанскому правлению, но корыстные интересы местных политиков взяли верх над сторонниками революционного единства. Сегодня мы продолжаем дело Симона Боливара и возрождаем единое государство во имя свободы всей Южной Америки!;x;;
form_maghreb_title;Единство Магриба;x;;
form_maghreb_desc; Изгнание экспедиционного корпуса европейских держав стало государственным праздником, но война выявила огромную техническую и культурную отсталость стран Магриба европейских держав и Османской империи. Чтобы выжить, мы должны закрыть этот разрыв, и первым шагом будет основание объединенных государств Магриба.;x;;
form_la_plata_title; восстановить штат Ла-Плата;x;;
form_la_plata_desc;Освободившись от колониального гнета, аргентинцы из-за амбиций власть имущих оказались разделены границами нескольких государств, но сегодня им суждено вновь стать единым народом, благодаря которому Ла-Плата займет свое законное место в мире.;x;;
form_turkestan_title; Создать единый Туркестан;x;;
form_turkestan_desc; Тюркские народы Средней Азии долгое время были разобщены, представляя собой лакомый кусок для таких сверхгигантов, как Российская империя и Китай, но теперь у нас есть надежда на независимость и процветание — единое Туркестанское государство.;x;;
form_babylonia_title; Создание Вавилонской империи.;x;;
form_babylonia_desc; между Тигром и Евфратом вновь обосновалось наше независимое государство, и мудрецы говорят: это знак свыше. Нам нужно сделать Багдад новой жемчужиной Вавилонской империи, воздвигнув башню над старой и объединив народы древнего царства.;x;;
form_union_latinoamericana_title; Латиноамериканский союз;x;;
form_union_latinoamericana_desc;У латиноамериканских народов общая история происхождения иберийских народов, но из-за мелочных интересов коррумпированных политиков и вмешательства третьих стран они долгое время были разделены. Но сегодня - исторический день и мечта Симона Боливара наконец осуществилась. Со временем сепаратизм! Ура, Союз! Да здравствует латиноамериканский союз!;x;;
restore_pbc_title; Перуано-боливийская конфедерация;x;;
restore_pbc_desc; После распада Перуано-Боливийской Конфедерации, в течение XIX века, Перу и Боливия вели множество междоусобных войн с целью восстановить ее, но уже под своим контролем. Однако ни одна из них не потерпела неудачу. Но теперь, когда как никогда острая опасность быть порабощенными другими странами, перуанцы и боливийцы отбросили свою вражду и вспомнили, что они — южные андцы! Да здравствует новая Перуано-Боливийская Конфедерация!;x;;
form_boer_federation_title;Образовать Бурскую федерацию;x;;
form_boer_federation_desc;Поскольку мы установили ведущее присутствие в Южной Африке с нашим независимым государством, объединяющим всех людей, которые считают себя бурами. Да здравствует независимость, да здравствует Федерация буров!;x;;
form_slavic_union_title;Образовать Славянский Союз;x;;
form_slavic_union_desc;Мы достигли доминирующего положения среди наших славянских братьев, и настало время повести наш народ к новой эпохе славы под флагом всех славян.;x;;
