african_independence_title_1;Колониальный сепаратизм растет;x;;
african_independence_desc_1;Следуя последним мировым тенденциям к деколонизации, местное население нашей колонии Анголы также создало сепаратистское движение, желая создать свою собственную свободную нацию.;x;;
african_independence_title_2;Колониальный сепаратизм растет;x;;
african_independence_desc_2;Следуя последним мировым тенденциям к деколонизации, местное население нашей колонии Бенин также создало сепаратистское движение, желая создать свою собственную свободную нацию.;x;;
african_independence_title_3;Колониальный сепаратизм растет;x;;
african_independence_desc_3;Следуя последним мировым тенденциям к деколонизации, местное население нашей колонии Бурунди также создало сепаратистское движение, желая создать свою собственную свободную страну.;x;;
african_independence_title_4;Колониальный сепаратизм растет;x;;
african_independence_desc_4;Следуя последним мировым тенденциям к деколонизации, местное население нашей колонии Ботсвана также создало сепаратистское движение, желая создать свою собственную свободную нацию.;x;;
african_independence_title_5;Колониальный сепаратизм растет;x;;
african_independence_desc_5;Следуя последним мировым тенденциям к деколонизации, местное население нашей колонии в Центральной Африке также создало сепаратистское движение, желая создать свою собственную свободную нацию.;x;;
african_independence_title_6;Колониальный сепаратизм растет;x;;
african_independence_desc_6;Следуя последним мировым тенденциям к деколонизации, местное население нашей колонии Чад также создало сепаратистское движение, желая создать свою собственную свободную нацию.;x;;
african_independence_title_7;Колониальный сепаратизм растет;x;;
african_independence_desc_7;Следуя последним мировым тенденциям к деколонизации, местное население нашей колонии Камерун также создало сепаратистское движение, желая создать свою собственную свободную нацию.;x;;
african_independence_title_8;Колониальный сепаратизм растет;x;;
african_independence_desc_8;Следуя последним мировым тенденциям к деколонизации, местное население нашей колонии Коморские острова также создало сепаратистское движение, желая создать свою собственную свободную нацию.;x;;
african_independence_title_9;Колониальный сепаратизм растет;x;;
african_independence_desc_9;Следуя последним мировым тенденциям к деколонизации, местное население нашей колонии Кот-д'Ивуар также создало сепаратистское движение, желая создать свою собственную свободную нацию.;x;;
african_independence_title_10;Колониальный сепаратизм растет;x;;
african_independence_desc_10;Следуя последним мировым тенденциям к деколонизации, местное население нашей колонии Джибути также создало сепаратистское движение, желая создать свою собственную свободную страну.;x;;
african_independence_title_11;Сформировано движение за отделение Эритреи;x;;
african_independence_desc_11;Новое движение было основано в нашей восточной стране, Эритрее, желающей создать свое собственное, свободное государство. Мы будем действовать осторожно.;x;;
african_independence_title_12;Колониальный сепаратизм растет;x;;
african_independence_desc_12;Следуя последним мировым тенденциям к деколонизации, местное население нашей колонии Экваториальной Гвинеи также создало сепаратистское движение, желая создать свою собственную свободную нацию.;x;;
african_independence_title_13;Колониальный сепаратизм растет;x;;
african_independence_desc_13;Следуя последним мировым тенденциям к деколонизации, местное население нашей колонии Фатсо также создало сепаратистское движение, желая создать свою собственную свободную нацию.;x;;
african_independence_title_14;Колониальный сепаратизм растет;x;;
african_independence_desc_14;Следуя последним мировым тенденциям к деколонизации, местное население в нашей колонии Габон также создало сепаратистское движение, желая создать свою собственную свободную нацию.;x;;
african_independence_title_15;Колониальный сепаратизм растет;x;;
african_independence_desc_15;Следуя последним мировым тенденциям к деколонизации, местное население нашей колонии Гамбии также создало сепаратистское движение, желая создать свою собственную свободную нацию.;x;;
african_independence_title_16;Колониальный сепаратизм растет;x;;
african_independence_desc_16;Следуя последним мировым тенденциям к деколонизации, местное население нашей колонии Ганы также создало сепаратистское движение, желая создать свою собственную свободную страну.;x;;
african_independence_title_17;Колониальный сепаратизм растет;x;;
african_independence_desc_17;Следуя последним мировым тенденциям к деколонизации, местное население нашей колонии Кении также создало сепаратистское движение, желая создать свою собственную свободную страну.;x;;
african_independence_title_18;Колониальный сепаратизм растет;x;;
african_independence_desc_18;Следуя последним мировым тенденциям к деколонизации, местное население нашей колонии Лесото также создало сепаратистское движение, желая создать свою собственную свободную нацию.;x;;
african_independence_title_19;Колониальный сепаратизм растет;x;;
african_independence_desc_19;Следуя последним мировым тенденциям к деколонизации, местное население нашей колонии Мавритании также создало сепаратистское движение, желая создать свою собственную свободную нацию.;x;;
african_independence_title_20;Колониальный сепаратизм растет;x;;
african_independence_desc_20;Следуя последним мировым тенденциям к деколонизации, местное население нашей колонии Мали также создало сепаратистское движение, желая создать свою собственную свободную нацию.;x;;
african_independence_title_21;Колониальный сепаратизм растет;x;;
african_independence_desc_21;Следуя последним мировым тенденциям к деколонизации, местное население нашей колонии Мозамбик также создало сепаратистское движение, желая создать свою собственную свободную страну.;x;;
african_independence_title_22;Колониальный сепаратизм растет;x;;
african_independence_desc_22;Следуя последним мировым тенденциям к деколонизации, местное население нашей колонии Малави также создало сепаратистское движение, желая создать свою собственную свободную нацию.;x;;
african_independence_title_23;Колониальный сепаратизм растет;x;;
african_independence_desc_23;Следуя последним мировым тенденциям к деколонизации, местное население нашей колонии Нигерии также создало сепаратистское движение, желая создать свою собственную свободную страну.;x;;
african_independence_title_24;Колониальный сепаратизм растет;x;;
african_independence_desc_24;Следуя последним мировым тенденциям к деколонизации, местное население нашей колонии Нигер также создало сепаратистское движение, желая создать свою собственную свободную нацию.;x;;
african_independence_title_25;Колониальный сепаратизм растет;x;;
african_independence_desc_25;Следуя последним мировым тенденциям к деколонизации, местное население нашей колонии Намибии также создало сепаратистское движение, желая создать свою собственную свободную нацию.;x;;
african_independence_title_26;Колониальный сепаратизм растет;x;;
african_independence_desc_26;Следуя последним мировым тенденциям к деколонизации, местное население нашей колонии Конго также создало сепаратистское движение, желая создать свою собственную свободную нацию.;x;;
african_independence_title_27;Колониальный сепаратизм растет;x;;
african_independence_desc_27;Следуя последним мировым тенденциям к деколонизации, местное население нашей колонии Руанда также создало сепаратистское движение, желая создать свою собственную свободную нацию.;x;;
african_independence_title_28;Колониальный сепаратизм растет;x;;
african_independence_desc_28;Следуя последним мировым тенденциям к деколонизации, местное население нашей колонии Сенегал также создало сепаратистское движение, желая создать свою собственную свободную нацию.;x;;
african_independence_title_29;Колониальный сепаратизм растет;x;;
african_independence_desc_29;Следуя последним мировым тенденциям к деколонизации, местное население нашей колонии Сомали также создало сепаратистское движение, желая создать свою собственную свободную страну.;x;;
african_independence_title_30;Колониальный сепаратизм растет;x;;
african_independence_desc_30;Следуя последним мировым тенденциям к деколонизации, местное население нашей колонии Сьерра-Леоне также создало сепаратистское движение, желая создать свою собственную свободную страну.;x;;
african_independence_title_31;Сепаратизм Южного Судана;x;;
african_independence_desc_31;Южная часть нашей страны, с момента отделения от Египта, пыталась отделиться от нас, создав свою собственную нацию, и теперь они ближе к этому, чем когда-либо. Мы будем следить за ними.;x;;
african_independence_title_32;Колониальный сепаратизм растет;x;;
african_independence_desc_32;Следуя последним мировым тенденциям к деколонизации, местное население нашей колонии Сан-Томе и Принсипи также создало сепаратистское движение, желая создать свою собственную свободную нацию.;x;;
african_independence_title_33;Колониальный сепаратизм растет;x;;
african_independence_desc_33;Следуя последним мировым тенденциям к деколонизации, местное население нашей колонии Судан также создало сепаратистское движение, желая создать свою собственную свободную страну.;x;;
african_independence_title_34;Колониальный сепаратизм растет;x;;
african_independence_desc_34;Следуя последним мировым тенденциям к деколонизации, местное население нашей колонии Свазиленд также создало сепаратистское движение, желая создать свою собственную свободную страну.;x;;
african_independence_title_35;Колониальный сепаратизм растет;x;;
african_independence_desc_35;Следуя последним мировым тенденциям к деколонизации, местное население нашей колонии Того также создало сепаратистское движение, желая создать свою собственную свободную нацию.;x;;
african_independence_title_36;Колониальный сепаратизм растет;x;;
african_independence_desc_36;Следуя последним мировым тенденциям к деколонизации, местное население нашей колонии Танзании также создало сепаратистское движение, желая создать свою собственную свободную нацию.;x;;
african_independence_title_37;Колониальный сепаратизм растет;x;;
african_independence_desc_37;Следуя последним мировым тенденциям к деколонизации, местное население нашей колонии Уганда также создало сепаратистское движение, желая создать свою собственную свободную нацию.;x;;
african_independence_title_38;Колониальный сепаратизм растет;x;;
african_independence_desc_38;Следуя последним мировым тенденциям к деколонизации, местное население нашей колонии Замбии также создало сепаратистское движение, желая создать свою собственную свободную нацию.;x;;
african_independence_title_39;Колониальный сепаратизм растет;x;;
african_independence_desc_39;Следуя последним мировым тенденциям к деколонизации, местное население нашей колонии Зимбабве также создало сепаратистское движение, желая создать свою собственную свободную страну.;x;;
EVTNAME271000;Ассоциация плантаторов;x;;
EVTDESC271000;Население Сейшельских островов чувствует себя забытым $COUNTRY$. В недавно созданной Ассоциации плантаторов поднимается агитация за большее представительство в управлении делами Сейшельских островов.;x;;
EVTOPTA271000;Мы все равно можем ими управлять, верно?;x;;
EVTDESC271000_NEWS_SHORT;Плантаторы на Сейшельских островах встречаются, чтобы обсудить будущее управление Сейшельскими островами.;x;;
EVTDESC271000_NEWS_MEDIUM;Население Сейшельских островов чувствует себя забытым $FROMCOUNTRY$. В недавно созданной Ассоциации плантаторов поднимается агитация за большее представительство в управлении делами Сейшельских островов.;x;;
EVTDESC271000_NEWS_LONG;Население Сейшельских островов чувствует себя обделенным вниманием со стороны $FROMCOUNTRY$. В недавно созданной Ассоциации плантаторов поднимается агитация за большее представительство в управлении делами Сейшельских островов. Мы надеемся, что это не затронет никакие другие колонии, как $FROMCOUNTRY$, так и $COUNTRY$.;x;;
