EVTNAME21600;Мега цунами;x;;
EVTDESC21600; Сэр! Кумбре Вьеха извергся и вызвал огромный оползень, который в свою очередь создал самую большую волну, когда-либо зафиксированную в истории человечества! У жителей Канарских островов не было шансов! Теперь он движется прямо в сторону Европы и Северной Америки!;x;;
EVTOPTA21600;Скорее к вертолету!;x;;
EVTNAME21610;Мега цунами;x;;
EVTDESC21610; Надвигается большая волна, сэр!;x;;
EVTOPTA21610;Скорее к вертолету!;x;;
EVTDESC21700; Смерчи вызвали хаос в провинции, в результате чего многие жители потеряли свои дома и бизнес. Местной экономике, скорее всего, понадобится несколько месяцев, чтобы восстановиться.;x;;
EVTOPTA21700;Давайте поможем, чем сможем.;x;;
EVTOPTB21700;Это просто ветер.;x;;
EVTOPTA21720;Очень хороший;x;;
tornado_devastation;Разрушительный торнадо;x;;
EVTDESC660000_NEWS_LONG;Это Армагеддон! Огромный астероид только что врезался в Землю и уничтожил большую часть жизни на планете.;x;;
EVTDESC660000_NEWS_MEDIUM;Крупный астероид только что врезался в Землю и уничтожил большую часть жизни на планете!;x;;
EVTDESC660000_NEWS_SHORT;В Землю только что врезался крупный астероид!;x;;
EVTNAME660000;Огромный астероид врезается в Землю;x;;
EVTDESC660000;Это Армагеддон! Большой астероид только что врезался в Землю и уничтожил большую часть жизни на планете. К счастью, мы предвидели это и переместили правящий класс страны в подземный бункер!;x;;
EVTOPTA660000;Мы восстановим!;x;;
EVTNAME660010;Огромный астероид врезается в Землю;x;;
EVTDESC660010;Это Армагеддон! Большой астероид только что врезался в Землю и уничтожил большую часть жизни на планете. К счастью, мы предвидели это и переместили правящий класс страны в подземный бункер!;x;;
EVTOPTA660010;Мы восстановим!;x;;
EVTDESC21600_NEWS_LONG;Мегацунами только что обрушилось на берега Северной Америки, Европы и Карибского бассейна. Есть опасения, что в результате катастрофы погибли миллионы людей.;x;;
EVTDESC21600_NEWS_MEDIUM;Мегацунами только что обрушилось на берега Северной Америки, Европы и Карибского бассейна. Есть опасения, что погибли миллионы людей.;x;;
EVTDESC21600_NEWS_SHORT;Мегацунами только что обрушилось на берега Северной Америки, Европы и Карибского бассейна.;x;;
province_flooded;Затопленный;x;;
EVTDESC660020_NEWS_LONG;$COUNTRY_ADJ$-отверженный был найден живым после кораблекрушения на необитаемом острове;x;;
EVTDESC660020_NEWS_MEDIUM;$COUNTRY_ADJ$-отверженный был найден живым после кораблекрушения на необитаемом острове;x;;
EVTDESC660020_NEWS_SHORT;$COUNTRY_ADJ$-отверженный был найден живым после кораблекрушения на необитаемом острове;x;;
