nuke_ABU_title;Нанести ядерный удар по Объединенным Арабским Эмиратам;;;;;;x
nuke_ABU_desc;Обрушьте ядерную ярость на наших врагов!;;;;;;x
nuke_AFG_title;Нанести ядерный удар по Афганистану;;;;;;x
nuke_AFG_desc;Обрушьте ядерную ярость на наших врагов!;;;;;;x
nuke_ALA_title;Нанести ядерный удар по Алабаме;;;;;;x
nuke_ALA_desc;Обрушьте ядерную ярость на наших врагов!;;;;;;x
nuke_ALB_title;Нанести ядерный удар по Албании;;;;;;x
nuke_ALB_desc;Обрушьте ядерную ярость на наших врагов!;;;;;;x
nuke_ALD_title;Нанести ядерный удар по Алжиру;;;;;;x
nuke_ALD_desc;Обрушьте ядерную ярость на наших врагов!;;;;;;x
nuke_ALS_title;Нанести ядерный удар по Эльзасу;;;;;;x
nuke_ALS_desc;Обрушьте ядерную ярость на наших врагов!;;;;;;x
nuke_ANG_title;Нанести ядерный удар по Анголе;;;;;;x
nuke_ANG_desc;Обрушьте ядерную ярость на наших врагов!;;;;;;x
nuke_ANH_title;Нанести ядерный удар по Анхальту;;;;;;x
nuke_ANH_desc;Обрушьте ядерную ярость на наших врагов!;;;;;;x
nuke_ANS_title;Нанести ядерный удар по Ансбаху;;;;;;x
nuke_ANS_desc;Обрушьте ядерную ярость на наших врагов!;;;;;;x
nuke_APC_title;Нанести ядерный удар по Apache;;;;;;x
nuke_APC_desc;Обрушьте ядерную ярость на наших врагов!;;;;;;x
nuke_ARA_title;Нанести ядерный удар по Аравии;;;;;;x
nuke_ARA_desc;Обрушьте ядерную ярость на наших врагов!;;;;;;x
nuke_ARG_title;Нанести ядерный удар по Аргентине;;;;;;x
nuke_ARG_desc;Обрушьте ядерную ярость на наших врагов!;;;;;;x
nuke_ARM_title;Нанести ядерный удар по Армении;;;;;;x
nuke_ARM_desc;Обрушьте ядерную ярость на наших врагов!;;;;;;x
nuke_AST_title;Нанести ядерный удар по Австралии;;;;;;x
nuke_AST_desc;Обрушьте ядерную ярость на наших врагов!;;;;;;x
nuke_ATJ_title;Нанести ядерный удар по Аджеху;;;;;;x
nuke_ATJ_desc;Обрушьте ядерную ярость на наших врагов!;;;;;;x
nuke_AUG_title;Нанести ядерный удар по Аугсбургу;;;;;;x
nuke_AUG_desc;Обрушьте ядерную ярость на наших врагов!;;;;;;x
nuke_AUS_title;Нанести ядерный удар по Австрии;;;;;;x
nuke_AUS_desc;Обрушьте ядерную ярость на наших врагов!;;;;;;x
nuke_AWA_title;Нанести ядерный удар по Аваду;;;;;;x
nuke_AWA_desc;Обрушьте ядерную ярость на наших врагов!;;;;;;x
nuke_AZB_title;Нанести ядерный удар по Азербайджану;;;;;;x
nuke_AZB_desc;Обрушьте ядерную ярость на наших врагов!;;;;;;x
nuke_BAD_title;Нанести ядерный удар по Бадену;;;;;;x
nuke_BAD_desc;Обрушьте ядерную ярость на наших врагов!;;;;;;x
nuke_BAL_title;Нанести ядерный удар по Бали;;;;;;x
nuke_BAL_desc;Обрушьте ядерную ярость на наших врагов!;;;;;;x
nuke_BAS_title;Нанести ядерный удар по Бастару;;;;;;x
nuke_BAS_desc;Обрушьте ядерную ярость на наших врагов!;;;;;;x
nuke_BAV_title;Нанести ядерный удар по Баварии;;;;;;x
nuke_BAV_desc;Обрушьте ядерную ярость на наших врагов!;;;;;;x
nuke_BDB_title;Нанести ядерный удар по Бранденбургу;;;;;;x
nuke_BDB_desc;Обрушьте ядерную ярость на наших врагов!;;;;;;x
nuke_BEL_title;Нанести ядерный удар по Бельгии;;;;;;x
nuke_BEL_desc;Обрушьте ядерную ярость на наших врагов!;;;;;;x
nuke_BEN_title;Нанести ядерный удар по Бенину;;;;;;x
nuke_BEN_desc;Обрушьте ядерную ярость на наших врагов!;;;;;;x
nuke_BER_title;Нанести ядерный удар по Бероде;;;;;;x
nuke_BER_desc;Обрушьте ядерную ярость на наших врагов!;;;;;;x
nuke_BHO_title;Нанести ядерный удар по Бхопалу;;;;;;x
nuke_BHO_desc;Обрушьте ядерную ярость на наших врагов!;;;;;;x
nuke_BHR_title;Нанести ядерный удар по Бахрейну;;;;;;x
nuke_BHR_desc;Обрушьте ядерную ярость на наших врагов!;;;;;;x
nuke_BHU_title;Нанести ядерный удар по Бутану;;;;;;x
nuke_BHU_desc;Обрушьте ядерную ярость на наших врагов!;;;;;;x
nuke_BIJ_title;Нанести ядерный удар по Биджапуру;;;;;;x
nuke_BIJ_desc;Обрушьте ядерную ярость на наших врагов!;;;;;;x
nuke_BIK_title;Нанести ядерный удар по Биканеру;;;;;;x
nuke_BIK_desc;Обрушьте ядерную ярость на наших врагов!;;;;;;x
nuke_BNG_title;Нанести ядерный удар по Бангладеш;;;;;;x
nuke_BNG_desc;Обрушьте ядерную ярость на наших врагов!;;;;;;x
nuke_BOE_title;Нанести ядерный удар по Бурской Федерации!;;;;;;x
nuke_BOE_desc;Обрушьте ядерную ярость на наших врагов!;;;;;;x
nuke_BOH_title;Нанести ядерный удар по Чехии;;;;;;x
nuke_BOH_desc;Обрушьте ядерную ярость на наших врагов!;;;;;;x
nuke_BOL_title;Нанести ядерный удар по Боливии;;;;;;x
nuke_BOL_desc;Обрушьте ядерную ярость на наших врагов!;;;;;;x
nuke_BOS_title;Нанести ядерный удар по Боснии и Герцеговине;;;;;;x
nuke_BOS_desc;Обрушьте ядерную ярость на наших врагов!;;;;;;x
nuke_BRA_title;Нанести ядерный удар по Брауншвейгу;;;;;;x
nuke_BRA_desc;Обрушьте ядерную ярость на наших врагов!;;;;;;x
nuke_BRC_title;Нанести ядерный удар по Британскому Содружеству;;;;;;x
nuke_BRC_desc;Обрушьте ядерную ярость на наших врагов!;;;;;;x
nuke_BRD_title;Нанести ядерный удар по Урунди;;;;;;x
nuke_BRD_desc;Обрушьте ядерную ярость на наших врагов!;;;;;;x
nuke_BRE_title;Нанести ядерный удар по Бремену;;;;;;x
nuke_BRE_desc;Обрушьте ядерную ярость на наших врагов!;;;;;;x
nuke_BRI_title;Нанести ядерный удар по Британской Федерации;;;;;;x
nuke_BRI_desc;Обрушьте ядерную ярость на наших врагов!;;;;;;x
nuke_BRU_title;Нанести ядерный удар по Брунее;;;;;;x
nuke_BRU_desc;Обрушьте ядерную ярость на наших врагов!;;;;;;x
nuke_BRT_title;Нанести ядерный удар по Бретани;;;;;;x
nuke_BRT_desc;Обрушьте ядерную ярость на наших врагов!;;;;;;x
nuke_BRZ_title;Нанести ядерный удар по Бразилии;;;;;;x
nuke_BRZ_desc;Обрушьте ядерную ярость на наших врагов!;;;;;;x
nuke_BSQ_title;Нанести ядерный удар по Басконии;;;;;;x
nuke_BSQ_desc;Обрушьте ядерную ярость на наших врагов!;;;;;;x
nuke_BUK_title;Нанести ядерный удар по Бухаре;;;;;;x
nuke_BUK_desc;Обрушьте ядерную ярость на наших врагов!;;;;;;x
nuke_BUL_title;Нанести ядерный удар по Болгарии;;;;;;x
nuke_BUL_desc;Обрушьте ядерную ярость на наших врагов!;;;;;;x
nuke_BUN_title;Нанести ядерный удар по Бунделькханду;;;;;;x
nuke_BUN_desc;Обрушьте ядерную ярость на наших врагов!;;;;;;x
nuke_BUR_title;Нанести ядерный удар по Бирме;;;;;;x
nuke_BUR_desc;Обрушьте ядерную ярость на наших врагов!;;;;;;x
nuke_BYE_title;Нанести ядерный удар по Беларуси;;;;;;x
nuke_BYE_desc;Обрушьте ядерную ярость на наших врагов!;;;;;;x
nuke_BYZ_title;Нанести ядерный удар по Византийской империи;;;;;;x
nuke_BYZ_desc;Обрушьте ядерную ярость на наших врагов!;;;;;;x
nuke_CAL_title;Нанести ядерный удар по Калифорнийской Республике;;;;;;x
nuke_CAL_desc;Обрушьте ядерную ярость на наших врагов!;;;;;;x
nuke_CAM_title;Нанести ядерный удар по Камбодже;;;;;;x
nuke_CAM_desc;Обрушьте ядерную ярость на наших врагов!;;;;;;x
nuke_CAN_title;Нанести ядерный удар по Канаде;;;;;;x
nuke_CAN_desc;Обрушьте ядерную ярость на наших врагов!;;;;;;x
nuke_CAR_title;Нанести ядерный удар по Центральноафриканской Республике;;;;;;x
nuke_CAR_desc;Обрушьте ядерную ярость на наших врагов!;;;;;;x
nuke_CAT_title;Нанести ядерный удар по Каталонии;;;;;;x
nuke_CAT_desc;Обрушьте ядерную ярость на наших врагов!;;;;;;x
nuke_CHD_title;Нанести ядерный удар по Чаду;;;;;;x
nuke_CHD_desc;Обрушьте ядерную ярость на наших врагов!;;;;;;x
nuke_CHE_title;Нанести ядерный удар по Чероки;;;;;;x
nuke_CHE_desc;Обрушьте ядерную ярость на наших врагов!;;;;;;x
nuke_CHI_title;Нанести ядерный удар по Китаю;;;;;;x
nuke_CHI_desc;Обрушьте ядерную ярость на наших врагов!;;;;;;x
nuke_CHL_title;Нанести ядерный удар по Чили;;;;;;x
nuke_CHL_desc;Обрушьте ядерную ярость на наших врагов!;;;;;;x
nuke_CLG_title;Нанести ядерный удар по Кельну;;;;;;x
nuke_CLG_desc;Обрушьте ядерную ярость на наших врагов!;;;;;;x
nuke_CLM_title;Нанести ядерный удар по Колумбии;;;;;;x
nuke_CLM_desc;Обрушьте ядерную ярость на наших врагов!;;;;;;x
nuke_CLV_title;Нанести ядерный удар по Клеве;;;;;;x
nuke_CLV_desc;Обрушьте ядерную ярость на наших врагов!;;;;;;x
nuke_CMC_title;Нанести ядерный удар по команчам;;;;;;x
nuke_CMC_desc;Обрушьте ядерную ярость на наших врагов!;;;;;;x
nuke_CMR_title;Нанести ядерный удар по Камеруну;;;;;;x
nuke_CMR_desc;Обрушьте ядерную ярость на наших врагов!;;;;;;x
nuke_CNG_title;Нанести ядерный удар по Конго;;;;;;x
nuke_CNG_desc;Обрушьте ядерную ярость на наших врагов!;;;;;;x
nuke_COA_title;Нанести ядерный удар по колониальной Америке;;;;;;x
nuke_COA_desc;Обрушьте ядерную ярость на наших врагов!;;;;;;x
nuke_COB_title;Нанести ядерный удар по Саксен-Кобург-Готе;;;;;;x
nuke_COB_desc;Обрушьте ядерную ярость на наших врагов!;;;;;;x
nuke_COL_title;Нанести ядерный удар по Колумбии;;;;;;x
nuke_COL_desc;Обрушьте ядерную ярость на наших врагов!;;;;;;x
nuke_COM_title;Нанести ядерный удар по Коморским островам;;;;;;x
nuke_COM_desc;Обрушьте ядерную ярость на наших врагов!;;;;;;x
nuke_COS_title;Нанести ядерный удар по Коста-Рике;;;;;;x
nuke_COS_desc;Обрушьте ядерную ярость на наших врагов!;;;;;;x
nuke_CRE_title;Нанести ядерный удар по Криту;;;;;;x
nuke_CRE_desc;Обрушьте ядерную ярость на наших врагов!;;;;;;x
nuke_CRI_title;Нанести ядерный удар по Крыму;;;;;;x
nuke_CRI_desc;Обрушьте ядерную ярость на наших врагов!;;;;;;x
nuke_CRK_title;Нанести ядерный удар по Крик;;;;;;x
nuke_CRK_desc;Обрушьте ядерную ярость на наших врагов!;;;;;;x
nuke_CRN_title;Нанести ядерный удар по Корнуоллу;;;;;;x
nuke_CRN_desc;Обрушьте ядерную ярость на наших врагов!;;;;;;x
nuke_CRS_title;Нанести ядерный удар по Корсике;;;;;;x
nuke_CRS_desc;Обрушьте ядерную ярость на наших врагов!;;;;;;x
nuke_DNB_title;Нанести ядерный удар по Дунайской Федерации!;;;;;;x
nuke_DNB_desc;Обрушьте ядерную ярость на наших врагов!;;;;;;x
nuke_DUR_title;Нанесите ядерный удар по Дуррани!;;;;;;x
nuke_DUR_desc;Обрушьте ядерную ярость на наших врагов!;;;;;;x
nuke_ENG_title;Нанести ядерный удар по Соединенному Королевству;;;;;;x
nuke_ENG_desc;Обрушьте ядерную ярость на наших врагов!;;;;;;x
nuke_ENL_title;Нанести ядерный удар по Англии;;;;;;x
nuke_ENL_desc;Обрушьте ядерную ярость на наших врагов!;;;;;;x
nuke_FRA_title;Нанести ядерный удар по Франции;;;;;;x
nuke_FRA_desc;Обрушьте ядерную ярость на наших врагов!;;;;;;x
nuke_GER_title;Нанести ядерный удар по Германии;;;;;;x
nuke_GER_desc;Обрушьте ядерную ярость на наших врагов!;;;;;;x
nuke_IBR_title;Нанесите ядерный удар по Иберии!;;;;;;x
nuke_IBR_desc;Обрушьте ядерную ярость на наших врагов!;;;;;;x
nuke_KWT_tilte;Нанести ядерный удар по Кувейту;;;;;;x
nuke_KWT_desc;Обрушьте ядерную ярость на наших врагов!;;;;;;x
nuke_KYR_tilte;Нанести ядерный удар по Кыргызстану;;;;;;x
nuke_KYR_desc;Обрушьте ядерную ярость на наших врагов!;;;;;;x
nuke_LPL_title;Нанесите ядерный удар по Ла-Плате!;;;;;;x
nuke_LPL_desc;Обрушьте ядерную ярость на наших врагов!;;;;;;x
nuke_MCD_tilte;Нанести ядерный удар по Македонии;;;;;;x
nuke_MCD_desc;Обрушьте ядерную ярость на наших врагов!;;;;;;x
nuke_MGH_title;Нанести ядерный удар по Магрибу!;;;;;;x
nuke_MGH_desc;Обрушьте ядерную ярость на наших врагов!;;;;;;x
nuke_PBC_title;Нанести ядерный удар по Конфедерации Перу и Боливии!;;;;;;x
nuke_PBC_desc;Обрушьте ядерную ярость на наших врагов!;;;;;;x
nuke_ROM_tilte;Нанести ядерный удар по Румынии;;;;;;x
nuke_ROM_desc;Обрушьте ядерную ярость на наших врагов!;;;;;;x
nuke_RUS_title;Нанести ядерный удар по России;;;;;;x
nuke_RUS_desc;Обрушьте ядерную ярость на наших врагов!;;;;;;x
nuke_SEY_title;Нанести ядерный удар по Сейшельским островам;;;;;;x
nuke_SEY_desc;Обрушьте ядерную ярость на наших врагов!;;;;;;x
nuke_SLA_title;Нанести ядерный удар по Славянскому союзу;;;;;;x
nuke_SLA_desc;Обрушьте ядерную ярость на наших врагов!;;;;;;x
nuke_TCA_title;Нанести ядерный удар по Закавказью!;;;;;;x
nuke_TCA_desc;Обрушьте ядерную ярость на наших врагов!;;;;;;x
nuke_TKS_title;Нанести ядерный удар по Туркестану!;;;;;;x
nuke_TKS_desc;Обрушьте ядерную ярость на наших врагов!;;;;;;x
nuke_TSW_title;Нанести ядерный удар по Ботсване;;;;;;x
nuke_TSW_desc;Обрушьте ядерную ярость на наших врагов!;;;;;;x
nuke_UKR_tilte;Нанести ядерный удар по Украине;;;;;;x
nuke_UKR_desc;Обрушьте ядерную ярость на наших врагов!;;;;;;x
nuke_ULA_title;Нанести ядерный удар по Латиноамериканскому Союзу!;;;;;;x
nuke_ULA_desc;Обрушьте ядерную ярость на наших врагов!;;;;;;x
nuke_USA_title;Нанести ядерный удар по Соединенным Штатам Америки;;;;;;x
nuke_USA_desc;Обрушьте ядерную ярость на наших врагов!;;;;;;x
nuke_UZB_tilte;Нанести ядерный удар по Узбекистану;;;;;;x
nuke_UZB_desc;Обрушьте ядерную ярость на наших врагов!;;;;;;x
